#
# There is insufficient memory for the Java Runtime Environment to continue.
# Native memory allocation (malloc) failed to allocate 1078336 bytes for Chunk::new
# Possible reasons:
#   The system is out of physical RAM or swap space
#   The process is running with CompressedOops enabled, and the Java Heap may be blocking the growth of the native heap
# Possible solutions:
#   Reduce memory load on the system
#   Increase physical memory or swap space
#   Check if swap backing store is full
#   Decrease Java heap size (-Xmx/-Xms)
#   Decrease number of Java threads
#   Decrease Java thread stack sizes (-Xss)
#   Set larger code cache with -XX:ReservedCodeCacheSize=
#   JVM is running with Zero Based Compressed Oops mode in which the Java heap is
#     placed in the first 32GB address space. The Java Heap base address is the
#     maximum limit for the native heap growth. Please use -XX:HeapBaseMinAddress
#     to set the Java Heap base and to place the Java Heap above 32GB virtual address.
# This output file may be truncated or incomplete.
#
#  Out of Memory Error (arena.cpp:189), pid=16284, tid=18992
#
# JRE version: Java(TM) SE Runtime Environment (17.0.12+8) (build 17.0.12+8-LTS-286)
# Java VM: Java HotSpot(TM) 64-Bit Server VM (17.0.12+8-LTS-286, mixed mode, sharing, tiered, compressed oops, compressed class ptrs, g1 gc, windows-amd64)
# No core dump will be written. Minidumps are not enabled by default on client versions of Windows
#

---------------  S U M M A R Y ------------

Command Line: --add-opens=java.base/java.lang=ALL-UNNAMED --add-opens=java.base/java.lang.invoke=ALL-UNNAMED --add-opens=java.base/java.util=ALL-UNNAMED --add-opens=java.prefs/java.util.prefs=ALL-UNNAMED --add-exports=jdk.compiler/com.sun.tools.javac.api=ALL-UNNAMED --add-exports=jdk.compiler/com.sun.tools.javac.util=ALL-UNNAMED --add-opens=java.base/java.util=ALL-UNNAMED --add-opens=java.prefs/java.util.prefs=ALL-UNNAMED --add-opens=java.base/java.nio.charset=ALL-UNNAMED --add-opens=java.base/java.net=ALL-UNNAMED --add-opens=java.base/java.util.concurrent.atomic=ALL-UNNAMED --add-opens=java.xml/javax.xml.namespace=ALL-UNNAMED -XX:+HeapDumpOnOutOfMemoryError -Xmx4096m -Dfile.encoding=windows-1252 -Duser.country=US -Duser.language=en -Duser.variant -javaagent:C:\Users\USER\.gradle\wrapper\dists\gradle-8.14.3-bin\cv11ve7ro1n3o1j4so8xd9n66\gradle-8.14.3\lib\agents\gradle-instrumentation-agent-8.14.3.jar org.gradle.launcher.daemon.bootstrap.GradleDaemon 8.14.3

Host: Intel(R) Core(TM) i5-8350U CPU @ 1.70GHz, 8 cores, 7G,  Windows 11 , 64 bit Build 26100 (10.0.26100.8246)
Time: Thu Apr 23 15:47:38 2026 E. Africa Standard Time elapsed time: 839.966982 seconds (0d 0h 13m 59s)

---------------  T H R E A D  ---------------

Current thread (0x000001f877c57820):  JavaThread "C2 CompilerThread2" daemon [_thread_in_native, id=18992, stack(0x0000001880c00000,0x0000001880d00000)]


Current CompileTask:
C2: 839967 67643       4       com.intellij.psi.impl.compiled.ClsJavaCodeReferenceElementImpl::<init> (172 bytes)

Stack: [0x0000001880c00000,0x0000001880d00000]
Native frames: (J=compiled Java code, j=interpreted, Vv=VM code, C=native code)
V  [jvm.dll+0x67a04a]
V  [jvm.dll+0x7da4ed]
V  [jvm.dll+0x7dbe33]
V  [jvm.dll+0x7dc4a3]
V  [jvm.dll+0x24508f]
V  [jvm.dll+0xab773]
V  [jvm.dll+0xabd3c]
V  [jvm.dll+0x2aa52f]
V  [jvm.dll+0x581eb9]
V  [jvm.dll+0x21f422]
V  [jvm.dll+0x21f81f]
V  [jvm.dll+0x218aa0]
V  [jvm.dll+0x215b65]
V  [jvm.dll+0x1a2960]
V  [jvm.dll+0x22610b]
V  [jvm.dll+0x2242ab]
V  [jvm.dll+0x79075c]
V  [jvm.dll+0x78abea]
V  [jvm.dll+0x678f35]
C  [ucrtbase.dll+0x37b0]
C  [KERNEL32.DLL+0x2e8d7]
C  [ntdll.dll+0x8c3fc]


---------------  P R O C E S S  ---------------

Threads class SMR info:
_java_thread_list=0x000001f884b89f30, length=203, elements={
0x000001f87d829010, 0x000001f87fe44530, 0x000001f87fe45b70, 0x000001f87fe5eea0,
0x000001f87fe63790, 0x000001f87fe64060, 0x000001f87fe65940, 0x000001f87fe66540,
0x000001f820938b80, 0x000001f820939c10, 0x000001f8209d4110, 0x000001f820b2f390,
0x000001f8670a6880, 0x000001f86684dde0, 0x000001f8209a8960, 0x000001f867687a60,
0x000001f8676856f0, 0x000001f867685c00, 0x000001f867686110, 0x000001f867687040,
0x000001f867687f70, 0x000001f867688480, 0x000001f8676851e0, 0x000001f867684cd0,
0x000001f867687550, 0x000001f867686b30, 0x000001f866944b00, 0x000001f866945010,
0x000001f866945520, 0x000001f866947890, 0x000001f866945f40, 0x000001f866946450,
0x000001f8669482b0, 0x000001f8669487c0, 0x000001f866948cd0, 0x000001f86694a620,
0x000001f866949c00, 0x000001f86694a110, 0x000001f8669491e0, 0x000001f866946e70,
0x000001f86694ba60, 0x000001f8669496f0, 0x000001f86694ab30, 0x000001f86694b550,
0x000001f86b0a39c0, 0x000001f86b0a5820, 0x000001f86b0a2070, 0x000001f86b0a5d30,
0x000001f86b0a34b0, 0x000001f86b0a2580, 0x000001f86b0a6240, 0x000001f86b0a43e0,
0x000001f86b0a3ed0, 0x000001f86b0a2a90, 0x000001f86b0a48f0, 0x000001f86b0a4e00,
0x000001f86b0a5310, 0x000001f86b0a6750, 0x000001f86b0a2fa0, 0x000001f86b0a85b0,
0x000001f86b0a80a0, 0x000001f86b0a7170, 0x000001f86b0a8ac0, 0x000001f86b0a8fd0,
0x000001f86b0a94e0, 0x000001f8695d51d0, 0x000001f8695d2e60, 0x000001f8695d42a0,
0x000001f8695d3370, 0x000001f8695d3880, 0x000001f8695d6610, 0x000001f8695d3d90,
0x000001f8695d7030, 0x000001f8695d5bf0, 0x000001f8695d7f60, 0x000001f8695d6100,
0x000001f8695d6b20, 0x000001f8695d56e0, 0x000001f8695d47b0, 0x000001f8695d7a50,
0x000001f8695da2d0, 0x000001f8695d8470, 0x000001f8695d8980, 0x000001f8695da7e0,
0x000001f8695d93a0, 0x000001f8695d8e90, 0x000001f8695d98b0, 0x000001f8695d9dc0,
0x000001f8680decf0, 0x000001f8680de2d0, 0x000001f8680dddc0, 0x000001f8680dc980,
0x000001f8680dce90, 0x000001f8680dd3a0, 0x000001f8680dc470, 0x000001f8680e29b0,
0x000001f8680e1060, 0x000001f8680e2ec0, 0x000001f8680e1f90, 0x000001f8680e1570,
0x000001f8680e38e0, 0x000001f8680e1a80, 0x000001f8680e24a0, 0x000001f86b4385c0,
0x000001f86b439a00, 0x000001f86b438fe0, 0x000001f86b437180, 0x000001f86b436c70,
0x000001f86b437690, 0x000001f86b4394f0, 0x000001f86b437ba0, 0x000001f86b438ad0,
0x000001f86b439f10, 0x000001f86b4380b0, 0x000001f86b436760, 0x000001f86b43a930,
0x000001f86b43cca0, 0x000001f86b43d1b0, 0x000001f86b43d6c0, 0x000001f86b43ae40,
0x000001f86b43dbd0, 0x000001f86b43a420, 0x000001f86b43e0e0, 0x000001f86b43c280,
0x000001f86b43b350, 0x000001f86b43b860, 0x000001f86b43bd70, 0x000001f86b43c790,
0x000001f869916bb0, 0x000001f869918500, 0x000001f869917ae0, 0x000001f869919e50,
0x000001f869919940, 0x000001f869918a10, 0x000001f86991c1c0, 0x000001f86991d600,
0x000001f86991b7a0, 0x000001f86991ad80, 0x000001f869ca8250, 0x000001f869ca9ba0,
0x000001f869caa5c0, 0x000001f869cadd70, 0x000001f869cace40, 0x000001f869cae790,
0x000001f874f18300, 0x000001f874f1c4d0, 0x000001f874f1b090, 0x000001f874f1cef0,
0x000001f874f1e330, 0x000001f874f1e840, 0x000001f869cad350, 0x000001f869cad860,
0x000001f869caeca0, 0x000001f873ba6680, 0x000001f873bab780, 0x000001f873ba89f0,
0x000001f874f19c50, 0x000001f874f1f260, 0x000001f874f1de20, 0x000001f874f1f770,
0x000001f874f1d910, 0x000001f873ba6170, 0x000001f873ba4820, 0x000001f874f18810,
0x000001f86b0a7680, 0x000001f878e07270, 0x000001f87881e860, 0x000001f8774b3a80,
0x000001f878e049f0, 0x000001f878e05e30, 0x000001f875e0d8f0, 0x000001f875e0ced0,
0x000001f878e05410, 0x000001f878e04f00, 0x000001f877777490, 0x000001f884b235d0,
0x000001f884b22bb0, 0x000001f8774b49b0, 0x000001f874f18d20, 0x000001f8746cf980,
0x000001f8746d0dc0, 0x000001f877d27a00, 0x000001f877775630, 0x000001f87741a180,
0x000001f8746d03a0, 0x000001f87447a3e0, 0x000001f8746ce030, 0x000001f8746cea50,
0x000001f877776560, 0x000001f869f40050, 0x000001f869f40560, 0x000001f874478fa0,
0x000001f873ba84e0, 0x000001f873ba8f00, 0x000001f8767de310, 0x000001f8746d12d0,
0x000001f875e0c9c0, 0x000001f874c8a4a0, 0x000001f874c8aec0, 0x000001f875fe1ee0,
0x000001f877fec0e0, 0x000001f8889dcec0, 0x000001f877c57820
}

Java Threads: ( => current thread )
  0x000001f87d829010 JavaThread "main" [_thread_blocked, id=18684, stack(0x00000018f3400000,0x00000018f3500000)]
  0x000001f87fe44530 JavaThread "Reference Handler" daemon [_thread_blocked, id=16416, stack(0x00000018f3b00000,0x00000018f3c00000)]
  0x000001f87fe45b70 JavaThread "Finalizer" daemon [_thread_blocked, id=1976, stack(0x00000018f3c00000,0x00000018f3d00000)]
  0x000001f87fe5eea0 JavaThread "Signal Dispatcher" daemon [_thread_blocked, id=12500, stack(0x00000018f3d00000,0x00000018f3e00000)]
  0x000001f87fe63790 JavaThread "Attach Listener" daemon [_thread_blocked, id=3008, stack(0x00000018f3e00000,0x00000018f3f00000)]
  0x000001f87fe64060 JavaThread "Service Thread" daemon [_thread_blocked, id=15388, stack(0x00000018f3f00000,0x00000018f4000000)]
  0x000001f87fe65940 JavaThread "Monitor Deflation Thread" daemon [_thread_blocked, id=15740, stack(0x00000018f4000000,0x00000018f4100000)]
  0x000001f87fe66540 JavaThread "C2 CompilerThread0" daemon [_thread_in_native, id=8348, stack(0x00000018f4100000,0x00000018f4200000)]
  0x000001f820938b80 JavaThread "C1 CompilerThread0" daemon [_thread_in_native, id=11632, stack(0x00000018f4200000,0x00000018f4300000)]
  0x000001f820939c10 JavaThread "Sweeper thread" daemon [_thread_blocked, id=19012, stack(0x00000018f4300000,0x00000018f4400000)]
  0x000001f8209d4110 JavaThread "Common-Cleaner" daemon [_thread_blocked, id=17076, stack(0x00000018f4400000,0x00000018f4500000)]
  0x000001f820b2f390 JavaThread "Notification Thread" daemon [_thread_blocked, id=18248, stack(0x00000018f4500000,0x00000018f4600000)]
  0x000001f8670a6880 JavaThread "Daemon health stats" [_thread_blocked, id=17672, stack(0x00000018f4c00000,0x00000018f4d00000)]
  0x000001f86684dde0 JavaThread "Incoming local TCP Connector on port 51897" [_thread_in_native, id=10156, stack(0x00000018f4d00000,0x00000018f4e00000)]
  0x000001f8209a8960 JavaThread "Daemon periodic checks" [_thread_blocked, id=9396, stack(0x00000018f4e00000,0x00000018f4f00000)]
  0x000001f867687a60 JavaThread "Daemon" [_thread_blocked, id=3224, stack(0x00000018f4f00000,0x00000018f5000000)]
  0x000001f8676856f0 JavaThread "Handler for socket connection from /127.0.0.1:51897 to /127.0.0.1:51898" [_thread_in_native, id=15124, stack(0x00000018f5000000,0x00000018f5100000)]
  0x000001f867685c00 JavaThread "Cancel handler" [_thread_blocked, id=3684, stack(0x00000018f5100000,0x00000018f5200000)]
  0x000001f867686110 JavaThread "Daemon worker" [_thread_blocked, id=4620, stack(0x00000018f5200000,0x00000018f5300000)]
  0x000001f867687040 JavaThread "Asynchronous log dispatcher for DefaultDaemonConnection: socket connection from /127.0.0.1:51897 to /127.0.0.1:51898" [_thread_blocked, id=14208, stack(0x00000018f5300000,0x00000018f5400000)]
  0x000001f867687f70 JavaThread "Stdin handler" [_thread_blocked, id=6576, stack(0x00000018f5400000,0x00000018f5500000)]
  0x000001f867688480 JavaThread "Daemon client event forwarder" [_thread_blocked, id=17596, stack(0x00000018f5500000,0x00000018f5600000)]
  0x000001f8676851e0 JavaThread "Cache worker for journal cache (C:\Users\USER\.gradle\caches\journal-1)" [_thread_blocked, id=19332, stack(0x00000018f5600000,0x00000018f5700000)]
  0x000001f867684cd0 JavaThread "File lock request listener" [_thread_in_native, id=16800, stack(0x00000018f5700000,0x00000018f5800000)]
  0x000001f867687550 JavaThread "Cache worker for file hash cache (C:\Users\USER\.gradle\caches\8.14.3\fileHashes)" [_thread_blocked, id=14924, stack(0x00000018f5800000,0x00000018f5900000)]
  0x000001f867686b30 JavaThread "Cache worker for file hash cache (D:\mifedha1a18\android\.gradle\8.14.3\fileHashes)" [_thread_blocked, id=6464, stack(0x00000018f5e00000,0x00000018f5f00000)]
  0x000001f866944b00 JavaThread "Cache worker for Build Output Cleanup Cache (D:\mifedha1a18\android\.gradle\buildOutputCleanup)" [_thread_blocked, id=12940, stack(0x00000018f5f00000,0x00000018f6000000)]
  0x000001f866945010 JavaThread "File watcher server" daemon [_thread_in_native, id=6684, stack(0x00000018f6000000,0x00000018f6100000)]
  0x000001f866945520 JavaThread "File watcher consumer" daemon [_thread_in_native, id=8696, stack(0x00000018f6100000,0x00000018f6200000)]
  0x000001f866947890 JavaThread "jar transforms" [_thread_blocked, id=16020, stack(0x00000018f6300000,0x00000018f6400000)]
  0x000001f866945f40 JavaThread "Cache worker for checksums cache (D:\mifedha1a18\android\.gradle\8.14.3\checksums)" [_thread_blocked, id=13984, stack(0x00000018f6200000,0x00000018f6300000)]
  0x000001f866946450 JavaThread "Cache worker for file content cache (C:\Users\USER\.gradle\caches\8.14.3\fileContent)" [_thread_blocked, id=8276, stack(0x00000018f6400000,0x00000018f6500000)]
  0x000001f8669482b0 JavaThread "Cache worker for cache directory md-supplier (C:\Users\USER\.gradle\caches\8.14.3\md-supplier)" [_thread_blocked, id=19060, stack(0x00000018f5d00000,0x00000018f5e00000)]
  0x000001f8669487c0 JavaThread "Cache worker for cache directory md-rule (C:\Users\USER\.gradle\caches\8.14.3\md-rule)" [_thread_blocked, id=7164, stack(0x00000018f6600000,0x00000018f6700000)]
  0x000001f866948cd0 JavaThread "Cache worker for Build Output Cleanup Cache (D:\mifedha1a18\node_modules\@react-native\gradle-plugin\.gradle\buildOutputCleanup)" [_thread_blocked, id=7768, stack(0x00000018f6a00000,0x00000018f6b00000)]
  0x000001f86694a620 JavaThread "Unconstrained build operations" [_thread_blocked, id=7724, stack(0x00000018f6c00000,0x00000018f6d00000)]
  0x000001f866949c00 JavaThread "Unconstrained build operations Thread 2" [_thread_blocked, id=15664, stack(0x00000018f6d00000,0x00000018f6e00000)]
  0x000001f86694a110 JavaThread "Unconstrained build operations Thread 3" [_thread_blocked, id=8396, stack(0x00000018f6e00000,0x00000018f6f00000)]
  0x000001f8669491e0 JavaThread "Unconstrained build operations Thread 4" [_thread_blocked, id=15356, stack(0x00000018f6f00000,0x00000018f7000000)]
  0x000001f866946e70 JavaThread "Unconstrained build operations Thread 5" [_thread_blocked, id=3664, stack(0x00000018f7000000,0x00000018f7100000)]
  0x000001f86694ba60 JavaThread "Unconstrained build operations Thread 6" [_thread_blocked, id=16512, stack(0x00000018f7100000,0x00000018f7200000)]
  0x000001f8669496f0 JavaThread "Cache worker for Build Output Cleanup Cache (D:\mifedha1a18\node_modules\expo-modules-autolinking\android\expo-gradle-plugin\.gradle\buildOutputCleanup)" [_thread_blocked, id=12748, stack(0x00000018f6b00000,0x00000018f6c00000)]
  0x000001f86694ab30 JavaThread "Unconstrained build operations Thread 7" [_thread_blocked, id=4828, stack(0x00000018f7400000,0x00000018f7500000)]
  0x000001f86694b550 JavaThread "Unconstrained build operations Thread 8" [_thread_blocked, id=6520, stack(0x00000018f7500000,0x00000018f7600000)]
  0x000001f86b0a39c0 JavaThread "Unconstrained build operations Thread 9" [_thread_blocked, id=16928, stack(0x00000018f7600000,0x00000018f7700000)]
  0x000001f86b0a5820 JavaThread "Unconstrained build operations Thread 10" [_thread_blocked, id=16324, stack(0x00000018f7700000,0x00000018f7800000)]
  0x000001f86b0a2070 JavaThread "Unconstrained build operations Thread 11" [_thread_blocked, id=15632, stack(0x00000018f7800000,0x00000018f7900000)]
  0x000001f86b0a5d30 JavaThread "Unconstrained build operations Thread 12" [_thread_blocked, id=17968, stack(0x00000018f7900000,0x00000018f7a00000)]
  0x000001f86b0a34b0 JavaThread "Unconstrained build operations Thread 13" [_thread_blocked, id=7608, stack(0x00000018f7a00000,0x00000018f7b00000)]
  0x000001f86b0a2580 JavaThread "Unconstrained build operations Thread 14" [_thread_blocked, id=18088, stack(0x00000018f7b00000,0x00000018f7c00000)]
  0x000001f86b0a6240 JavaThread "Unconstrained build operations Thread 15" [_thread_blocked, id=18024, stack(0x00000018f7c00000,0x00000018f7d00000)]
  0x000001f86b0a43e0 JavaThread "Unconstrained build operations Thread 16" [_thread_blocked, id=8208, stack(0x00000018f7d00000,0x00000018f7e00000)]
  0x000001f86b0a3ed0 JavaThread "Unconstrained build operations Thread 17" [_thread_blocked, id=4260, stack(0x00000018f7e00000,0x00000018f7f00000)]
  0x000001f86b0a2a90 JavaThread "Unconstrained build operations Thread 18" [_thread_blocked, id=15568, stack(0x00000018f7f00000,0x00000018f8000000)]
  0x000001f86b0a48f0 JavaThread "Unconstrained build operations Thread 19" [_thread_blocked, id=7468, stack(0x00000018f8000000,0x00000018f8100000)]
  0x000001f86b0a4e00 JavaThread "Unconstrained build operations Thread 20" [_thread_blocked, id=18032, stack(0x00000018f8100000,0x00000018f8200000)]
  0x000001f86b0a5310 JavaThread "Unconstrained build operations Thread 21" [_thread_blocked, id=6676, stack(0x00000018f8200000,0x00000018f8300000)]
  0x000001f86b0a6750 JavaThread "Unconstrained build operations Thread 22" [_thread_blocked, id=9240, stack(0x00000018f8300000,0x00000018f8400000)]
  0x000001f86b0a2fa0 JavaThread "Unconstrained build operations Thread 23" [_thread_blocked, id=5476, stack(0x00000018f8400000,0x00000018f8500000)]
  0x000001f86b0a85b0 JavaThread "Unconstrained build operations Thread 24" [_thread_blocked, id=18476, stack(0x00000018f8500000,0x00000018f8600000)]
  0x000001f86b0a80a0 JavaThread "Unconstrained build operations Thread 25" [_thread_blocked, id=8572, stack(0x00000018f8600000,0x00000018f8700000)]
  0x000001f86b0a7170 JavaThread "Unconstrained build operations Thread 26" [_thread_blocked, id=18608, stack(0x00000018f8700000,0x00000018f8800000)]
  0x000001f86b0a8ac0 JavaThread "Unconstrained build operations Thread 27" [_thread_blocked, id=6880, stack(0x00000018f8800000,0x00000018f8900000)]
  0x000001f86b0a8fd0 JavaThread "build event listener" [_thread_blocked, id=2600, stack(0x00000018f7300000,0x00000018f7400000)]
  0x000001f86b0a94e0 JavaThread "Memory manager" [_thread_blocked, id=18628, stack(0x00000018f8900000,0x00000018f8a00000)]
  0x000001f8695d51d0 JavaThread "Unconstrained build operations Thread 28" [_thread_blocked, id=5788, stack(0x00000018f8a00000,0x00000018f8b00000)]
  0x000001f8695d2e60 JavaThread "Unconstrained build operations Thread 29" [_thread_blocked, id=13864, stack(0x00000018f8b00000,0x00000018f8c00000)]
  0x000001f8695d42a0 JavaThread "Unconstrained build operations Thread 30" [_thread_blocked, id=17604, stack(0x00000018f8c00000,0x00000018f8d00000)]
  0x000001f8695d3370 JavaThread "Unconstrained build operations Thread 31" [_thread_blocked, id=16372, stack(0x00000018f8d00000,0x00000018f8e00000)]
  0x000001f8695d3880 JavaThread "Unconstrained build operations Thread 32" [_thread_blocked, id=9176, stack(0x00000018f8e00000,0x00000018f8f00000)]
  0x000001f8695d6610 JavaThread "Unconstrained build operations Thread 33" [_thread_blocked, id=17552, stack(0x00000018f8f00000,0x00000018f9000000)]
  0x000001f8695d3d90 JavaThread "Unconstrained build operations Thread 34" [_thread_blocked, id=19424, stack(0x00000018f9000000,0x00000018f9100000)]
  0x000001f8695d7030 JavaThread "build event listener" [_thread_blocked, id=1676, stack(0x00000018f9100000,0x00000018f9200000)]
  0x000001f8695d5bf0 JavaThread "Unconstrained build operations Thread 35" [_thread_blocked, id=16576, stack(0x00000018f9300000,0x00000018f9400000)]
  0x000001f8695d7f60 JavaThread "Unconstrained build operations Thread 36" [_thread_blocked, id=19128, stack(0x00000018f9400000,0x00000018f9500000)]
  0x000001f8695d6100 JavaThread "Unconstrained build operations Thread 37" [_thread_blocked, id=16404, stack(0x00000018f9500000,0x00000018f9600000)]
  0x000001f8695d6b20 JavaThread "Unconstrained build operations Thread 38" [_thread_blocked, id=16984, stack(0x00000018f9600000,0x00000018f9700000)]
  0x000001f8695d56e0 JavaThread "Unconstrained build operations Thread 39" [_thread_blocked, id=18896, stack(0x00000018f9700000,0x00000018f9800000)]
  0x000001f8695d47b0 JavaThread "Unconstrained build operations Thread 40" [_thread_blocked, id=9308, stack(0x00000018f9800000,0x00000018f9900000)]
  0x000001f8695d7a50 JavaThread "Unconstrained build operations Thread 41" [_thread_blocked, id=8188, stack(0x00000018f9900000,0x00000018f9a00000)]
  0x000001f8695da2d0 JavaThread "Unconstrained build operations Thread 42" [_thread_blocked, id=3320, stack(0x00000018f9a00000,0x00000018f9b00000)]
  0x000001f8695d8470 JavaThread "Unconstrained build operations Thread 43" [_thread_blocked, id=19364, stack(0x00000018f9b00000,0x00000018f9c00000)]
  0x000001f8695d8980 JavaThread "Unconstrained build operations Thread 44" [_thread_blocked, id=10144, stack(0x00000018f9c00000,0x00000018f9d00000)]
  0x000001f8695da7e0 JavaThread "Unconstrained build operations Thread 45" [_thread_blocked, id=15808, stack(0x00000018f9d00000,0x00000018f9e00000)]
  0x000001f8695d93a0 JavaThread "Unconstrained build operations Thread 46" [_thread_blocked, id=5488, stack(0x00000018f9e00000,0x00000018f9f00000)]
  0x000001f8695d8e90 JavaThread "Unconstrained build operations Thread 47" [_thread_blocked, id=8704, stack(0x00000018f9f00000,0x00000018fa000000)]
  0x000001f8695d98b0 JavaThread "Unconstrained build operations Thread 48" [_thread_blocked, id=8424, stack(0x00000018fa000000,0x00000018fa100000)]
  0x000001f8695d9dc0 JavaThread "Unconstrained build operations Thread 49" [_thread_blocked, id=8592, stack(0x00000018fa100000,0x00000018fa200000)]
  0x000001f8680decf0 JavaThread "Unconstrained build operations Thread 50" [_thread_blocked, id=2868, stack(0x00000018fa200000,0x00000018fa300000)]
  0x000001f8680de2d0 JavaThread "Unconstrained build operations Thread 51" [_thread_blocked, id=8840, stack(0x00000018fa300000,0x00000018fa400000)]
  0x000001f8680dddc0 JavaThread "Unconstrained build operations Thread 52" [_thread_blocked, id=5984, stack(0x00000018fa400000,0x00000018fa500000)]
  0x000001f8680dc980 JavaThread "Unconstrained build operations Thread 53" [_thread_blocked, id=18472, stack(0x00000018fa500000,0x00000018fa600000)]
  0x000001f8680dce90 JavaThread "Unconstrained build operations Thread 54" [_thread_blocked, id=10284, stack(0x00000018fa600000,0x00000018fa700000)]
  0x000001f8680dd3a0 JavaThread "Unconstrained build operations Thread 55" [_thread_blocked, id=18080, stack(0x00000018fa700000,0x00000018fa800000)]
  0x000001f8680dc470 JavaThread "ForkJoinPool.commonPool-worker-6" daemon [_thread_blocked, id=8864, stack(0x00000018fae00000,0x00000018faf00000)]
  0x000001f8680e29b0 JavaThread "Execution worker" [_thread_blocked, id=4596, stack(0x00000018fb200000,0x00000018fb300000)]
  0x000001f8680e1060 JavaThread "Execution worker Thread 2" [_thread_in_native, id=4640, stack(0x00000018fb300000,0x00000018fb400000)]
  0x000001f8680e2ec0 JavaThread "Execution worker Thread 3" [_thread_blocked, id=19232, stack(0x00000018fb400000,0x00000018fb500000)]
  0x000001f8680e1f90 JavaThread "Execution worker Thread 4" [_thread_blocked, id=15712, stack(0x00000018fb500000,0x00000018fb600000)]
  0x000001f8680e1570 JavaThread "Execution worker Thread 5" [_thread_blocked, id=19168, stack(0x00000018fb600000,0x00000018fb700000)]
  0x000001f8680e38e0 JavaThread "Execution worker Thread 6" [_thread_blocked, id=16000, stack(0x00000018fb700000,0x00000018fb800000)]
  0x000001f8680e1a80 JavaThread "Execution worker Thread 7" [_thread_blocked, id=8100, stack(0x00000018fb800000,0x00000018fb900000)]
  0x000001f8680e24a0 JavaThread "Cache worker for execution history cache (D:\mifedha1a18\node_modules\expo-modules-autolinking\android\expo-gradle-plugin\.gradle\8.14.3\executionHistory)" [_thread_blocked, id=3288, stack(0x00000018fb900000,0x00000018fba00000)]
  0x000001f86b4385c0 JavaThread "Cache worker for execution history cache (D:\mifedha1a18\node_modules\@react-native\gradle-plugin\.gradle\8.14.3\executionHistory)" [_thread_blocked, id=15036, stack(0x00000018fba00000,0x00000018fbb00000)]
  0x000001f86b439a00 JavaThread "Unconstrained build operations Thread 56" [_thread_blocked, id=7540, stack(0x00000018f7200000,0x00000018f7300000)]
  0x000001f86b438fe0 JavaThread "Unconstrained build operations Thread 57" [_thread_blocked, id=8776, stack(0x00000018f9200000,0x00000018f9300000)]
  0x000001f86b437180 JavaThread "Unconstrained build operations Thread 58" [_thread_blocked, id=16352, stack(0x00000018fbb00000,0x00000018fbc00000)]
  0x000001f86b436c70 JavaThread "Unconstrained build operations Thread 59" [_thread_blocked, id=18912, stack(0x00000018fbc00000,0x00000018fbd00000)]
  0x000001f86b437690 JavaThread "Unconstrained build operations Thread 60" [_thread_blocked, id=2404, stack(0x00000018fbd00000,0x00000018fbe00000)]
  0x000001f86b4394f0 JavaThread "Unconstrained build operations Thread 61" [_thread_blocked, id=18724, stack(0x00000018fbe00000,0x00000018fbf00000)]
  0x000001f86b437ba0 JavaThread "Unconstrained build operations Thread 62" [_thread_blocked, id=16192, stack(0x00000018fbf00000,0x00000018fc000000)]
  0x000001f86b438ad0 JavaThread "Unconstrained build operations Thread 63" [_thread_blocked, id=15752, stack(0x00000018fc000000,0x00000018fc100000)]
  0x000001f86b439f10 JavaThread "Unconstrained build operations Thread 64" [_thread_blocked, id=13276, stack(0x00000018fc100000,0x00000018fc200000)]
  0x000001f86b4380b0 JavaThread "Unconstrained build operations Thread 65" [_thread_blocked, id=14040, stack(0x00000018fc200000,0x00000018fc300000)]
  0x000001f86b436760 JavaThread "Unconstrained build operations Thread 66" [_thread_blocked, id=10172, stack(0x00000018fc300000,0x00000018fc400000)]
  0x000001f86b43a930 JavaThread "Unconstrained build operations Thread 67" [_thread_blocked, id=19052, stack(0x00000018fc400000,0x00000018fc500000)]
  0x000001f86b43cca0 JavaThread "Unconstrained build operations Thread 68" [_thread_blocked, id=10088, stack(0x00000018fc500000,0x00000018fc600000)]
  0x000001f86b43d1b0 JavaThread "Unconstrained build operations Thread 69" [_thread_blocked, id=18784, stack(0x00000018fc600000,0x00000018fc700000)]
  0x000001f86b43d6c0 JavaThread "Unconstrained build operations Thread 70" [_thread_blocked, id=12900, stack(0x00000018fc700000,0x00000018fc800000)]
  0x000001f86b43ae40 JavaThread "Unconstrained build operations Thread 71" [_thread_blocked, id=11440, stack(0x00000018fc800000,0x00000018fc900000)]
  0x000001f86b43dbd0 JavaThread "Unconstrained build operations Thread 72" [_thread_blocked, id=14536, stack(0x00000018fc900000,0x00000018fca00000)]
  0x000001f86b43a420 JavaThread "Unconstrained build operations Thread 73" [_thread_blocked, id=9592, stack(0x00000018fca00000,0x00000018fcb00000)]
  0x000001f86b43e0e0 JavaThread "Unconstrained build operations Thread 74" [_thread_blocked, id=16452, stack(0x00000018fcb00000,0x00000018fcc00000)]
  0x000001f86b43c280 JavaThread "Unconstrained build operations Thread 75" [_thread_blocked, id=12896, stack(0x00000018fcc00000,0x00000018fcd00000)]
  0x000001f86b43b350 JavaThread "Unconstrained build operations Thread 76" [_thread_blocked, id=11304, stack(0x00000018fcd00000,0x00000018fce00000)]
  0x000001f86b43b860 JavaThread "Unconstrained build operations Thread 77" [_thread_blocked, id=16316, stack(0x00000018fcf00000,0x00000018fd000000)]
  0x000001f86b43bd70 JavaThread "Unconstrained build operations Thread 78" [_thread_blocked, id=15028, stack(0x00000018fd000000,0x00000018fd100000)]
  0x000001f86b43c790 JavaThread "Unconstrained build operations Thread 79" [_thread_blocked, id=12252, stack(0x00000018fd100000,0x00000018fd200000)]
  0x000001f869916bb0 JavaThread "Unconstrained build operations Thread 80" [_thread_blocked, id=18792, stack(0x00000018fd200000,0x00000018fd300000)]
  0x000001f869918500 JavaThread "jar transforms Thread 2" [_thread_blocked, id=16464, stack(0x00000018fce00000,0x00000018fcf00000)]
  0x000001f869917ae0 JavaThread "Cache worker for Build Output Cleanup Cache (D:\mifedha1a18\node_modules\expo-modules-core\expo-module-gradle-plugin\.gradle\buildOutputCleanup)" [_thread_blocked, id=15972, stack(0x00000018fd300000,0x00000018fd400000)]
  0x000001f869919e50 JavaThread "Cache worker for Build Output Cleanup Cache (D:\mifedha1a18\node_modules\expo-updates\expo-updates-gradle-plugin\.gradle\buildOutputCleanup)" [_thread_blocked, id=11708, stack(0x00000018fd400000,0x00000018fd500000)]
  0x000001f869919940 JavaThread "build event listener" [_thread_blocked, id=3940, stack(0x00000018fd600000,0x00000018fd700000)]
  0x000001f869918a10 JavaThread "build event listener" [_thread_blocked, id=3428, stack(0x00000018fd500000,0x00000018fd600000)]
  0x000001f86991c1c0 JavaThread "jar transforms Thread 3" [_thread_blocked, id=17132, stack(0x00000018fd700000,0x00000018fd800000)]
  0x000001f86991d600 JavaThread "Cache worker for execution history cache (D:\mifedha1a18\node_modules\expo-modules-core\expo-module-gradle-plugin\.gradle\8.14.3\executionHistory)" [_thread_blocked, id=8556, stack(0x00000018fda00000,0x00000018fdb00000)]
  0x000001f86991b7a0 JavaThread "Cache worker for execution history cache (D:\mifedha1a18\node_modules\expo-updates\expo-updates-gradle-plugin\.gradle\8.14.3\executionHistory)" [_thread_blocked, id=13852, stack(0x00000018fdc00000,0x00000018fdd00000)]
  0x000001f86991ad80 JavaThread "jar transforms Thread 4" [_thread_blocked, id=18632, stack(0x00000018f3200000,0x00000018f3300000)]
  0x000001f869ca8250 JavaThread "jar transforms Thread 5" [_thread_blocked, id=18876, stack(0x00000018f3300000,0x00000018f3400000)]
  0x000001f869ca9ba0 JavaThread "jar transforms Thread 6" [_thread_blocked, id=11688, stack(0x00000018fd800000,0x00000018fd900000)]
  0x000001f869caa5c0 JavaThread "build event listener" [_thread_blocked, id=17564, stack(0x00000018fdd00000,0x00000018fde00000)]
  0x000001f869cadd70 JavaThread "jar transforms Thread 7" [_thread_blocked, id=9156, stack(0x00000018fde00000,0x00000018fdf00000)]
  0x000001f869cace40 JavaThread "jar transforms Thread 8" [_thread_blocked, id=12372, stack(0x00000018f4900000,0x00000018f4a00000)]
  0x000001f869cae790 JavaThread "Problems report writer" [_thread_blocked, id=6056, stack(0x00000018f6900000,0x00000018f6a00000)]
  0x000001f874f18300 JavaThread "pool-3-thread-1" [_thread_blocked, id=11124, stack(0x00000018fb000000,0x00000018fb100000)]
  0x000001f874f1c4d0 JavaThread "build event listener" [_thread_blocked, id=6660, stack(0x00000018fdb00000,0x00000018fdc00000)]
  0x000001f874f1b090 JavaThread "included builds Thread 5" [_thread_blocked, id=8568, stack(0x00000018fdf00000,0x00000018fe000000)]
  0x000001f874f1cef0 JavaThread "Cache worker for execution history cache (D:\mifedha1a18\android\.gradle\8.14.3\executionHistory)" [_thread_blocked, id=9600, stack(0x00000018f6800000,0x00000018f6900000)]
  0x000001f874f1e330 JavaThread "WorkerExecutor Queue" [_thread_in_vm, id=17320, stack(0x00000018fe100000,0x00000018fe200000)]
  0x000001f874f1e840 JavaThread "WorkerExecutor Queue Thread 2" [_thread_blocked, id=18000, stack(0x00000018fe800000,0x00000018fe900000)]
  0x000001f869cad350 JavaThread "WorkerExecutor Queue Thread 7" [_thread_in_Java, id=18424, stack(0x00000018fed00000,0x00000018fee00000)]
  0x000001f869cad860 JavaThread "WorkerExecutor Queue Thread 8" [_thread_blocked, id=1844, stack(0x00000018fee00000,0x00000018fef00000)]
  0x000001f869caeca0 JavaThread "WorkerExecutor Queue Thread 9" [_thread_in_native, id=7104, stack(0x00000018fef00000,0x00000018ff000000)]
  0x000001f873ba6680 JavaThread "RMI Scheduler(0)" daemon [_thread_blocked, id=18220, stack(0x00000018fac00000,0x00000018fad00000)]
  0x000001f873bab780 JavaThread "RMI TCP Accept-0" daemon [_thread_in_native, id=3268, stack(0x00000018fe200000,0x00000018fe300000)]
  0x000001f873ba89f0 JavaThread "Cache worker for Java compile cache (C:\Users\USER\.gradle\caches\8.14.3\javaCompile)" [_thread_blocked, id=12708, stack(0x00000018ff300000,0x00000018ff400000)]
  0x000001f874f19c50 JavaThread "Build operations" [_thread_blocked, id=4264, stack(0x00000018fb100000,0x00000018fb200000)]
  0x000001f874f1f260 JavaThread "Build operations Thread 2" [_thread_blocked, id=18872, stack(0x00000018fe000000,0x00000018fe100000)]
  0x000001f874f1de20 JavaThread "Build operations Thread 3" [_thread_blocked, id=19324, stack(0x00000018fe400000,0x00000018fe500000)]
  0x000001f874f1f770 JavaThread "Build operations Thread 4" [_thread_blocked, id=15772, stack(0x00000018fea00000,0x00000018feb00000)]
  0x000001f874f1d910 JavaThread "Build operations Thread 5" [_thread_blocked, id=1560, stack(0x00000018ff200000,0x00000018ff300000)]
  0x000001f873ba6170 JavaThread "Build operations Thread 6" [_thread_blocked, id=19392, stack(0x00000018ff400000,0x00000018ff500000)]
  0x000001f873ba4820 JavaThread "Build operations Thread 7" [_thread_blocked, id=13196, stack(0x00000018ff500000,0x00000018ff600000)]
  0x000001f874f18810 JavaThread "WorkerExecutor Queue Thread 11" [_thread_blocked, id=18552, stack(0x00000018ff800000,0x00000018ff900000)]
  0x000001f86b0a7680 JavaThread "Build operations Thread 8" [_thread_blocked, id=3812, stack(0x00000018ff900000,0x00000018ffa00000)]
  0x000001f878e07270 JavaThread "Exec process Thread 16" [_thread_in_native, id=11676, stack(0x00000018ff100000,0x00000018ff200000)]
  0x000001f87881e860 JavaThread "Exec process Thread 17" [_thread_blocked, id=3124, stack(0x00000018ff600000,0x00000018ff700000)]
  0x000001f8774b3a80 JavaThread "Exec process Thread 18" [_thread_in_native, id=13536, stack(0x00000018ff700000,0x00000018ff800000)]
  0x000001f878e049f0 JavaThread "Exec process Thread 19" [_thread_in_native, id=17580, stack(0x00000018ffa00000,0x00000018ffb00000)]
  0x000001f878e05e30 JavaThread "Exec process Thread 20" [_thread_in_native, id=14276, stack(0x00000018ffb00000,0x00000018ffc00000)]
  0x000001f875e0d8f0 JavaThread "Exec process Thread 21" [_thread_in_native, id=18976, stack(0x00000018ffc00000,0x00000018ffd00000)]
  0x000001f875e0ced0 JavaThread "Exec process Thread 22" [_thread_in_native, id=19276, stack(0x00000018ffd00000,0x00000018ffe00000)]
  0x000001f878e05410 JavaThread "Exec process Thread 23" [_thread_blocked, id=4412, stack(0x00000018ffe00000,0x00000018fff00000)]
  0x000001f878e04f00 JavaThread "Exec process Thread 24" [_thread_blocked, id=18660, stack(0x00000018fff00000,0x0000001900000000)]
  0x000001f877777490 JavaThread "Exec process Thread 25" [_thread_in_native, id=13132, stack(0x0000001880000000,0x0000001880100000)]
  0x000001f884b235d0 JavaThread "Exec process Thread 26" [_thread_in_native, id=1340, stack(0x0000001880100000,0x0000001880200000)]
  0x000001f884b22bb0 JavaThread "Exec process Thread 27" [_thread_in_native, id=2320, stack(0x0000001880200000,0x0000001880300000)]
  0x000001f8774b49b0 JavaThread "WorkerExecutor Queue Thread 12" [_thread_in_native, id=13636, stack(0x0000001880300000,0x0000001880400000)]
  0x000001f874f18d20 JavaThread "WorkerExecutor Queue Thread 13" [_thread_blocked, id=13008, stack(0x0000001880600000,0x0000001880700000)]
  0x000001f8746cf980 JavaThread "Java2D Disposer" daemon [_thread_blocked, id=13856, stack(0x0000001880b00000,0x0000001880c00000)]
  0x000001f8746d0dc0 JavaThread "AWT-Windows" daemon [_thread_in_native, id=18316, stack(0x0000001880d00000,0x0000001880e00000)]
  0x000001f877d27a00 JavaThread "DefaultDispatcher-worker-2" daemon [_thread_blocked, id=16364, stack(0x0000001881000000,0x0000001881100000)]
  0x000001f877775630 JavaThread "DefaultDispatcher-worker-3" daemon [_thread_blocked, id=18272, stack(0x0000001881100000,0x0000001881200000)]
  0x000001f87741a180 JavaThread "DefaultDispatcher-worker-1" daemon [_thread_blocked, id=12612, stack(0x0000001881200000,0x0000001881300000)]
  0x000001f8746d03a0 JavaThread "DefaultDispatcher-worker-4" daemon [_thread_blocked, id=11912, stack(0x0000001881300000,0x0000001881400000)]
  0x000001f87447a3e0 JavaThread "DefaultDispatcher-worker-1" daemon [_thread_blocked, id=8832, stack(0x0000001881400000,0x0000001881500000)]
  0x000001f8746ce030 JavaThread "DefaultDispatcher-worker-2" daemon [_thread_blocked, id=13000, stack(0x0000001881500000,0x0000001881600000)]
  0x000001f8746cea50 JavaThread "DefaultDispatcher-worker-3" daemon [_thread_blocked, id=8128, stack(0x0000001881600000,0x0000001881700000)]
  0x000001f877776560 JavaThread "DefaultDispatcher-worker-5" daemon [_thread_blocked, id=16176, stack(0x0000001881700000,0x0000001881800000)]
  0x000001f869f40050 JavaThread "DefaultDispatcher-worker-6" daemon [_thread_blocked, id=4532, stack(0x0000001881800000,0x0000001881900000)]
  0x000001f869f40560 JavaThread "DefaultDispatcher-worker-4" daemon [_thread_blocked, id=16224, stack(0x0000001881900000,0x0000001881a00000)]
  0x000001f874478fa0 JavaThread "DefaultDispatcher-worker-5" daemon [_thread_blocked, id=16564, stack(0x0000001881a00000,0x0000001881b00000)]
  0x000001f873ba84e0 JavaThread "DefaultDispatcher-worker-7" daemon [_thread_blocked, id=14840, stack(0x0000001881b00000,0x0000001881c00000)]
  0x000001f873ba8f00 JavaThread "DefaultDispatcher-worker-8" daemon [_thread_blocked, id=13780, stack(0x0000001881c00000,0x0000001881d00000)]
  0x000001f8767de310 JavaThread "Periodic tasks thread" daemon [_thread_blocked, id=18492, stack(0x0000001880f00000,0x0000001881000000)]
  0x000001f8746d12d0 JavaThread "ApplicationImpl pooled thread 1" [_thread_blocked, id=4756, stack(0x0000001881d00000,0x0000001881e00000)]
  0x000001f875e0c9c0 JavaThread "ForkJoinPool.commonPool-worker-10" daemon [_thread_blocked, id=8008, stack(0x0000001880700000,0x0000001880800000)]
  0x000001f874c8a4a0 JavaThread "Periodic tasks thread" daemon [_thread_blocked, id=2280, stack(0x0000001880500000,0x0000001880600000)]
  0x000001f874c8aec0 JavaThread "ApplicationImpl pooled thread 1" [_thread_blocked, id=9500, stack(0x0000001880800000,0x0000001880900000)]
  0x000001f875fe1ee0 JavaThread "ForkJoinPool.commonPool-worker-11" daemon [_thread_blocked, id=17792, stack(0x0000001880400000,0x0000001880500000)]
  0x000001f877fec0e0 JavaThread "ForkJoinPool.commonPool-worker-12" daemon [_thread_blocked, id=12344, stack(0x0000001880a00000,0x0000001880b00000)]
  0x000001f8889dcec0 JavaThread "C2 CompilerThread1" daemon [_thread_in_native, id=17272, stack(0x0000001880900000,0x0000001880a00000)]
=>0x000001f877c57820 JavaThread "C2 CompilerThread2" daemon [_thread_in_native, id=18992, stack(0x0000001880c00000,0x0000001880d00000)]

Other Threads:
  0x000001f87fe3fbd0 VMThread "VM Thread" [stack: 0x00000018f3a00000,0x00000018f3b00000] [id=17616]
  0x000001f820aa6190 WatcherThread [stack: 0x00000018f4600000,0x00000018f4700000] [id=14056]
  0x000001f87d892db0 GCTaskThread "GC Thread#0" [stack: 0x00000018f3500000,0x00000018f3600000] [id=12620]
  0x000001f86639a810 GCTaskThread "GC Thread#1" [stack: 0x00000018f4700000,0x00000018f4800000] [id=16424]
  0x000001f820b7b640 GCTaskThread "GC Thread#2" [stack: 0x00000018f4800000,0x00000018f4900000] [id=17472]
  0x000001f86648b340 GCTaskThread "GC Thread#3" [stack: 0x00000018f4a00000,0x00000018f4b00000] [id=18836]
  0x000001f8663999e0 GCTaskThread "GC Thread#4" [stack: 0x00000018f4b00000,0x00000018f4c00000] [id=3456]
  0x000001f8682a2f50 GCTaskThread "GC Thread#5" [stack: 0x00000018f5900000,0x00000018f5a00000] [id=9080]
  0x000001f866c8cae0 GCTaskThread "GC Thread#6" [stack: 0x00000018f5a00000,0x00000018f5b00000] [id=3880]
  0x000001f8669530e0 GCTaskThread "GC Thread#7" [stack: 0x00000018f5b00000,0x00000018f5c00000] [id=11108]
  0x000001f87d8a3c10 ConcurrentGCThread "G1 Main Marker" [stack: 0x00000018f3600000,0x00000018f3700000] [id=13288]
  0x000001f87d8a4530 ConcurrentGCThread "G1 Conc#0" [stack: 0x00000018f3700000,0x00000018f3800000] [id=13076]
  0x000001f86aebde80 ConcurrentGCThread "G1 Conc#1" [stack: 0x00000018f5c00000,0x00000018f5d00000] [id=15244]
  0x000001f87d8ee850 ConcurrentGCThread "G1 Refine#0" [stack: 0x00000018f3800000,0x00000018f3900000] [id=2960]
  0x000001f87fcf0700 ConcurrentGCThread "G1 Service" [stack: 0x00000018f3900000,0x00000018f3a00000] [id=14552]

Threads with active compile tasks:
C2 CompilerThread0   840075 67818       4       com.intellij.psi.impl.cache.TypeInfo$RefTypeInfo::<init> (115 bytes)
C2 CompilerThread1   840075 67769   !   4       org.jetbrains.kotlin.cli.jvm.index.JvmDependenciesIndexImpl::traverseDirectoriesInPackage (396 bytes)
C2 CompilerThread2   840075 67643       4       com.intellij.psi.impl.compiled.ClsJavaCodeReferenceElementImpl::<init> (172 bytes)

VM state: not at safepoint (normal execution)

VM Mutex/Monitor currently owned by a thread: None

Heap address: 0x0000000700000000, size: 4096 MB, Compressed Oops mode: Zero based, Oop shift amount: 3

CDS archive(s) mapped at: [0x000001f821000000-0x000001f821bd0000-0x000001f821bd0000), size 12386304, SharedBaseAddress: 0x000001f821000000, ArchiveRelocationMode: 1.
Compressed class space mapped at: 0x000001f822000000-0x000001f862000000, reserved size: 1073741824
Narrow klass base: 0x000001f821000000, Narrow klass shift: 0, Narrow klass range: 0x100000000

GC Precious Log:
 CPUs: 8 total, 8 available
 Memory: 8067M
 Large Page Support: Disabled
 NUMA Support: Disabled
 Compressed Oops: Enabled (Zero based)
 Heap Region Size: 2M
 Heap Min Capacity: 8M
 Heap Initial Capacity: 128M
 Heap Max Capacity: 4G
 Pre-touch: Disabled
 Parallel Workers: 8
 Concurrent Workers: 2
 Concurrent Refinement Workers: 8
 Periodic GC: Disabled

Heap:
 garbage-first heap   total 1611776K, used 820811K [0x0000000700000000, 0x0000000800000000)
  region size 2048K, 39 young (79872K), 34 survivors (69632K)
 Metaspace       used 396582K, committed 400448K, reserved 1441792K
  class space    used 49992K, committed 51776K, reserved 1048576K

Heap Regions: E=young(eden), S=young(survivor), O=old, HS=humongous(starts), HC=humongous(continues), CS=collection set, F=free, OA=open archive, CA=closed archive, TAMS=top-at-mark-start (previous, next)
|   0|0x0000000700000000, 0x0000000700200000, 0x0000000700200000|100%|HS|  |TAMS 0x0000000700200000, 0x0000000700200000| Complete 
|   1|0x0000000700200000, 0x0000000700400000, 0x0000000700400000|100%|HC|  |TAMS 0x0000000700400000, 0x0000000700400000| Complete 
|   2|0x0000000700400000, 0x0000000700600000, 0x0000000700600000|100%| O|  |TAMS 0x0000000700600000, 0x0000000700600000| Untracked 
|   3|0x0000000700600000, 0x0000000700800000, 0x0000000700800000|100%| O|  |TAMS 0x0000000700800000, 0x0000000700800000| Untracked 
|   4|0x0000000700800000, 0x0000000700a00000, 0x0000000700a00000|100%| O|  |TAMS 0x0000000700a00000, 0x0000000700a00000| Untracked 
|   5|0x0000000700a00000, 0x0000000700c00000, 0x0000000700c00000|100%| O|  |TAMS 0x0000000700c00000, 0x0000000700c00000| Untracked 
|   6|0x0000000700c00000, 0x0000000700e00000, 0x0000000700e00000|100%| O|  |TAMS 0x0000000700e00000, 0x0000000700e00000| Untracked 
|   7|0x0000000700e00000, 0x0000000701000000, 0x0000000701000000|100%| O|  |TAMS 0x0000000701000000, 0x0000000701000000| Untracked 
|   8|0x0000000701000000, 0x0000000701200000, 0x0000000701200000|100%| O|  |TAMS 0x0000000701200000, 0x0000000701200000| Untracked 
|   9|0x0000000701200000, 0x0000000701400000, 0x0000000701400000|100%| O|  |TAMS 0x0000000701400000, 0x0000000701400000| Untracked 
|  10|0x0000000701400000, 0x0000000701600000, 0x0000000701600000|100%| O|  |TAMS 0x0000000701600000, 0x0000000701600000| Untracked 
|  11|0x0000000701600000, 0x0000000701800000, 0x0000000701800000|100%| O|  |TAMS 0x0000000701800000, 0x0000000701800000| Untracked 
|  12|0x0000000701800000, 0x0000000701a00000, 0x0000000701a00000|100%| O|  |TAMS 0x0000000701a00000, 0x0000000701a00000| Untracked 
|  13|0x0000000701a00000, 0x0000000701c00000, 0x0000000701c00000|100%| O|  |TAMS 0x0000000701c00000, 0x0000000701c00000| Untracked 
|  14|0x0000000701c00000, 0x0000000701e00000, 0x0000000701e00000|100%| O|  |TAMS 0x0000000701e00000, 0x0000000701e00000| Untracked 
|  15|0x0000000701e00000, 0x0000000702000000, 0x0000000702000000|100%| O|  |TAMS 0x0000000702000000, 0x0000000702000000| Untracked 
|  16|0x0000000702000000, 0x0000000702200000, 0x0000000702200000|100%| O|  |TAMS 0x0000000702200000, 0x0000000702200000| Untracked 
|  17|0x0000000702200000, 0x0000000702400000, 0x0000000702400000|100%| O|  |TAMS 0x0000000702400000, 0x0000000702400000| Untracked 
|  18|0x0000000702400000, 0x0000000702600000, 0x0000000702600000|100%| O|  |TAMS 0x0000000702600000, 0x0000000702600000| Untracked 
|  19|0x0000000702600000, 0x0000000702800000, 0x0000000702800000|100%| O|  |TAMS 0x0000000702800000, 0x0000000702800000| Untracked 
|  20|0x0000000702800000, 0x0000000702a00000, 0x0000000702a00000|100%| O|  |TAMS 0x0000000702a00000, 0x0000000702a00000| Untracked 
|  21|0x0000000702a00000, 0x0000000702c00000, 0x0000000702c00000|100%|HS|  |TAMS 0x0000000702c00000, 0x0000000702c00000| Complete 
|  22|0x0000000702c00000, 0x0000000702e00000, 0x0000000702e00000|100%|HC|  |TAMS 0x0000000702e00000, 0x0000000702e00000| Complete 
|  23|0x0000000702e00000, 0x0000000703000000, 0x0000000703000000|100%|HS|  |TAMS 0x0000000703000000, 0x0000000703000000| Complete 
|  24|0x0000000703000000, 0x0000000703200000, 0x0000000703200000|100%|HC|  |TAMS 0x0000000703200000, 0x0000000703200000| Complete 
|  25|0x0000000703200000, 0x0000000703400000, 0x0000000703400000|100%| O|  |TAMS 0x0000000703400000, 0x0000000703400000| Untracked 
|  26|0x0000000703400000, 0x0000000703600000, 0x0000000703600000|100%| O|  |TAMS 0x0000000703600000, 0x0000000703600000| Untracked 
|  27|0x0000000703600000, 0x0000000703800000, 0x0000000703800000|100%| O|  |TAMS 0x0000000703800000, 0x0000000703800000| Untracked 
|  28|0x0000000703800000, 0x0000000703a00000, 0x0000000703a00000|100%| O|  |TAMS 0x0000000703a00000, 0x0000000703a00000| Untracked 
|  29|0x0000000703a00000, 0x0000000703c00000, 0x0000000703c00000|100%| O|  |TAMS 0x0000000703c00000, 0x0000000703c00000| Untracked 
|  30|0x0000000703c00000, 0x0000000703e00000, 0x0000000703e00000|100%| O|  |TAMS 0x0000000703e00000, 0x0000000703e00000| Untracked 
|  31|0x0000000703e00000, 0x0000000704000000, 0x0000000704000000|100%| O|  |TAMS 0x0000000704000000, 0x0000000704000000| Untracked 
|  32|0x0000000704000000, 0x0000000704200000, 0x0000000704200000|100%| O|  |TAMS 0x0000000704200000, 0x0000000704200000| Untracked 
|  33|0x0000000704200000, 0x0000000704400000, 0x0000000704400000|100%|HS|  |TAMS 0x0000000704400000, 0x0000000704400000| Complete 
|  34|0x0000000704400000, 0x0000000704600000, 0x0000000704600000|100%| O|  |TAMS 0x0000000704600000, 0x0000000704600000| Untracked 
|  35|0x0000000704600000, 0x0000000704800000, 0x0000000704800000|100%| O|  |TAMS 0x0000000704800000, 0x0000000704800000| Untracked 
|  36|0x0000000704800000, 0x0000000704a00000, 0x0000000704a00000|100%| O|  |TAMS 0x0000000704a00000, 0x0000000704a00000| Untracked 
|  37|0x0000000704a00000, 0x0000000704c00000, 0x0000000704c00000|100%| O|  |TAMS 0x0000000704c00000, 0x0000000704c00000| Untracked 
|  38|0x0000000704c00000, 0x0000000704e00000, 0x0000000704e00000|100%| O|  |TAMS 0x0000000704e00000, 0x0000000704e00000| Untracked 
|  39|0x0000000704e00000, 0x0000000705000000, 0x0000000705000000|100%| O|  |TAMS 0x0000000705000000, 0x0000000705000000| Untracked 
|  40|0x0000000705000000, 0x0000000705200000, 0x0000000705200000|100%| O|  |TAMS 0x0000000705200000, 0x0000000705200000| Untracked 
|  41|0x0000000705200000, 0x0000000705400000, 0x0000000705400000|100%| O|  |TAMS 0x0000000705400000, 0x0000000705400000| Untracked 
|  42|0x0000000705400000, 0x0000000705600000, 0x0000000705600000|100%|HS|  |TAMS 0x0000000705600000, 0x0000000705600000| Complete 
|  43|0x0000000705600000, 0x0000000705800000, 0x0000000705800000|100%|HS|  |TAMS 0x0000000705800000, 0x0000000705800000| Complete 
|  44|0x0000000705800000, 0x0000000705a00000, 0x0000000705a00000|100%|HC|  |TAMS 0x0000000705a00000, 0x0000000705a00000| Complete 
|  45|0x0000000705a00000, 0x0000000705c00000, 0x0000000705c00000|100%| O|  |TAMS 0x0000000705c00000, 0x0000000705c00000| Untracked 
|  46|0x0000000705c00000, 0x0000000705e00000, 0x0000000705e00000|100%| O|  |TAMS 0x0000000705e00000, 0x0000000705e00000| Untracked 
|  47|0x0000000705e00000, 0x0000000706000000, 0x0000000706000000|100%| O|  |TAMS 0x0000000706000000, 0x0000000706000000| Untracked 
|  48|0x0000000706000000, 0x0000000706200000, 0x0000000706200000|100%|HS|  |TAMS 0x0000000706200000, 0x0000000706200000| Complete 
|  49|0x0000000706200000, 0x0000000706400000, 0x0000000706400000|100%|HC|  |TAMS 0x0000000706400000, 0x0000000706400000| Complete 
|  50|0x0000000706400000, 0x0000000706600000, 0x0000000706600000|100%| O|  |TAMS 0x0000000706600000, 0x0000000706600000| Untracked 
|  51|0x0000000706600000, 0x0000000706800000, 0x0000000706800000|100%| O|  |TAMS 0x0000000706800000, 0x0000000706800000| Untracked 
|  52|0x0000000706800000, 0x0000000706a00000, 0x0000000706a00000|100%| O|  |TAMS 0x0000000706a00000, 0x0000000706a00000| Untracked 
|  53|0x0000000706a00000, 0x0000000706c00000, 0x0000000706c00000|100%| O|  |TAMS 0x0000000706c00000, 0x0000000706c00000| Untracked 
|  54|0x0000000706c00000, 0x0000000706e00000, 0x0000000706e00000|100%| O|  |TAMS 0x0000000706e00000, 0x0000000706e00000| Untracked 
|  55|0x0000000706e00000, 0x0000000707000000, 0x0000000707000000|100%| O|  |TAMS 0x0000000707000000, 0x0000000707000000| Untracked 
|  56|0x0000000707000000, 0x0000000707200000, 0x0000000707200000|100%| O|  |TAMS 0x0000000707000000, 0x0000000707200000| Untracked 
|  57|0x0000000707200000, 0x0000000707400000, 0x0000000707400000|100%| O|  |TAMS 0x0000000707400000, 0x0000000707400000| Untracked 
|  58|0x0000000707400000, 0x0000000707600000, 0x0000000707600000|100%| O|  |TAMS 0x0000000707600000, 0x0000000707600000| Untracked 
|  59|0x0000000707600000, 0x0000000707800000, 0x0000000707800000|100%| O|  |TAMS 0x0000000707800000, 0x0000000707800000| Untracked 
|  60|0x0000000707800000, 0x0000000707a00000, 0x0000000707a00000|100%| O|  |TAMS 0x0000000707a00000, 0x0000000707a00000| Untracked 
|  61|0x0000000707a00000, 0x0000000707c00000, 0x0000000707c00000|100%| O|  |TAMS 0x0000000707c00000, 0x0000000707c00000| Untracked 
|  62|0x0000000707c00000, 0x0000000707e00000, 0x0000000707e00000|100%| O|  |TAMS 0x0000000707e00000, 0x0000000707e00000| Untracked 
|  63|0x0000000707e00000, 0x0000000708000000, 0x0000000708000000|100%| O|  |TAMS 0x0000000707e00000, 0x0000000707e00000| Untracked 
|  64|0x0000000708000000, 0x0000000708200000, 0x0000000708200000|100%| O|  |TAMS 0x0000000708200000, 0x0000000708200000| Untracked 
|  65|0x0000000708200000, 0x0000000708400000, 0x0000000708400000|100%| O|  |TAMS 0x0000000708400000, 0x0000000708400000| Untracked 
|  66|0x0000000708400000, 0x0000000708600000, 0x0000000708600000|100%| O|  |TAMS 0x0000000708600000, 0x0000000708600000| Untracked 
|  67|0x0000000708600000, 0x0000000708800000, 0x0000000708800000|100%| O|  |TAMS 0x0000000708800000, 0x0000000708800000| Untracked 
|  68|0x0000000708800000, 0x0000000708a00000, 0x0000000708a00000|100%| O|  |TAMS 0x0000000708a00000, 0x0000000708a00000| Untracked 
|  69|0x0000000708a00000, 0x0000000708c00000, 0x0000000708c00000|100%| O|  |TAMS 0x0000000708c00000, 0x0000000708c00000| Untracked 
|  70|0x0000000708c00000, 0x0000000708e00000, 0x0000000708e00000|100%| O|  |TAMS 0x0000000708e00000, 0x0000000708e00000| Untracked 
|  71|0x0000000708e00000, 0x0000000709000000, 0x0000000709000000|100%| O|  |TAMS 0x0000000709000000, 0x0000000709000000| Untracked 
|  72|0x0000000709000000, 0x0000000709200000, 0x0000000709200000|100%| O|  |TAMS 0x0000000709200000, 0x0000000709200000| Untracked 
|  73|0x0000000709200000, 0x0000000709400000, 0x0000000709400000|100%|HS|  |TAMS 0x0000000709400000, 0x0000000709400000| Complete 
|  74|0x0000000709400000, 0x0000000709600000, 0x0000000709600000|100%|HC|  |TAMS 0x0000000709600000, 0x0000000709600000| Complete 
|  75|0x0000000709600000, 0x0000000709800000, 0x0000000709800000|100%| O|  |TAMS 0x0000000709800000, 0x0000000709800000| Untracked 
|  76|0x0000000709800000, 0x0000000709a00000, 0x0000000709a00000|100%| O|  |TAMS 0x0000000709a00000, 0x0000000709a00000| Untracked 
|  77|0x0000000709a00000, 0x0000000709c00000, 0x0000000709c00000|100%| O|  |TAMS 0x0000000709c00000, 0x0000000709c00000| Untracked 
|  78|0x0000000709c00000, 0x0000000709e00000, 0x0000000709e00000|100%| O|  |TAMS 0x0000000709e00000, 0x0000000709e00000| Untracked 
|  79|0x0000000709e00000, 0x000000070a000000, 0x000000070a000000|100%| O|  |TAMS 0x000000070a000000, 0x000000070a000000| Untracked 
|  80|0x000000070a000000, 0x000000070a200000, 0x000000070a200000|100%| O|  |TAMS 0x000000070a200000, 0x000000070a200000| Untracked 
|  81|0x000000070a200000, 0x000000070a400000, 0x000000070a400000|100%| O|  |TAMS 0x000000070a400000, 0x000000070a400000| Untracked 
|  82|0x000000070a400000, 0x000000070a600000, 0x000000070a600000|100%| O|  |TAMS 0x000000070a600000, 0x000000070a600000| Untracked 
|  83|0x000000070a600000, 0x000000070a800000, 0x000000070a800000|100%| O|  |TAMS 0x000000070a800000, 0x000000070a800000| Untracked 
|  84|0x000000070a800000, 0x000000070aa00000, 0x000000070aa00000|100%| O|  |TAMS 0x000000070aa00000, 0x000000070aa00000| Untracked 
|  85|0x000000070aa00000, 0x000000070ac00000, 0x000000070ac00000|100%| O|  |TAMS 0x000000070ac00000, 0x000000070ac00000| Untracked 
|  86|0x000000070ac00000, 0x000000070ae00000, 0x000000070ae00000|100%| O|  |TAMS 0x000000070ae00000, 0x000000070ae00000| Untracked 
|  87|0x000000070ae00000, 0x000000070b000000, 0x000000070b000000|100%| O|  |TAMS 0x000000070ae00000, 0x000000070ae00000| Untracked 
|  88|0x000000070b000000, 0x000000070b200000, 0x000000070b200000|100%| O|  |TAMS 0x000000070b000000, 0x000000070b000000| Untracked 
|  89|0x000000070b200000, 0x000000070b400000, 0x000000070b400000|100%| O|  |TAMS 0x000000070b400000, 0x000000070b400000| Untracked 
|  90|0x000000070b400000, 0x000000070b600000, 0x000000070b600000|100%| O|  |TAMS 0x000000070b600000, 0x000000070b600000| Untracked 
|  91|0x000000070b600000, 0x000000070b800000, 0x000000070b800000|100%| O|  |TAMS 0x000000070b800000, 0x000000070b800000| Untracked 
|  92|0x000000070b800000, 0x000000070ba00000, 0x000000070ba00000|100%| O|  |TAMS 0x000000070ba00000, 0x000000070ba00000| Untracked 
|  93|0x000000070ba00000, 0x000000070bc00000, 0x000000070bc00000|100%| O|  |TAMS 0x000000070bc00000, 0x000000070bc00000| Untracked 
|  94|0x000000070bc00000, 0x000000070be00000, 0x000000070be00000|100%| O|  |TAMS 0x000000070be00000, 0x000000070be00000| Untracked 
|  95|0x000000070be00000, 0x000000070c000000, 0x000000070c000000|100%| O|  |TAMS 0x000000070c000000, 0x000000070c000000| Untracked 
|  96|0x000000070c000000, 0x000000070c200000, 0x000000070c200000|100%| O|  |TAMS 0x000000070c200000, 0x000000070c200000| Untracked 
|  97|0x000000070c200000, 0x000000070c400000, 0x000000070c400000|100%| O|  |TAMS 0x000000070c400000, 0x000000070c400000| Untracked 
|  98|0x000000070c400000, 0x000000070c600000, 0x000000070c600000|100%| O|  |TAMS 0x000000070c600000, 0x000000070c600000| Untracked 
|  99|0x000000070c600000, 0x000000070c800000, 0x000000070c800000|100%| O|  |TAMS 0x000000070c800000, 0x000000070c800000| Untracked 
| 100|0x000000070c800000, 0x000000070ca00000, 0x000000070ca00000|100%| O|  |TAMS 0x000000070c800000, 0x000000070ca00000| Untracked 
| 101|0x000000070ca00000, 0x000000070cc00000, 0x000000070cc00000|100%| O|  |TAMS 0x000000070ca00000, 0x000000070cc00000| Untracked 
| 102|0x000000070cc00000, 0x000000070ce00000, 0x000000070ce00000|100%| O|  |TAMS 0x000000070ce00000, 0x000000070ce00000| Untracked 
| 103|0x000000070ce00000, 0x000000070d000000, 0x000000070d000000|100%| O|  |TAMS 0x000000070d000000, 0x000000070d000000| Untracked 
| 104|0x000000070d000000, 0x000000070d200000, 0x000000070d200000|100%| O|  |TAMS 0x000000070d200000, 0x000000070d200000| Untracked 
| 105|0x000000070d200000, 0x000000070d400000, 0x000000070d400000|100%| O|  |TAMS 0x000000070d400000, 0x000000070d400000| Untracked 
| 106|0x000000070d400000, 0x000000070d600000, 0x000000070d600000|100%| O|  |TAMS 0x000000070d600000, 0x000000070d600000| Untracked 
| 107|0x000000070d600000, 0x000000070d800000, 0x000000070d800000|100%| O|  |TAMS 0x000000070d800000, 0x000000070d800000| Untracked 
| 108|0x000000070d800000, 0x000000070da00000, 0x000000070da00000|100%| O|  |TAMS 0x000000070da00000, 0x000000070da00000| Untracked 
| 109|0x000000070da00000, 0x000000070dc00000, 0x000000070dc00000|100%| O|  |TAMS 0x000000070da00000, 0x000000070da00000| Untracked 
| 110|0x000000070dc00000, 0x000000070de00000, 0x000000070de00000|100%|HS|  |TAMS 0x000000070de00000, 0x000000070de00000| Complete 
| 111|0x000000070de00000, 0x000000070e000000, 0x000000070e000000|100%|HC|  |TAMS 0x000000070e000000, 0x000000070e000000| Complete 
| 112|0x000000070e000000, 0x000000070e200000, 0x000000070e200000|100%|HS|  |TAMS 0x000000070e200000, 0x000000070e200000| Complete 
| 113|0x000000070e200000, 0x000000070e400000, 0x000000070e400000|100%| O|  |TAMS 0x000000070e400000, 0x000000070e400000| Untracked 
| 114|0x000000070e400000, 0x000000070e600000, 0x000000070e600000|100%| O|  |TAMS 0x000000070e600000, 0x000000070e600000| Untracked 
| 115|0x000000070e600000, 0x000000070e800000, 0x000000070e800000|100%| O|  |TAMS 0x000000070e800000, 0x000000070e800000| Untracked 
| 116|0x000000070e800000, 0x000000070ea00000, 0x000000070ea00000|100%| O|  |TAMS 0x000000070ea00000, 0x000000070ea00000| Untracked 
| 117|0x000000070ea00000, 0x000000070ec00000, 0x000000070ec00000|100%| O|  |TAMS 0x000000070ea00000, 0x000000070ec00000| Untracked 
| 118|0x000000070ec00000, 0x000000070ee00000, 0x000000070ee00000|100%| O|  |TAMS 0x000000070ee00000, 0x000000070ee00000| Untracked 
| 119|0x000000070ee00000, 0x000000070f000000, 0x000000070f000000|100%| O|  |TAMS 0x000000070f000000, 0x000000070f000000| Untracked 
| 120|0x000000070f000000, 0x000000070f200000, 0x000000070f200000|100%| O|  |TAMS 0x000000070f200000, 0x000000070f200000| Untracked 
| 121|0x000000070f200000, 0x000000070f400000, 0x000000070f400000|100%| O|  |TAMS 0x000000070f400000, 0x000000070f400000| Untracked 
| 122|0x000000070f400000, 0x000000070f600000, 0x000000070f600000|100%| O|  |TAMS 0x000000070f600000, 0x000000070f600000| Untracked 
| 123|0x000000070f600000, 0x000000070f800000, 0x000000070f800000|100%| O|  |TAMS 0x000000070f800000, 0x000000070f800000| Untracked 
| 124|0x000000070f800000, 0x000000070fa00000, 0x000000070fa00000|100%| O|  |TAMS 0x000000070fa00000, 0x000000070fa00000| Untracked 
| 125|0x000000070fa00000, 0x000000070fc00000, 0x000000070fc00000|100%| O|  |TAMS 0x000000070fc00000, 0x000000070fc00000| Untracked 
| 126|0x000000070fc00000, 0x000000070fe00000, 0x000000070fe00000|100%| O|  |TAMS 0x000000070fe00000, 0x000000070fe00000| Untracked 
| 127|0x000000070fe00000, 0x0000000710000000, 0x0000000710000000|100%| O|  |TAMS 0x0000000710000000, 0x0000000710000000| Untracked 
| 128|0x0000000710000000, 0x0000000710200000, 0x0000000710200000|100%| O|  |TAMS 0x0000000710000000, 0x0000000710200000| Untracked 
| 129|0x0000000710200000, 0x0000000710400000, 0x0000000710400000|100%| O|  |TAMS 0x0000000710200000, 0x0000000710400000| Untracked 
| 130|0x0000000710400000, 0x0000000710600000, 0x0000000710600000|100%| O|  |TAMS 0x0000000710600000, 0x0000000710600000| Untracked 
| 131|0x0000000710600000, 0x0000000710800000, 0x0000000710800000|100%| O|  |TAMS 0x0000000710800000, 0x0000000710800000| Untracked 
| 132|0x0000000710800000, 0x0000000710a00000, 0x0000000710a00000|100%| O|  |TAMS 0x0000000710a00000, 0x0000000710a00000| Untracked 
| 133|0x0000000710a00000, 0x0000000710c00000, 0x0000000710c00000|100%| O|  |TAMS 0x0000000710c00000, 0x0000000710c00000| Untracked 
| 134|0x0000000710c00000, 0x0000000710e00000, 0x0000000710e00000|100%| O|  |TAMS 0x0000000710e00000, 0x0000000710e00000| Untracked 
| 135|0x0000000710e00000, 0x0000000711000000, 0x0000000711000000|100%| O|  |TAMS 0x0000000711000000, 0x0000000711000000| Untracked 
| 136|0x0000000711000000, 0x0000000711200000, 0x0000000711200000|100%| O|  |TAMS 0x0000000711200000, 0x0000000711200000| Untracked 
| 137|0x0000000711200000, 0x0000000711400000, 0x0000000711400000|100%| O|  |TAMS 0x0000000711200000, 0x0000000711400000| Untracked 
| 138|0x0000000711400000, 0x0000000711600000, 0x0000000711600000|100%| O|  |TAMS 0x0000000711600000, 0x0000000711600000| Untracked 
| 139|0x0000000711600000, 0x0000000711800000, 0x0000000711800000|100%| O|  |TAMS 0x0000000711600000, 0x0000000711800000| Untracked 
| 140|0x0000000711800000, 0x0000000711a00000, 0x0000000711a00000|100%| O|  |TAMS 0x0000000711a00000, 0x0000000711a00000| Untracked 
| 141|0x0000000711a00000, 0x0000000711c00000, 0x0000000711c00000|100%| O|  |TAMS 0x0000000711c00000, 0x0000000711c00000| Untracked 
| 142|0x0000000711c00000, 0x0000000711e00000, 0x0000000711e00000|100%| O|  |TAMS 0x0000000711c00000, 0x0000000711e00000| Untracked 
| 143|0x0000000711e00000, 0x0000000712000000, 0x0000000712000000|100%| O|  |TAMS 0x0000000712000000, 0x0000000712000000| Untracked 
| 144|0x0000000712000000, 0x0000000712200000, 0x0000000712200000|100%| O|  |TAMS 0x0000000712200000, 0x0000000712200000| Untracked 
| 145|0x0000000712200000, 0x0000000712400000, 0x0000000712400000|100%| O|  |TAMS 0x0000000712400000, 0x0000000712400000| Untracked 
| 146|0x0000000712400000, 0x0000000712600000, 0x0000000712600000|100%| O|  |TAMS 0x0000000712600000, 0x0000000712600000| Untracked 
| 147|0x0000000712600000, 0x0000000712800000, 0x0000000712800000|100%| O|  |TAMS 0x0000000712800000, 0x0000000712800000| Untracked 
| 148|0x0000000712800000, 0x0000000712a00000, 0x0000000712a00000|100%| O|  |TAMS 0x0000000712a00000, 0x0000000712a00000| Untracked 
| 149|0x0000000712a00000, 0x0000000712c00000, 0x0000000712c00000|100%| O|  |TAMS 0x0000000712c00000, 0x0000000712c00000| Untracked 
| 150|0x0000000712c00000, 0x0000000712e00000, 0x0000000712e00000|100%| O|  |TAMS 0x0000000712e00000, 0x0000000712e00000| Untracked 
| 151|0x0000000712e00000, 0x0000000713000000, 0x0000000713000000|100%| O|  |TAMS 0x0000000713000000, 0x0000000713000000| Untracked 
| 152|0x0000000713000000, 0x0000000713200000, 0x0000000713200000|100%| O|  |TAMS 0x0000000713000000, 0x0000000713200000| Untracked 
| 153|0x0000000713200000, 0x0000000713400000, 0x0000000713400000|100%| O|  |TAMS 0x0000000713200000, 0x0000000713400000| Untracked 
| 154|0x0000000713400000, 0x0000000713600000, 0x0000000713600000|100%|HS|  |TAMS 0x0000000713600000, 0x0000000713600000| Complete 
| 155|0x0000000713600000, 0x0000000713800000, 0x0000000713800000|100%| O|  |TAMS 0x0000000713600000, 0x0000000713600000| Untracked 
| 156|0x0000000713800000, 0x0000000713a00000, 0x0000000713a00000|100%| O|  |TAMS 0x0000000713800000, 0x0000000713a00000| Untracked 
| 157|0x0000000713a00000, 0x0000000713c00000, 0x0000000713c00000|100%| O|  |TAMS 0x0000000713c00000, 0x0000000713c00000| Untracked 
| 158|0x0000000713c00000, 0x0000000713e00000, 0x0000000713e00000|100%| O|  |TAMS 0x0000000713e00000, 0x0000000713e00000| Untracked 
| 159|0x0000000713e00000, 0x0000000714000000, 0x0000000714000000|100%| O|  |TAMS 0x0000000714000000, 0x0000000714000000| Untracked 
| 160|0x0000000714000000, 0x0000000714200000, 0x0000000714200000|100%| O|  |TAMS 0x0000000714200000, 0x0000000714200000| Untracked 
| 161|0x0000000714200000, 0x0000000714400000, 0x0000000714400000|100%| O|  |TAMS 0x0000000714400000, 0x0000000714400000| Untracked 
| 162|0x0000000714400000, 0x0000000714600000, 0x0000000714600000|100%| O|  |TAMS 0x0000000714600000, 0x0000000714600000| Untracked 
| 163|0x0000000714600000, 0x0000000714800000, 0x0000000714800000|100%| O|  |TAMS 0x0000000714600000, 0x0000000714800000| Untracked 
| 164|0x0000000714800000, 0x0000000714a00000, 0x0000000714a00000|100%| O|  |TAMS 0x0000000714800000, 0x0000000714800000| Untracked 
| 165|0x0000000714a00000, 0x0000000714c00000, 0x0000000714c00000|100%| O|  |TAMS 0x0000000714c00000, 0x0000000714c00000| Untracked 
| 166|0x0000000714c00000, 0x0000000714e00000, 0x0000000714e00000|100%| O|  |TAMS 0x0000000714e00000, 0x0000000714e00000| Untracked 
| 167|0x0000000714e00000, 0x0000000715000000, 0x0000000715000000|100%| O|  |TAMS 0x0000000715000000, 0x0000000715000000| Untracked 
| 168|0x0000000715000000, 0x0000000715200000, 0x0000000715200000|100%| O|  |TAMS 0x0000000715000000, 0x0000000715200000| Untracked 
| 169|0x0000000715200000, 0x0000000715400000, 0x0000000715400000|100%| O|  |TAMS 0x0000000715400000, 0x0000000715400000| Untracked 
| 170|0x0000000715400000, 0x0000000715600000, 0x0000000715600000|100%| O|  |TAMS 0x0000000715600000, 0x0000000715600000| Untracked 
| 171|0x0000000715600000, 0x0000000715800000, 0x0000000715800000|100%| O|  |TAMS 0x0000000715800000, 0x0000000715800000| Untracked 
| 172|0x0000000715800000, 0x0000000715a00000, 0x0000000715a00000|100%| O|  |TAMS 0x0000000715a00000, 0x0000000715a00000| Untracked 
| 173|0x0000000715a00000, 0x0000000715c00000, 0x0000000715c00000|100%| O|  |TAMS 0x0000000715c00000, 0x0000000715c00000| Untracked 
| 174|0x0000000715c00000, 0x0000000715e00000, 0x0000000715e00000|100%| O|  |TAMS 0x0000000715c00000, 0x0000000715e00000| Untracked 
| 175|0x0000000715e00000, 0x0000000716000000, 0x0000000716000000|100%| O|  |TAMS 0x0000000716000000, 0x0000000716000000| Untracked 
| 176|0x0000000716000000, 0x0000000716200000, 0x0000000716200000|100%| O|  |TAMS 0x0000000716200000, 0x0000000716200000| Untracked 
| 177|0x0000000716200000, 0x0000000716400000, 0x0000000716400000|100%| O|  |TAMS 0x0000000716400000, 0x0000000716400000| Untracked 
| 178|0x0000000716400000, 0x0000000716600000, 0x0000000716600000|100%| O|  |TAMS 0x0000000716600000, 0x0000000716600000| Untracked 
| 179|0x0000000716600000, 0x0000000716800000, 0x0000000716800000|100%| O|  |TAMS 0x0000000716800000, 0x0000000716800000| Untracked 
| 180|0x0000000716800000, 0x0000000716a00000, 0x0000000716a00000|100%| O|  |TAMS 0x0000000716a00000, 0x0000000716a00000| Untracked 
| 181|0x0000000716a00000, 0x0000000716c00000, 0x0000000716c00000|100%| O|  |TAMS 0x0000000716c00000, 0x0000000716c00000| Untracked 
| 182|0x0000000716c00000, 0x0000000716e00000, 0x0000000716e00000|100%| O|  |TAMS 0x0000000716e00000, 0x0000000716e00000| Untracked 
| 183|0x0000000716e00000, 0x0000000717000000, 0x0000000717000000|100%| O|  |TAMS 0x0000000717000000, 0x0000000717000000| Untracked 
| 184|0x0000000717000000, 0x0000000717200000, 0x0000000717200000|100%| O|  |TAMS 0x0000000717200000, 0x0000000717200000| Untracked 
| 185|0x0000000717200000, 0x0000000717400000, 0x0000000717400000|100%| O|  |TAMS 0x0000000717400000, 0x0000000717400000| Untracked 
| 186|0x0000000717400000, 0x0000000717600000, 0x0000000717600000|100%| O|  |TAMS 0x0000000717600000, 0x0000000717600000| Untracked 
| 187|0x0000000717600000, 0x0000000717800000, 0x0000000717800000|100%| O|  |TAMS 0x0000000717800000, 0x0000000717800000| Untracked 
| 188|0x0000000717800000, 0x0000000717a00000, 0x0000000717a00000|100%| O|  |TAMS 0x0000000717a00000, 0x0000000717a00000| Untracked 
| 189|0x0000000717a00000, 0x0000000717c00000, 0x0000000717c00000|100%| O|  |TAMS 0x0000000717c00000, 0x0000000717c00000| Untracked 
| 190|0x0000000717c00000, 0x0000000717e00000, 0x0000000717e00000|100%| O|  |TAMS 0x0000000717e00000, 0x0000000717e00000| Untracked 
| 191|0x0000000717e00000, 0x0000000718000000, 0x0000000718000000|100%| O|  |TAMS 0x0000000718000000, 0x0000000718000000| Untracked 
| 192|0x0000000718000000, 0x0000000718200000, 0x0000000718200000|100%| O|  |TAMS 0x0000000718200000, 0x0000000718200000| Untracked 
| 193|0x0000000718200000, 0x0000000718400000, 0x0000000718400000|100%| O|  |TAMS 0x0000000718400000, 0x0000000718400000| Untracked 
| 194|0x0000000718400000, 0x0000000718600000, 0x0000000718600000|100%| O|  |TAMS 0x0000000718600000, 0x0000000718600000| Untracked 
| 195|0x0000000718600000, 0x0000000718800000, 0x0000000718800000|100%| O|  |TAMS 0x0000000718800000, 0x0000000718800000| Untracked 
| 196|0x0000000718800000, 0x0000000718a00000, 0x0000000718a00000|100%| O|  |TAMS 0x0000000718a00000, 0x0000000718a00000| Untracked 
| 197|0x0000000718a00000, 0x0000000718c00000, 0x0000000718c00000|100%| O|  |TAMS 0x0000000718c00000, 0x0000000718c00000| Untracked 
| 198|0x0000000718c00000, 0x0000000718e00000, 0x0000000718e00000|100%| O|  |TAMS 0x0000000718e00000, 0x0000000718e00000| Untracked 
| 199|0x0000000718e00000, 0x0000000719000000, 0x0000000719000000|100%| O|  |TAMS 0x0000000719000000, 0x0000000719000000| Untracked 
| 200|0x0000000719000000, 0x0000000719200000, 0x0000000719200000|100%| O|  |TAMS 0x0000000719000000, 0x0000000719200000| Untracked 
| 201|0x0000000719200000, 0x0000000719400000, 0x0000000719400000|100%| O|  |TAMS 0x0000000719400000, 0x0000000719400000| Untracked 
| 202|0x0000000719400000, 0x0000000719600000, 0x0000000719600000|100%| O|  |TAMS 0x0000000719600000, 0x0000000719600000| Untracked 
| 203|0x0000000719600000, 0x0000000719800000, 0x0000000719800000|100%| O|  |TAMS 0x0000000719800000, 0x0000000719800000| Untracked 
| 204|0x0000000719800000, 0x0000000719a00000, 0x0000000719a00000|100%| O|  |TAMS 0x0000000719a00000, 0x0000000719a00000| Untracked 
| 205|0x0000000719a00000, 0x0000000719c00000, 0x0000000719c00000|100%| O|  |TAMS 0x0000000719c00000, 0x0000000719c00000| Untracked 
| 206|0x0000000719c00000, 0x0000000719e00000, 0x0000000719e00000|100%| O|  |TAMS 0x0000000719e00000, 0x0000000719e00000| Untracked 
| 207|0x0000000719e00000, 0x000000071a000000, 0x000000071a000000|100%| O|  |TAMS 0x000000071a000000, 0x000000071a000000| Untracked 
| 208|0x000000071a000000, 0x000000071a200000, 0x000000071a200000|100%| O|  |TAMS 0x000000071a000000, 0x000000071a000000| Untracked 
| 209|0x000000071a200000, 0x000000071a400000, 0x000000071a400000|100%| O|  |TAMS 0x000000071a400000, 0x000000071a400000| Untracked 
| 210|0x000000071a400000, 0x000000071a600000, 0x000000071a600000|100%| O|  |TAMS 0x000000071a600000, 0x000000071a600000| Untracked 
| 211|0x000000071a600000, 0x000000071a800000, 0x000000071a800000|100%| O|  |TAMS 0x000000071a800000, 0x000000071a800000| Untracked 
| 212|0x000000071a800000, 0x000000071aa00000, 0x000000071aa00000|100%| O|  |TAMS 0x000000071aa00000, 0x000000071aa00000| Untracked 
| 213|0x000000071aa00000, 0x000000071ac00000, 0x000000071ac00000|100%| O|  |TAMS 0x000000071aa00000, 0x000000071ac00000| Untracked 
| 214|0x000000071ac00000, 0x000000071ae00000, 0x000000071ae00000|100%| O|  |TAMS 0x000000071ae00000, 0x000000071ae00000| Untracked 
| 215|0x000000071ae00000, 0x000000071b000000, 0x000000071b000000|100%| O|  |TAMS 0x000000071b000000, 0x000000071b000000| Untracked 
| 216|0x000000071b000000, 0x000000071b200000, 0x000000071b200000|100%| O|  |TAMS 0x000000071b200000, 0x000000071b200000| Untracked 
| 217|0x000000071b200000, 0x000000071b400000, 0x000000071b400000|100%| O|  |TAMS 0x000000071b400000, 0x000000071b400000| Untracked 
| 218|0x000000071b400000, 0x000000071b600000, 0x000000071b600000|100%| O|  |TAMS 0x000000071b600000, 0x000000071b600000| Untracked 
| 219|0x000000071b600000, 0x000000071b800000, 0x000000071b800000|100%| O|  |TAMS 0x000000071b800000, 0x000000071b800000| Untracked 
| 220|0x000000071b800000, 0x000000071ba00000, 0x000000071ba00000|100%| O|  |TAMS 0x000000071ba00000, 0x000000071ba00000| Untracked 
| 221|0x000000071ba00000, 0x000000071bc00000, 0x000000071bc00000|100%| O|  |TAMS 0x000000071bc00000, 0x000000071bc00000| Untracked 
| 222|0x000000071bc00000, 0x000000071be00000, 0x000000071be00000|100%| O|  |TAMS 0x000000071bc00000, 0x000000071be00000| Untracked 
| 223|0x000000071be00000, 0x000000071c000000, 0x000000071c000000|100%| O|  |TAMS 0x000000071c000000, 0x000000071c000000| Untracked 
| 224|0x000000071c000000, 0x000000071c200000, 0x000000071c200000|100%| O|  |TAMS 0x000000071c200000, 0x000000071c200000| Untracked 
| 225|0x000000071c200000, 0x000000071c400000, 0x000000071c400000|100%| O|  |TAMS 0x000000071c400000, 0x000000071c400000| Untracked 
| 226|0x000000071c400000, 0x000000071c600000, 0x000000071c600000|100%| O|  |TAMS 0x000000071c600000, 0x000000071c600000| Untracked 
| 227|0x000000071c600000, 0x000000071c800000, 0x000000071c800000|100%| O|  |TAMS 0x000000071c800000, 0x000000071c800000| Untracked 
| 228|0x000000071c800000, 0x000000071ca00000, 0x000000071ca00000|100%| O|  |TAMS 0x000000071ca00000, 0x000000071ca00000| Untracked 
| 229|0x000000071ca00000, 0x000000071cc00000, 0x000000071cc00000|100%| O|  |TAMS 0x000000071ca00000, 0x000000071ca00000| Untracked 
| 230|0x000000071cc00000, 0x000000071ce00000, 0x000000071ce00000|100%| O|  |TAMS 0x000000071ce00000, 0x000000071ce00000| Untracked 
| 231|0x000000071ce00000, 0x000000071d000000, 0x000000071d000000|100%| O|  |TAMS 0x000000071d000000, 0x000000071d000000| Untracked 
| 232|0x000000071d000000, 0x000000071d200000, 0x000000071d200000|100%| O|  |TAMS 0x000000071d200000, 0x000000071d200000| Untracked 
| 233|0x000000071d200000, 0x000000071d400000, 0x000000071d400000|100%| O|  |TAMS 0x000000071d400000, 0x000000071d400000| Untracked 
| 234|0x000000071d400000, 0x000000071d592e00, 0x000000071d600000| 78%| O|  |TAMS 0x000000071d400000, 0x000000071d400000| Untracked 
| 235|0x000000071d600000, 0x000000071d800000, 0x000000071d800000|100%| O|  |TAMS 0x000000071d600000, 0x000000071d800000| Untracked 
| 236|0x000000071d800000, 0x000000071da00000, 0x000000071da00000|100%| O|  |TAMS 0x000000071da00000, 0x000000071da00000| Untracked 
| 237|0x000000071da00000, 0x000000071dc00000, 0x000000071dc00000|100%| O|  |TAMS 0x000000071dc00000, 0x000000071dc00000| Untracked 
| 238|0x000000071dc00000, 0x000000071de00000, 0x000000071de00000|100%| O|  |TAMS 0x000000071de00000, 0x000000071de00000| Untracked 
| 239|0x000000071de00000, 0x000000071e000000, 0x000000071e000000|100%| O|  |TAMS 0x000000071e000000, 0x000000071e000000| Untracked 
| 240|0x000000071e000000, 0x000000071e200000, 0x000000071e200000|100%| O|  |TAMS 0x000000071e200000, 0x000000071e200000| Untracked 
| 241|0x000000071e200000, 0x000000071e400000, 0x000000071e400000|100%| O|  |TAMS 0x000000071e400000, 0x000000071e400000| Untracked 
| 242|0x000000071e400000, 0x000000071e600000, 0x000000071e600000|100%| O|  |TAMS 0x000000071e600000, 0x000000071e600000| Untracked 
| 243|0x000000071e600000, 0x000000071e800000, 0x000000071e800000|100%| O|  |TAMS 0x000000071e800000, 0x000000071e800000| Untracked 
| 244|0x000000071e800000, 0x000000071ea00000, 0x000000071ea00000|100%|HS|  |TAMS 0x000000071ea00000, 0x000000071ea00000| Complete 
| 245|0x000000071ea00000, 0x000000071ec00000, 0x000000071ec00000|100%|HC|  |TAMS 0x000000071ec00000, 0x000000071ec00000| Complete 
| 246|0x000000071ec00000, 0x000000071ee00000, 0x000000071ee00000|100%| O|  |TAMS 0x000000071ee00000, 0x000000071ee00000| Untracked 
| 247|0x000000071ee00000, 0x000000071f000000, 0x000000071f000000|100%| O|  |TAMS 0x000000071f000000, 0x000000071f000000| Untracked 
| 248|0x000000071f000000, 0x000000071f200000, 0x000000071f200000|100%| O|  |TAMS 0x000000071f200000, 0x000000071f200000| Untracked 
| 249|0x000000071f200000, 0x000000071f400000, 0x000000071f400000|100%| O|  |TAMS 0x000000071f200000, 0x000000071f400000| Untracked 
| 250|0x000000071f400000, 0x000000071f600000, 0x000000071f600000|100%| O|  |TAMS 0x000000071f600000, 0x000000071f600000| Untracked 
| 251|0x000000071f600000, 0x000000071f800000, 0x000000071f800000|100%| O|  |TAMS 0x000000071f800000, 0x000000071f800000| Untracked 
| 252|0x000000071f800000, 0x000000071fa00000, 0x000000071fa00000|100%| O|  |TAMS 0x000000071f800000, 0x000000071fa00000| Untracked 
| 253|0x000000071fa00000, 0x000000071fc00000, 0x000000071fc00000|100%| O|  |TAMS 0x000000071fa00000, 0x000000071fc00000| Untracked 
| 254|0x000000071fc00000, 0x000000071fe00000, 0x000000071fe00000|100%| O|  |TAMS 0x000000071fc00000, 0x000000071fe00000| Untracked 
| 255|0x000000071fe00000, 0x0000000720000000, 0x0000000720000000|100%| O|  |TAMS 0x0000000720000000, 0x0000000720000000| Untracked 
| 256|0x0000000720000000, 0x0000000720200000, 0x0000000720200000|100%| O|  |TAMS 0x0000000720200000, 0x0000000720200000| Untracked 
| 257|0x0000000720200000, 0x0000000720400000, 0x0000000720400000|100%| O|  |TAMS 0x0000000720200000, 0x0000000720400000| Untracked 
| 258|0x0000000720400000, 0x0000000720600000, 0x0000000720600000|100%| O|  |TAMS 0x0000000720400000, 0x0000000720600000| Untracked 
| 259|0x0000000720600000, 0x0000000720800000, 0x0000000720800000|100%| O|  |TAMS 0x0000000720800000, 0x0000000720800000| Untracked 
| 260|0x0000000720800000, 0x0000000720a00000, 0x0000000720a00000|100%| O|  |TAMS 0x0000000720800000, 0x0000000720a00000| Untracked 
| 261|0x0000000720a00000, 0x0000000720c00000, 0x0000000720c00000|100%| O|  |TAMS 0x0000000720a00000, 0x0000000720c00000| Untracked 
| 262|0x0000000720c00000, 0x0000000720e00000, 0x0000000720e00000|100%| O|  |TAMS 0x0000000720c00000, 0x0000000720e00000| Untracked 
| 263|0x0000000720e00000, 0x0000000721000000, 0x0000000721000000|100%| O|  |TAMS 0x0000000720e00000, 0x0000000721000000| Untracked 
| 264|0x0000000721000000, 0x0000000721200000, 0x0000000721200000|100%| O|  |TAMS 0x0000000721200000, 0x0000000721200000| Untracked 
| 265|0x0000000721200000, 0x0000000721200000, 0x0000000721400000|  0%| F|  |TAMS 0x0000000721200000, 0x0000000721200000| Untracked 
| 266|0x0000000721400000, 0x0000000721600000, 0x0000000721600000|100%| O|  |TAMS 0x0000000721400000, 0x0000000721600000| Untracked 
| 267|0x0000000721600000, 0x0000000721800000, 0x0000000721800000|100%| O|  |TAMS 0x0000000721600000, 0x0000000721800000| Untracked 
| 268|0x0000000721800000, 0x0000000721a00000, 0x0000000721a00000|100%| O|  |TAMS 0x0000000721800000, 0x0000000721a00000| Untracked 
| 269|0x0000000721a00000, 0x0000000721a00000, 0x0000000721c00000|  0%| F|  |TAMS 0x0000000721a00000, 0x0000000721a00000| Untracked 
| 270|0x0000000721c00000, 0x0000000721e00000, 0x0000000721e00000|100%| O|  |TAMS 0x0000000721c00000, 0x0000000721e00000| Untracked 
| 271|0x0000000721e00000, 0x0000000722000000, 0x0000000722000000|100%| O|  |TAMS 0x0000000721e00000, 0x0000000722000000| Untracked 
| 272|0x0000000722000000, 0x0000000722200000, 0x0000000722200000|100%| O|  |TAMS 0x0000000722000000, 0x0000000722200000| Untracked 
| 273|0x0000000722200000, 0x0000000722400000, 0x0000000722400000|100%| O|  |TAMS 0x0000000722200000, 0x0000000722400000| Untracked 
| 274|0x0000000722400000, 0x0000000722600000, 0x0000000722600000|100%| O|  |TAMS 0x0000000722400000, 0x0000000722600000| Untracked 
| 275|0x0000000722600000, 0x0000000722800000, 0x0000000722800000|100%| O|  |TAMS 0x0000000722600000, 0x0000000722800000| Untracked 
| 276|0x0000000722800000, 0x0000000722a00000, 0x0000000722a00000|100%| O|  |TAMS 0x0000000722800000, 0x0000000722a00000| Untracked 
| 277|0x0000000722a00000, 0x0000000722c00000, 0x0000000722c00000|100%| O|  |TAMS 0x0000000722a00000, 0x0000000722c00000| Untracked 
| 278|0x0000000722c00000, 0x0000000722e00000, 0x0000000722e00000|100%| O|  |TAMS 0x0000000722e00000, 0x0000000722e00000| Untracked 
| 279|0x0000000722e00000, 0x0000000723000000, 0x0000000723000000|100%| O|  |TAMS 0x0000000723000000, 0x0000000723000000| Untracked 
| 280|0x0000000723000000, 0x0000000723200000, 0x0000000723200000|100%| O|  |TAMS 0x0000000723200000, 0x0000000723200000| Untracked 
| 281|0x0000000723200000, 0x0000000723400000, 0x0000000723400000|100%| O|  |TAMS 0x0000000723400000, 0x0000000723400000| Untracked 
| 282|0x0000000723400000, 0x0000000723600000, 0x0000000723600000|100%| O|  |TAMS 0x0000000723600000, 0x0000000723600000| Untracked 
| 283|0x0000000723600000, 0x0000000723800000, 0x0000000723800000|100%| O|  |TAMS 0x0000000723600000, 0x0000000723800000| Untracked 
| 284|0x0000000723800000, 0x0000000723a00000, 0x0000000723a00000|100%| O|  |TAMS 0x0000000723a00000, 0x0000000723a00000| Untracked 
| 285|0x0000000723a00000, 0x0000000723c00000, 0x0000000723c00000|100%| O|  |TAMS 0x0000000723c00000, 0x0000000723c00000| Untracked 
| 286|0x0000000723c00000, 0x0000000723e00000, 0x0000000723e00000|100%| O|  |TAMS 0x0000000723e00000, 0x0000000723e00000| Untracked 
| 287|0x0000000723e00000, 0x0000000724000000, 0x0000000724000000|100%| O|  |TAMS 0x0000000724000000, 0x0000000724000000| Untracked 
| 288|0x0000000724000000, 0x0000000724200000, 0x0000000724200000|100%| O|  |TAMS 0x0000000724000000, 0x0000000724200000| Untracked 
| 289|0x0000000724200000, 0x0000000724400000, 0x0000000724400000|100%| O|  |TAMS 0x0000000724400000, 0x0000000724400000| Untracked 
| 290|0x0000000724400000, 0x0000000724400000, 0x0000000724600000|  0%| F|  |TAMS 0x0000000724400000, 0x0000000724400000| Untracked 
| 291|0x0000000724600000, 0x0000000724800000, 0x0000000724800000|100%| O|  |TAMS 0x0000000724800000, 0x0000000724800000| Untracked 
| 292|0x0000000724800000, 0x0000000724a00000, 0x0000000724a00000|100%| O|  |TAMS 0x0000000724a00000, 0x0000000724a00000| Untracked 
| 293|0x0000000724a00000, 0x0000000724c00000, 0x0000000724c00000|100%| O|  |TAMS 0x0000000724c00000, 0x0000000724c00000| Untracked 
| 294|0x0000000724c00000, 0x0000000724c00000, 0x0000000724e00000|  0%| F|  |TAMS 0x0000000724c00000, 0x0000000724c00000| Untracked 
| 295|0x0000000724e00000, 0x0000000725000000, 0x0000000725000000|100%| O|  |TAMS 0x0000000725000000, 0x0000000725000000| Untracked 
| 296|0x0000000725000000, 0x0000000725000000, 0x0000000725200000|  0%| F|  |TAMS 0x0000000725000000, 0x0000000725000000| Untracked 
| 297|0x0000000725200000, 0x0000000725400000, 0x0000000725400000|100%| O|  |TAMS 0x0000000725400000, 0x0000000725400000| Untracked 
| 298|0x0000000725400000, 0x0000000725400000, 0x0000000725600000|  0%| F|  |TAMS 0x0000000725400000, 0x0000000725400000| Untracked 
| 299|0x0000000725600000, 0x0000000725600000, 0x0000000725800000|  0%| F|  |TAMS 0x0000000725600000, 0x0000000725600000| Untracked 
| 300|0x0000000725800000, 0x0000000725800000, 0x0000000725a00000|  0%| F|  |TAMS 0x0000000725800000, 0x0000000725800000| Untracked 
| 301|0x0000000725a00000, 0x0000000725c00000, 0x0000000725c00000|100%| O|  |TAMS 0x0000000725c00000, 0x0000000725c00000| Untracked 
| 302|0x0000000725c00000, 0x0000000725c00000, 0x0000000725e00000|  0%| F|  |TAMS 0x0000000725c00000, 0x0000000725c00000| Untracked 
| 303|0x0000000725e00000, 0x0000000725e00000, 0x0000000726000000|  0%| F|  |TAMS 0x0000000725e00000, 0x0000000725e00000| Untracked 
| 304|0x0000000726000000, 0x0000000726000000, 0x0000000726200000|  0%| F|  |TAMS 0x0000000726000000, 0x0000000726000000| Untracked 
| 305|0x0000000726200000, 0x0000000726200000, 0x0000000726400000|  0%| F|  |TAMS 0x0000000726200000, 0x0000000726200000| Untracked 
| 306|0x0000000726400000, 0x0000000726400000, 0x0000000726600000|  0%| F|  |TAMS 0x0000000726400000, 0x0000000726400000| Untracked 
| 307|0x0000000726600000, 0x0000000726600000, 0x0000000726800000|  0%| F|  |TAMS 0x0000000726600000, 0x0000000726600000| Untracked 
| 308|0x0000000726800000, 0x0000000726800000, 0x0000000726a00000|  0%| F|  |TAMS 0x0000000726800000, 0x0000000726800000| Untracked 
| 309|0x0000000726a00000, 0x0000000726a00000, 0x0000000726c00000|  0%| F|  |TAMS 0x0000000726a00000, 0x0000000726a00000| Untracked 
| 310|0x0000000726c00000, 0x0000000726c00000, 0x0000000726e00000|  0%| F|  |TAMS 0x0000000726c00000, 0x0000000726c00000| Untracked 
| 311|0x0000000726e00000, 0x0000000726e00000, 0x0000000727000000|  0%| F|  |TAMS 0x0000000726e00000, 0x0000000726e00000| Untracked 
| 312|0x0000000727000000, 0x0000000727000000, 0x0000000727200000|  0%| F|  |TAMS 0x0000000727000000, 0x0000000727000000| Untracked 
| 313|0x0000000727200000, 0x0000000727200000, 0x0000000727400000|  0%| F|  |TAMS 0x0000000727200000, 0x0000000727200000| Untracked 
| 314|0x0000000727400000, 0x0000000727600000, 0x0000000727600000|100%| O|  |TAMS 0x0000000727600000, 0x0000000727600000| Untracked 
| 315|0x0000000727600000, 0x0000000727800000, 0x0000000727800000|100%| O|  |TAMS 0x0000000727800000, 0x0000000727800000| Untracked 
| 316|0x0000000727800000, 0x0000000727a00000, 0x0000000727a00000|100%| O|  |TAMS 0x0000000727a00000, 0x0000000727a00000| Untracked 
| 317|0x0000000727a00000, 0x0000000727c00000, 0x0000000727c00000|100%| O|  |TAMS 0x0000000727c00000, 0x0000000727c00000| Untracked 
| 318|0x0000000727c00000, 0x0000000727e00000, 0x0000000727e00000|100%| O|  |TAMS 0x0000000727e00000, 0x0000000727e00000| Untracked 
| 319|0x0000000727e00000, 0x0000000728000000, 0x0000000728000000|100%| O|  |TAMS 0x0000000728000000, 0x0000000728000000| Untracked 
| 320|0x0000000728000000, 0x0000000728200000, 0x0000000728200000|100%| O|  |TAMS 0x0000000728200000, 0x0000000728200000| Untracked 
| 321|0x0000000728200000, 0x0000000728400000, 0x0000000728400000|100%| O|  |TAMS 0x0000000728400000, 0x0000000728400000| Untracked 
| 322|0x0000000728400000, 0x0000000728600000, 0x0000000728600000|100%| O|  |TAMS 0x0000000728600000, 0x0000000728600000| Untracked 
| 323|0x0000000728600000, 0x0000000728800000, 0x0000000728800000|100%| O|  |TAMS 0x0000000728800000, 0x0000000728800000| Untracked 
| 324|0x0000000728800000, 0x0000000728a00000, 0x0000000728a00000|100%| O|  |TAMS 0x0000000728a00000, 0x0000000728a00000| Untracked 
| 325|0x0000000728a00000, 0x0000000728a00000, 0x0000000728c00000|  0%| F|  |TAMS 0x0000000728a00000, 0x0000000728a00000| Untracked 
| 326|0x0000000728c00000, 0x0000000728e00000, 0x0000000728e00000|100%| O|  |TAMS 0x0000000728e00000, 0x0000000728e00000| Untracked 
| 327|0x0000000728e00000, 0x0000000729000000, 0x0000000729000000|100%| O|  |TAMS 0x0000000729000000, 0x0000000729000000| Untracked 
| 328|0x0000000729000000, 0x0000000729000000, 0x0000000729200000|  0%| F|  |TAMS 0x0000000729000000, 0x0000000729000000| Untracked 
| 329|0x0000000729200000, 0x0000000729200000, 0x0000000729400000|  0%| F|  |TAMS 0x0000000729200000, 0x0000000729200000| Untracked 
| 330|0x0000000729400000, 0x0000000729600000, 0x0000000729600000|100%| O|  |TAMS 0x0000000729600000, 0x0000000729600000| Untracked 
| 331|0x0000000729600000, 0x0000000729600000, 0x0000000729800000|  0%| F|  |TAMS 0x0000000729600000, 0x0000000729600000| Untracked 
| 332|0x0000000729800000, 0x0000000729a00000, 0x0000000729a00000|100%| O|  |TAMS 0x0000000729a00000, 0x0000000729a00000| Untracked 
| 333|0x0000000729a00000, 0x0000000729c00000, 0x0000000729c00000|100%| O|  |TAMS 0x0000000729c00000, 0x0000000729c00000| Untracked 
| 334|0x0000000729c00000, 0x0000000729e00000, 0x0000000729e00000|100%| O|  |TAMS 0x0000000729e00000, 0x0000000729e00000| Untracked 
| 335|0x0000000729e00000, 0x000000072a000000, 0x000000072a000000|100%| O|  |TAMS 0x000000072a000000, 0x000000072a000000| Untracked 
| 336|0x000000072a000000, 0x000000072a200000, 0x000000072a200000|100%| O|  |TAMS 0x000000072a200000, 0x000000072a200000| Untracked 
| 337|0x000000072a200000, 0x000000072a400000, 0x000000072a400000|100%|HS|  |TAMS 0x000000072a400000, 0x000000072a400000| Complete 
| 338|0x000000072a400000, 0x000000072a600000, 0x000000072a600000|100%|HC|  |TAMS 0x000000072a600000, 0x000000072a600000| Complete 
| 339|0x000000072a600000, 0x000000072a800000, 0x000000072a800000|100%|HS|  |TAMS 0x000000072a800000, 0x000000072a800000| Complete 
| 340|0x000000072a800000, 0x000000072aa00000, 0x000000072aa00000|100%|HC|  |TAMS 0x000000072aa00000, 0x000000072aa00000| Complete 
| 341|0x000000072aa00000, 0x000000072ac00000, 0x000000072ac00000|100%| O|  |TAMS 0x000000072ac00000, 0x000000072ac00000| Untracked 
| 342|0x000000072ac00000, 0x000000072ae00000, 0x000000072ae00000|100%| O|  |TAMS 0x000000072ae00000, 0x000000072ae00000| Untracked 
| 343|0x000000072ae00000, 0x000000072ae00000, 0x000000072b000000|  0%| F|  |TAMS 0x000000072ae00000, 0x000000072ae00000| Untracked 
| 344|0x000000072b000000, 0x000000072b200000, 0x000000072b200000|100%| O|  |TAMS 0x000000072b200000, 0x000000072b200000| Untracked 
| 345|0x000000072b200000, 0x000000072b200000, 0x000000072b400000|  0%| F|  |TAMS 0x000000072b200000, 0x000000072b200000| Untracked 
| 346|0x000000072b400000, 0x000000072b400000, 0x000000072b600000|  0%| F|  |TAMS 0x000000072b400000, 0x000000072b400000| Untracked 
| 347|0x000000072b600000, 0x000000072b800000, 0x000000072b800000|100%| O|  |TAMS 0x000000072b800000, 0x000000072b800000| Untracked 
| 348|0x000000072b800000, 0x000000072ba00000, 0x000000072ba00000|100%| O|  |TAMS 0x000000072ba00000, 0x000000072ba00000| Untracked 
| 349|0x000000072ba00000, 0x000000072bc00000, 0x000000072bc00000|100%|HS|  |TAMS 0x000000072bc00000, 0x000000072bc00000| Complete 
| 350|0x000000072bc00000, 0x000000072be00000, 0x000000072be00000|100%| O|  |TAMS 0x000000072be00000, 0x000000072be00000| Untracked 
| 351|0x000000072be00000, 0x000000072c000000, 0x000000072c000000|100%| O|  |TAMS 0x000000072c000000, 0x000000072c000000| Untracked 
| 352|0x000000072c000000, 0x000000072c200000, 0x000000072c200000|100%| O|  |TAMS 0x000000072c200000, 0x000000072c200000| Untracked 
| 353|0x000000072c200000, 0x000000072c400000, 0x000000072c400000|100%| O|  |TAMS 0x000000072c400000, 0x000000072c400000| Untracked 
| 354|0x000000072c400000, 0x000000072c600000, 0x000000072c600000|100%| O|  |TAMS 0x000000072c600000, 0x000000072c600000| Untracked 
| 355|0x000000072c600000, 0x000000072c800000, 0x000000072c800000|100%| O|  |TAMS 0x000000072c800000, 0x000000072c800000| Untracked 
| 356|0x000000072c800000, 0x000000072ca00000, 0x000000072ca00000|100%| O|  |TAMS 0x000000072ca00000, 0x000000072ca00000| Untracked 
| 357|0x000000072ca00000, 0x000000072cc00000, 0x000000072cc00000|100%| O|  |TAMS 0x000000072cc00000, 0x000000072cc00000| Untracked 
| 358|0x000000072cc00000, 0x000000072cc00000, 0x000000072ce00000|  0%| F|  |TAMS 0x000000072cc00000, 0x000000072cc00000| Untracked 
| 359|0x000000072ce00000, 0x000000072ce00000, 0x000000072d000000|  0%| F|  |TAMS 0x000000072ce00000, 0x000000072ce00000| Untracked 
| 360|0x000000072d000000, 0x000000072d000000, 0x000000072d200000|  0%| F|  |TAMS 0x000000072d000000, 0x000000072d000000| Untracked 
| 361|0x000000072d200000, 0x000000072d400000, 0x000000072d400000|100%| O|  |TAMS 0x000000072d400000, 0x000000072d400000| Untracked 
| 362|0x000000072d400000, 0x000000072d600000, 0x000000072d600000|100%| O|  |TAMS 0x000000072d600000, 0x000000072d600000| Untracked 
| 363|0x000000072d600000, 0x000000072d800000, 0x000000072d800000|100%| O|  |TAMS 0x000000072d800000, 0x000000072d800000| Untracked 
| 364|0x000000072d800000, 0x000000072da00000, 0x000000072da00000|100%| O|  |TAMS 0x000000072da00000, 0x000000072da00000| Untracked 
| 365|0x000000072da00000, 0x000000072dc00000, 0x000000072dc00000|100%| O|  |TAMS 0x000000072dc00000, 0x000000072dc00000| Untracked 
| 366|0x000000072dc00000, 0x000000072de00000, 0x000000072de00000|100%| O|  |TAMS 0x000000072de00000, 0x000000072de00000| Untracked 
| 367|0x000000072de00000, 0x000000072e000000, 0x000000072e000000|100%| O|  |TAMS 0x000000072e000000, 0x000000072e000000| Untracked 
| 368|0x000000072e000000, 0x000000072e000000, 0x000000072e200000|  0%| F|  |TAMS 0x000000072e000000, 0x000000072e000000| Untracked 
| 369|0x000000072e200000, 0x000000072e200000, 0x000000072e400000|  0%| F|  |TAMS 0x000000072e200000, 0x000000072e200000| Untracked 
| 370|0x000000072e400000, 0x000000072e600000, 0x000000072e600000|100%| O|  |TAMS 0x000000072e600000, 0x000000072e600000| Untracked 
| 371|0x000000072e600000, 0x000000072e800000, 0x000000072e800000|100%| O|  |TAMS 0x000000072e800000, 0x000000072e800000| Untracked 
| 372|0x000000072e800000, 0x000000072ea00000, 0x000000072ea00000|100%| O|  |TAMS 0x000000072ea00000, 0x000000072ea00000| Untracked 
| 373|0x000000072ea00000, 0x000000072ec00000, 0x000000072ec00000|100%| O|  |TAMS 0x000000072ec00000, 0x000000072ec00000| Untracked 
| 374|0x000000072ec00000, 0x000000072ee00000, 0x000000072ee00000|100%| O|  |TAMS 0x000000072ee00000, 0x000000072ee00000| Untracked 
| 375|0x000000072ee00000, 0x000000072f000000, 0x000000072f000000|100%| O|  |TAMS 0x000000072f000000, 0x000000072f000000| Untracked 
| 376|0x000000072f000000, 0x000000072f200000, 0x000000072f200000|100%| O|  |TAMS 0x000000072f200000, 0x000000072f200000| Untracked 
| 377|0x000000072f200000, 0x000000072f400000, 0x000000072f400000|100%| O|  |TAMS 0x000000072f400000, 0x000000072f400000| Untracked 
| 378|0x000000072f400000, 0x000000072f400000, 0x000000072f600000|  0%| F|  |TAMS 0x000000072f400000, 0x000000072f400000| Untracked 
| 379|0x000000072f600000, 0x000000072f800000, 0x000000072f800000|100%| O|  |TAMS 0x000000072f800000, 0x000000072f800000| Untracked 
| 380|0x000000072f800000, 0x000000072fa00000, 0x000000072fa00000|100%| O|  |TAMS 0x000000072fa00000, 0x000000072fa00000| Untracked 
| 381|0x000000072fa00000, 0x000000072fc00000, 0x000000072fc00000|100%| O|  |TAMS 0x000000072fc00000, 0x000000072fc00000| Untracked 
| 382|0x000000072fc00000, 0x000000072fe00000, 0x000000072fe00000|100%| O|  |TAMS 0x000000072fe00000, 0x000000072fe00000| Untracked 
| 383|0x000000072fe00000, 0x0000000730000000, 0x0000000730000000|100%| O|  |TAMS 0x0000000730000000, 0x0000000730000000| Untracked 
| 384|0x0000000730000000, 0x0000000730200000, 0x0000000730200000|100%| O|  |TAMS 0x0000000730200000, 0x0000000730200000| Untracked 
| 385|0x0000000730200000, 0x0000000730400000, 0x0000000730400000|100%| O|  |TAMS 0x0000000730400000, 0x0000000730400000| Untracked 
| 386|0x0000000730400000, 0x0000000730600000, 0x0000000730600000|100%| O|  |TAMS 0x0000000730600000, 0x0000000730600000| Untracked 
| 387|0x0000000730600000, 0x0000000730800000, 0x0000000730800000|100%| O|  |TAMS 0x0000000730800000, 0x0000000730800000| Untracked 
| 388|0x0000000730800000, 0x0000000730a00000, 0x0000000730a00000|100%| O|  |TAMS 0x0000000730a00000, 0x0000000730a00000| Untracked 
| 389|0x0000000730a00000, 0x0000000730c00000, 0x0000000730c00000|100%| O|  |TAMS 0x0000000730c00000, 0x0000000730c00000| Untracked 
| 390|0x0000000730c00000, 0x0000000730e00000, 0x0000000730e00000|100%| O|  |TAMS 0x0000000730e00000, 0x0000000730e00000| Untracked 
| 391|0x0000000730e00000, 0x0000000731000000, 0x0000000731000000|100%| O|  |TAMS 0x0000000731000000, 0x0000000731000000| Untracked 
| 392|0x0000000731000000, 0x0000000731200000, 0x0000000731200000|100%| O|  |TAMS 0x0000000731200000, 0x0000000731200000| Untracked 
| 393|0x0000000731200000, 0x0000000731400000, 0x0000000731400000|100%| O|  |TAMS 0x0000000731400000, 0x0000000731400000| Untracked 
| 394|0x0000000731400000, 0x0000000731600000, 0x0000000731600000|100%| O|  |TAMS 0x0000000731600000, 0x0000000731600000| Untracked 
| 395|0x0000000731600000, 0x0000000731800000, 0x0000000731800000|100%| O|  |TAMS 0x00000007317aac00, 0x0000000731800000| Untracked 
| 396|0x0000000731800000, 0x0000000731800000, 0x0000000731a00000|  0%| F|  |TAMS 0x0000000731800000, 0x0000000731800000| Untracked 
| 397|0x0000000731a00000, 0x0000000731a00000, 0x0000000731c00000|  0%| F|  |TAMS 0x0000000731a00000, 0x0000000731a00000| Untracked 
| 398|0x0000000731c00000, 0x0000000731c00000, 0x0000000731e00000|  0%| F|  |TAMS 0x0000000731c00000, 0x0000000731c00000| Untracked 
| 399|0x0000000731e00000, 0x0000000731e00000, 0x0000000732000000|  0%| F|  |TAMS 0x0000000731e00000, 0x0000000731e00000| Untracked 
| 400|0x0000000732000000, 0x0000000732000000, 0x0000000732200000|  0%| F|  |TAMS 0x0000000732000000, 0x0000000732000000| Untracked 
| 401|0x0000000732200000, 0x0000000732200000, 0x0000000732400000|  0%| F|  |TAMS 0x0000000732200000, 0x0000000732200000| Untracked 
| 402|0x0000000732400000, 0x0000000732400000, 0x0000000732600000|  0%| F|  |TAMS 0x0000000732400000, 0x0000000732400000| Untracked 
| 403|0x0000000732600000, 0x0000000732600000, 0x0000000732800000|  0%| F|  |TAMS 0x0000000732600000, 0x0000000732600000| Untracked 
| 404|0x0000000732800000, 0x0000000732800000, 0x0000000732a00000|  0%| F|  |TAMS 0x0000000732800000, 0x0000000732800000| Untracked 
| 405|0x0000000732a00000, 0x0000000732a00000, 0x0000000732c00000|  0%| F|  |TAMS 0x0000000732a00000, 0x0000000732a00000| Untracked 
| 406|0x0000000732c00000, 0x0000000732c00000, 0x0000000732e00000|  0%| F|  |TAMS 0x0000000732c00000, 0x0000000732c00000| Untracked 
| 407|0x0000000732e00000, 0x0000000732e00000, 0x0000000733000000|  0%| F|  |TAMS 0x0000000732e00000, 0x0000000732e00000| Untracked 
| 408|0x0000000733000000, 0x0000000733000000, 0x0000000733200000|  0%| F|  |TAMS 0x0000000733000000, 0x0000000733000000| Untracked 
| 409|0x0000000733200000, 0x0000000733200000, 0x0000000733400000|  0%| F|  |TAMS 0x0000000733200000, 0x0000000733200000| Untracked 
| 410|0x0000000733400000, 0x0000000733400000, 0x0000000733600000|  0%| F|  |TAMS 0x0000000733400000, 0x0000000733400000| Untracked 
| 411|0x0000000733600000, 0x0000000733600000, 0x0000000733800000|  0%| F|  |TAMS 0x0000000733600000, 0x0000000733600000| Untracked 
| 412|0x0000000733800000, 0x0000000733800000, 0x0000000733a00000|  0%| F|  |TAMS 0x0000000733800000, 0x0000000733800000| Untracked 
| 413|0x0000000733a00000, 0x0000000733a00000, 0x0000000733c00000|  0%| F|  |TAMS 0x0000000733a00000, 0x0000000733a00000| Untracked 
| 414|0x0000000733c00000, 0x0000000733c00000, 0x0000000733e00000|  0%| F|  |TAMS 0x0000000733c00000, 0x0000000733c00000| Untracked 
| 415|0x0000000733e00000, 0x0000000733e00000, 0x0000000734000000|  0%| F|  |TAMS 0x0000000733e00000, 0x0000000733e00000| Untracked 
| 416|0x0000000734000000, 0x0000000734000000, 0x0000000734200000|  0%| F|  |TAMS 0x0000000734000000, 0x0000000734000000| Untracked 
| 417|0x0000000734200000, 0x0000000734200000, 0x0000000734400000|  0%| F|  |TAMS 0x0000000734200000, 0x0000000734200000| Untracked 
| 418|0x0000000734400000, 0x0000000734400000, 0x0000000734600000|  0%| F|  |TAMS 0x0000000734400000, 0x0000000734400000| Untracked 
| 419|0x0000000734600000, 0x0000000734600000, 0x0000000734800000|  0%| F|  |TAMS 0x0000000734600000, 0x0000000734600000| Untracked 
| 420|0x0000000734800000, 0x0000000734800000, 0x0000000734a00000|  0%| F|  |TAMS 0x0000000734800000, 0x0000000734800000| Untracked 
| 421|0x0000000734a00000, 0x0000000734a00000, 0x0000000734c00000|  0%| F|  |TAMS 0x0000000734a00000, 0x0000000734a00000| Untracked 
| 422|0x0000000734c00000, 0x0000000734c00000, 0x0000000734e00000|  0%| F|  |TAMS 0x0000000734c00000, 0x0000000734c00000| Untracked 
| 423|0x0000000734e00000, 0x0000000734e00000, 0x0000000735000000|  0%| F|  |TAMS 0x0000000734e00000, 0x0000000734e00000| Untracked 
| 424|0x0000000735000000, 0x0000000735000000, 0x0000000735200000|  0%| F|  |TAMS 0x0000000735000000, 0x0000000735000000| Untracked 
| 425|0x0000000735200000, 0x0000000735200000, 0x0000000735400000|  0%| F|  |TAMS 0x0000000735200000, 0x0000000735200000| Untracked 
| 426|0x0000000735400000, 0x0000000735400000, 0x0000000735600000|  0%| F|  |TAMS 0x0000000735400000, 0x0000000735400000| Untracked 
| 427|0x0000000735600000, 0x0000000735600000, 0x0000000735800000|  0%| F|  |TAMS 0x0000000735600000, 0x0000000735600000| Untracked 
| 428|0x0000000735800000, 0x0000000735800000, 0x0000000735a00000|  0%| F|  |TAMS 0x0000000735800000, 0x0000000735800000| Untracked 
| 429|0x0000000735a00000, 0x0000000735a00000, 0x0000000735c00000|  0%| F|  |TAMS 0x0000000735a00000, 0x0000000735a00000| Untracked 
| 430|0x0000000735c00000, 0x0000000735c00000, 0x0000000735e00000|  0%| F|  |TAMS 0x0000000735c00000, 0x0000000735c00000| Untracked 
| 431|0x0000000735e00000, 0x0000000735e00000, 0x0000000736000000|  0%| F|  |TAMS 0x0000000735e00000, 0x0000000735e00000| Untracked 
| 432|0x0000000736000000, 0x0000000736000000, 0x0000000736200000|  0%| F|  |TAMS 0x0000000736000000, 0x0000000736000000| Untracked 
| 433|0x0000000736200000, 0x0000000736200000, 0x0000000736400000|  0%| F|  |TAMS 0x0000000736200000, 0x0000000736200000| Untracked 
| 434|0x0000000736400000, 0x0000000736400000, 0x0000000736600000|  0%| F|  |TAMS 0x0000000736400000, 0x0000000736400000| Untracked 
| 435|0x0000000736600000, 0x0000000736600000, 0x0000000736800000|  0%| F|  |TAMS 0x0000000736600000, 0x0000000736600000| Untracked 
| 436|0x0000000736800000, 0x0000000736800000, 0x0000000736a00000|  0%| F|  |TAMS 0x0000000736800000, 0x0000000736800000| Untracked 
| 437|0x0000000736a00000, 0x0000000736a00000, 0x0000000736c00000|  0%| F|  |TAMS 0x0000000736a00000, 0x0000000736a00000| Untracked 
| 438|0x0000000736c00000, 0x0000000736c00000, 0x0000000736e00000|  0%| F|  |TAMS 0x0000000736c00000, 0x0000000736c00000| Untracked 
| 439|0x0000000736e00000, 0x0000000736e00000, 0x0000000737000000|  0%| F|  |TAMS 0x0000000736e00000, 0x0000000736e00000| Untracked 
| 440|0x0000000737000000, 0x0000000737000000, 0x0000000737200000|  0%| F|  |TAMS 0x0000000737000000, 0x0000000737000000| Untracked 
| 441|0x0000000737200000, 0x0000000737200000, 0x0000000737400000|  0%| F|  |TAMS 0x0000000737200000, 0x0000000737200000| Untracked 
| 442|0x0000000737400000, 0x0000000737400000, 0x0000000737600000|  0%| F|  |TAMS 0x0000000737400000, 0x0000000737400000| Untracked 
| 443|0x0000000737600000, 0x0000000737600000, 0x0000000737800000|  0%| F|  |TAMS 0x0000000737600000, 0x0000000737600000| Untracked 
| 444|0x0000000737800000, 0x0000000737800000, 0x0000000737a00000|  0%| F|  |TAMS 0x0000000737800000, 0x0000000737800000| Untracked 
| 445|0x0000000737a00000, 0x0000000737a00000, 0x0000000737c00000|  0%| F|  |TAMS 0x0000000737a00000, 0x0000000737a00000| Untracked 
| 446|0x0000000737c00000, 0x0000000737c00000, 0x0000000737e00000|  0%| F|  |TAMS 0x0000000737c00000, 0x0000000737c00000| Untracked 
| 447|0x0000000737e00000, 0x0000000737e00000, 0x0000000738000000|  0%| F|  |TAMS 0x0000000737e00000, 0x0000000737e00000| Untracked 
| 448|0x0000000738000000, 0x0000000738000000, 0x0000000738200000|  0%| F|  |TAMS 0x0000000738000000, 0x0000000738000000| Untracked 
| 449|0x0000000738200000, 0x0000000738200000, 0x0000000738400000|  0%| F|  |TAMS 0x0000000738200000, 0x0000000738200000| Untracked 
| 450|0x0000000738400000, 0x0000000738400000, 0x0000000738600000|  0%| F|  |TAMS 0x0000000738400000, 0x0000000738400000| Untracked 
| 451|0x0000000738600000, 0x0000000738600000, 0x0000000738800000|  0%| F|  |TAMS 0x0000000738600000, 0x0000000738600000| Untracked 
| 452|0x0000000738800000, 0x0000000738800000, 0x0000000738a00000|  0%| F|  |TAMS 0x0000000738800000, 0x0000000738800000| Untracked 
| 453|0x0000000738a00000, 0x0000000738a00000, 0x0000000738c00000|  0%| F|  |TAMS 0x0000000738a00000, 0x0000000738a00000| Untracked 
| 454|0x0000000738c00000, 0x0000000738c00000, 0x0000000738e00000|  0%| F|  |TAMS 0x0000000738c00000, 0x0000000738c00000| Untracked 
| 455|0x0000000738e00000, 0x0000000738e00000, 0x0000000739000000|  0%| F|  |TAMS 0x0000000738e00000, 0x0000000738e00000| Untracked 
| 456|0x0000000739000000, 0x0000000739000000, 0x0000000739200000|  0%| F|  |TAMS 0x0000000739000000, 0x0000000739000000| Untracked 
| 457|0x0000000739200000, 0x0000000739200000, 0x0000000739400000|  0%| F|  |TAMS 0x0000000739200000, 0x0000000739200000| Untracked 
| 458|0x0000000739400000, 0x0000000739400000, 0x0000000739600000|  0%| F|  |TAMS 0x0000000739400000, 0x0000000739400000| Untracked 
| 459|0x0000000739600000, 0x0000000739600000, 0x0000000739800000|  0%| F|  |TAMS 0x0000000739600000, 0x0000000739600000| Untracked 
| 460|0x0000000739800000, 0x0000000739800000, 0x0000000739a00000|  0%| F|  |TAMS 0x0000000739800000, 0x0000000739800000| Untracked 
| 461|0x0000000739a00000, 0x0000000739a00000, 0x0000000739c00000|  0%| F|  |TAMS 0x0000000739a00000, 0x0000000739a00000| Untracked 
| 462|0x0000000739c00000, 0x0000000739c00000, 0x0000000739e00000|  0%| F|  |TAMS 0x0000000739c00000, 0x0000000739c00000| Untracked 
| 463|0x0000000739e00000, 0x0000000739e00000, 0x000000073a000000|  0%| F|  |TAMS 0x0000000739e00000, 0x0000000739e00000| Untracked 
| 464|0x000000073a000000, 0x000000073a000000, 0x000000073a200000|  0%| F|  |TAMS 0x000000073a000000, 0x000000073a000000| Untracked 
| 465|0x000000073a200000, 0x000000073a200000, 0x000000073a400000|  0%| F|  |TAMS 0x000000073a200000, 0x000000073a200000| Untracked 
| 466|0x000000073a400000, 0x000000073a400000, 0x000000073a600000|  0%| F|  |TAMS 0x000000073a400000, 0x000000073a400000| Untracked 
| 467|0x000000073a600000, 0x000000073a600000, 0x000000073a800000|  0%| F|  |TAMS 0x000000073a600000, 0x000000073a600000| Untracked 
| 468|0x000000073a800000, 0x000000073a800000, 0x000000073aa00000|  0%| F|  |TAMS 0x000000073a800000, 0x000000073a800000| Untracked 
| 469|0x000000073aa00000, 0x000000073aa00000, 0x000000073ac00000|  0%| F|  |TAMS 0x000000073aa00000, 0x000000073aa00000| Untracked 
| 470|0x000000073ac00000, 0x000000073ac00000, 0x000000073ae00000|  0%| F|  |TAMS 0x000000073ac00000, 0x000000073ac00000| Untracked 
| 471|0x000000073ae00000, 0x000000073ae00000, 0x000000073b000000|  0%| F|  |TAMS 0x000000073ae00000, 0x000000073ae00000| Untracked 
| 472|0x000000073b000000, 0x000000073b000000, 0x000000073b200000|  0%| F|  |TAMS 0x000000073b000000, 0x000000073b000000| Untracked 
| 473|0x000000073b200000, 0x000000073b200000, 0x000000073b400000|  0%| F|  |TAMS 0x000000073b200000, 0x000000073b200000| Untracked 
| 474|0x000000073b400000, 0x000000073b400000, 0x000000073b600000|  0%| F|  |TAMS 0x000000073b400000, 0x000000073b400000| Untracked 
| 475|0x000000073b600000, 0x000000073b600000, 0x000000073b800000|  0%| F|  |TAMS 0x000000073b600000, 0x000000073b600000| Untracked 
| 476|0x000000073b800000, 0x000000073b800000, 0x000000073ba00000|  0%| F|  |TAMS 0x000000073b800000, 0x000000073b800000| Untracked 
| 477|0x000000073ba00000, 0x000000073ba00000, 0x000000073bc00000|  0%| F|  |TAMS 0x000000073ba00000, 0x000000073ba00000| Untracked 
| 478|0x000000073bc00000, 0x000000073bc00000, 0x000000073be00000|  0%| F|  |TAMS 0x000000073bc00000, 0x000000073bc00000| Untracked 
| 479|0x000000073be00000, 0x000000073be00000, 0x000000073c000000|  0%| F|  |TAMS 0x000000073be00000, 0x000000073be00000| Untracked 
| 480|0x000000073c000000, 0x000000073c000000, 0x000000073c200000|  0%| F|  |TAMS 0x000000073c000000, 0x000000073c000000| Untracked 
| 481|0x000000073c200000, 0x000000073c200000, 0x000000073c400000|  0%| F|  |TAMS 0x000000073c200000, 0x000000073c200000| Untracked 
| 482|0x000000073c400000, 0x000000073c400000, 0x000000073c600000|  0%| F|  |TAMS 0x000000073c400000, 0x000000073c400000| Untracked 
| 483|0x000000073c600000, 0x000000073c600000, 0x000000073c800000|  0%| F|  |TAMS 0x000000073c600000, 0x000000073c600000| Untracked 
| 484|0x000000073c800000, 0x000000073c800000, 0x000000073ca00000|  0%| F|  |TAMS 0x000000073c800000, 0x000000073c800000| Untracked 
| 485|0x000000073ca00000, 0x000000073ca00000, 0x000000073cc00000|  0%| F|  |TAMS 0x000000073ca00000, 0x000000073ca00000| Untracked 
| 486|0x000000073cc00000, 0x000000073ce00000, 0x000000073ce00000|100%| S|CS|TAMS 0x000000073cc00000, 0x000000073cc00000| Complete 
| 487|0x000000073ce00000, 0x000000073d000000, 0x000000073d000000|100%| S|CS|TAMS 0x000000073ce00000, 0x000000073ce00000| Complete 
| 488|0x000000073d000000, 0x000000073d200000, 0x000000073d200000|100%| S|CS|TAMS 0x000000073d000000, 0x000000073d000000| Complete 
| 489|0x000000073d200000, 0x000000073d400000, 0x000000073d400000|100%| S|CS|TAMS 0x000000073d200000, 0x000000073d200000| Complete 
| 490|0x000000073d400000, 0x000000073d600000, 0x000000073d600000|100%| S|CS|TAMS 0x000000073d400000, 0x000000073d400000| Complete 
| 491|0x000000073d600000, 0x000000073d800000, 0x000000073d800000|100%| S|CS|TAMS 0x000000073d600000, 0x000000073d600000| Complete 
| 492|0x000000073d800000, 0x000000073da00000, 0x000000073da00000|100%| S|CS|TAMS 0x000000073d800000, 0x000000073d800000| Complete 
| 493|0x000000073da00000, 0x000000073dc00000, 0x000000073dc00000|100%| S|CS|TAMS 0x000000073da00000, 0x000000073da00000| Complete 
| 494|0x000000073dc00000, 0x000000073de00000, 0x000000073de00000|100%| S|CS|TAMS 0x000000073dc00000, 0x000000073dc00000| Complete 
| 495|0x000000073de00000, 0x000000073e000000, 0x000000073e000000|100%| S|CS|TAMS 0x000000073de00000, 0x000000073de00000| Complete 
| 496|0x000000073e000000, 0x000000073e200000, 0x000000073e200000|100%| S|CS|TAMS 0x000000073e000000, 0x000000073e000000| Complete 
| 497|0x000000073e200000, 0x000000073e400000, 0x000000073e400000|100%| S|CS|TAMS 0x000000073e200000, 0x000000073e200000| Complete 
| 498|0x000000073e400000, 0x000000073e600000, 0x000000073e600000|100%| S|CS|TAMS 0x000000073e400000, 0x000000073e400000| Complete 
| 499|0x000000073e600000, 0x000000073e800000, 0x000000073e800000|100%| S|CS|TAMS 0x000000073e600000, 0x000000073e600000| Complete 
| 500|0x000000073e800000, 0x000000073ea00000, 0x000000073ea00000|100%| S|CS|TAMS 0x000000073e800000, 0x000000073e800000| Complete 
| 501|0x000000073ea00000, 0x000000073ec00000, 0x000000073ec00000|100%| S|CS|TAMS 0x000000073ea00000, 0x000000073ea00000| Complete 
| 502|0x000000073ec00000, 0x000000073ee00000, 0x000000073ee00000|100%| S|CS|TAMS 0x000000073ec00000, 0x000000073ec00000| Complete 
| 503|0x000000073ee00000, 0x000000073f000000, 0x000000073f000000|100%| S|CS|TAMS 0x000000073ee00000, 0x000000073ee00000| Complete 
| 504|0x000000073f000000, 0x000000073f200000, 0x000000073f200000|100%| S|CS|TAMS 0x000000073f000000, 0x000000073f000000| Complete 
| 505|0x000000073f200000, 0x000000073f400000, 0x000000073f400000|100%| S|CS|TAMS 0x000000073f200000, 0x000000073f200000| Complete 
| 506|0x000000073f400000, 0x000000073f600000, 0x000000073f600000|100%| S|CS|TAMS 0x000000073f400000, 0x000000073f400000| Complete 
| 507|0x000000073f600000, 0x000000073f800000, 0x000000073f800000|100%| S|CS|TAMS 0x000000073f600000, 0x000000073f600000| Complete 
| 508|0x000000073f800000, 0x000000073fa00000, 0x000000073fa00000|100%| S|CS|TAMS 0x000000073f800000, 0x000000073f800000| Complete 
| 509|0x000000073fa00000, 0x000000073fc00000, 0x000000073fc00000|100%| S|CS|TAMS 0x000000073fa00000, 0x000000073fa00000| Complete 
| 510|0x000000073fc00000, 0x000000073fe00000, 0x000000073fe00000|100%| S|CS|TAMS 0x000000073fc00000, 0x000000073fc00000| Complete 
| 511|0x000000073fe00000, 0x0000000740000000, 0x0000000740000000|100%| S|CS|TAMS 0x000000073fe00000, 0x000000073fe00000| Complete 
| 512|0x0000000740000000, 0x0000000740200000, 0x0000000740200000|100%| S|CS|TAMS 0x0000000740000000, 0x0000000740000000| Complete 
| 513|0x0000000740200000, 0x0000000740400000, 0x0000000740400000|100%| S|CS|TAMS 0x0000000740200000, 0x0000000740200000| Complete 
| 514|0x0000000740400000, 0x0000000740600000, 0x0000000740600000|100%| S|CS|TAMS 0x0000000740400000, 0x0000000740400000| Complete 
| 515|0x0000000740600000, 0x0000000740800000, 0x0000000740800000|100%| S|CS|TAMS 0x0000000740600000, 0x0000000740600000| Complete 
| 516|0x0000000740800000, 0x0000000740a00000, 0x0000000740a00000|100%| S|CS|TAMS 0x0000000740800000, 0x0000000740800000| Complete 
| 517|0x0000000740a00000, 0x0000000740c00000, 0x0000000740c00000|100%| S|CS|TAMS 0x0000000740a00000, 0x0000000740a00000| Complete 
| 518|0x0000000740c00000, 0x0000000740e00000, 0x0000000740e00000|100%| S|CS|TAMS 0x0000000740c00000, 0x0000000740c00000| Complete 
| 519|0x0000000740e00000, 0x0000000741000000, 0x0000000741000000|100%| S|CS|TAMS 0x0000000740e00000, 0x0000000740e00000| Complete 
| 520|0x0000000741000000, 0x0000000741000000, 0x0000000741200000|  0%| F|  |TAMS 0x0000000741000000, 0x0000000741000000| Untracked 
| 521|0x0000000741200000, 0x0000000741200000, 0x0000000741400000|  0%| F|  |TAMS 0x0000000741200000, 0x0000000741200000| Untracked 
| 522|0x0000000741400000, 0x0000000741400000, 0x0000000741600000|  0%| F|  |TAMS 0x0000000741400000, 0x0000000741400000| Untracked 
| 523|0x0000000741600000, 0x0000000741600000, 0x0000000741800000|  0%| F|  |TAMS 0x0000000741600000, 0x0000000741600000| Untracked 
| 524|0x0000000741800000, 0x0000000741800000, 0x0000000741a00000|  0%| F|  |TAMS 0x0000000741800000, 0x0000000741800000| Untracked 
| 525|0x0000000741a00000, 0x0000000741a00000, 0x0000000741c00000|  0%| F|  |TAMS 0x0000000741a00000, 0x0000000741a00000| Untracked 
| 526|0x0000000741c00000, 0x0000000741c00000, 0x0000000741e00000|  0%| F|  |TAMS 0x0000000741c00000, 0x0000000741c00000| Untracked 
| 527|0x0000000741e00000, 0x0000000741e00000, 0x0000000742000000|  0%| F|  |TAMS 0x0000000741e00000, 0x0000000741e00000| Untracked 
| 528|0x0000000742000000, 0x0000000742000000, 0x0000000742200000|  0%| F|  |TAMS 0x0000000742000000, 0x0000000742000000| Untracked 
| 529|0x0000000742200000, 0x0000000742200000, 0x0000000742400000|  0%| F|  |TAMS 0x0000000742200000, 0x0000000742200000| Untracked 
| 530|0x0000000742400000, 0x0000000742400000, 0x0000000742600000|  0%| F|  |TAMS 0x0000000742400000, 0x0000000742400000| Untracked 
| 531|0x0000000742600000, 0x0000000742600000, 0x0000000742800000|  0%| F|  |TAMS 0x0000000742600000, 0x0000000742600000| Untracked 
| 532|0x0000000742800000, 0x0000000742800000, 0x0000000742a00000|  0%| F|  |TAMS 0x0000000742800000, 0x0000000742800000| Untracked 
| 533|0x0000000742a00000, 0x0000000742a00000, 0x0000000742c00000|  0%| F|  |TAMS 0x0000000742a00000, 0x0000000742a00000| Untracked 
| 534|0x0000000742c00000, 0x0000000742c00000, 0x0000000742e00000|  0%| F|  |TAMS 0x0000000742c00000, 0x0000000742c00000| Untracked 
| 535|0x0000000742e00000, 0x0000000742e00000, 0x0000000743000000|  0%| F|  |TAMS 0x0000000742e00000, 0x0000000742e00000| Untracked 
| 536|0x0000000743000000, 0x0000000743000000, 0x0000000743200000|  0%| F|  |TAMS 0x0000000743000000, 0x0000000743000000| Untracked 
| 537|0x0000000743200000, 0x0000000743200000, 0x0000000743400000|  0%| F|  |TAMS 0x0000000743200000, 0x0000000743200000| Untracked 
| 538|0x0000000743400000, 0x0000000743400000, 0x0000000743600000|  0%| F|  |TAMS 0x0000000743400000, 0x0000000743400000| Untracked 
| 539|0x0000000743600000, 0x0000000743600000, 0x0000000743800000|  0%| F|  |TAMS 0x0000000743600000, 0x0000000743600000| Untracked 
| 540|0x0000000743800000, 0x0000000743800000, 0x0000000743a00000|  0%| F|  |TAMS 0x0000000743800000, 0x0000000743800000| Untracked 
| 541|0x0000000743a00000, 0x0000000743a00000, 0x0000000743c00000|  0%| F|  |TAMS 0x0000000743a00000, 0x0000000743a00000| Untracked 
| 542|0x0000000743c00000, 0x0000000743c00000, 0x0000000743e00000|  0%| F|  |TAMS 0x0000000743c00000, 0x0000000743c00000| Untracked 
| 543|0x0000000743e00000, 0x0000000743e00000, 0x0000000744000000|  0%| F|  |TAMS 0x0000000743e00000, 0x0000000743e00000| Untracked 
| 544|0x0000000744000000, 0x0000000744000000, 0x0000000744200000|  0%| F|  |TAMS 0x0000000744000000, 0x0000000744000000| Untracked 
| 545|0x0000000744200000, 0x0000000744200000, 0x0000000744400000|  0%| F|  |TAMS 0x0000000744200000, 0x0000000744200000| Untracked 
| 546|0x0000000744400000, 0x0000000744400000, 0x0000000744600000|  0%| F|  |TAMS 0x0000000744400000, 0x0000000744400000| Untracked 
| 547|0x0000000744600000, 0x0000000744600000, 0x0000000744800000|  0%| F|  |TAMS 0x0000000744600000, 0x0000000744600000| Untracked 
| 548|0x0000000744800000, 0x0000000744800000, 0x0000000744a00000|  0%| F|  |TAMS 0x0000000744800000, 0x0000000744800000| Untracked 
| 549|0x0000000744a00000, 0x0000000744a00000, 0x0000000744c00000|  0%| F|  |TAMS 0x0000000744a00000, 0x0000000744a00000| Untracked 
| 550|0x0000000744c00000, 0x0000000744c00000, 0x0000000744e00000|  0%| F|  |TAMS 0x0000000744c00000, 0x0000000744c00000| Untracked 
| 551|0x0000000744e00000, 0x0000000744e00000, 0x0000000745000000|  0%| F|  |TAMS 0x0000000744e00000, 0x0000000744e00000| Untracked 
| 552|0x0000000745000000, 0x0000000745000000, 0x0000000745200000|  0%| F|  |TAMS 0x0000000745000000, 0x0000000745000000| Untracked 
| 553|0x0000000745200000, 0x0000000745200000, 0x0000000745400000|  0%| F|  |TAMS 0x0000000745200000, 0x0000000745200000| Untracked 
| 554|0x0000000745400000, 0x0000000745400000, 0x0000000745600000|  0%| F|  |TAMS 0x0000000745400000, 0x0000000745400000| Untracked 
| 555|0x0000000745600000, 0x0000000745600000, 0x0000000745800000|  0%| F|  |TAMS 0x0000000745600000, 0x0000000745600000| Untracked 
| 556|0x0000000745800000, 0x0000000745800000, 0x0000000745a00000|  0%| F|  |TAMS 0x0000000745800000, 0x0000000745800000| Untracked 
| 557|0x0000000745a00000, 0x0000000745a00000, 0x0000000745c00000|  0%| F|  |TAMS 0x0000000745a00000, 0x0000000745a00000| Untracked 
| 558|0x0000000745c00000, 0x0000000745c00000, 0x0000000745e00000|  0%| F|  |TAMS 0x0000000745c00000, 0x0000000745c00000| Untracked 
| 559|0x0000000745e00000, 0x0000000745e00000, 0x0000000746000000|  0%| F|  |TAMS 0x0000000745e00000, 0x0000000745e00000| Untracked 
| 560|0x0000000746000000, 0x0000000746000000, 0x0000000746200000|  0%| F|  |TAMS 0x0000000746000000, 0x0000000746000000| Untracked 
| 561|0x0000000746200000, 0x0000000746200000, 0x0000000746400000|  0%| F|  |TAMS 0x0000000746200000, 0x0000000746200000| Untracked 
| 562|0x0000000746400000, 0x0000000746400000, 0x0000000746600000|  0%| F|  |TAMS 0x0000000746400000, 0x0000000746400000| Untracked 
| 563|0x0000000746600000, 0x0000000746600000, 0x0000000746800000|  0%| F|  |TAMS 0x0000000746600000, 0x0000000746600000| Untracked 
| 564|0x0000000746800000, 0x0000000746800000, 0x0000000746a00000|  0%| F|  |TAMS 0x0000000746800000, 0x0000000746800000| Untracked 
| 565|0x0000000746a00000, 0x0000000746a00000, 0x0000000746c00000|  0%| F|  |TAMS 0x0000000746a00000, 0x0000000746a00000| Untracked 
| 566|0x0000000746c00000, 0x0000000746c00000, 0x0000000746e00000|  0%| F|  |TAMS 0x0000000746c00000, 0x0000000746c00000| Untracked 
| 567|0x0000000746e00000, 0x0000000746e00000, 0x0000000747000000|  0%| F|  |TAMS 0x0000000746e00000, 0x0000000746e00000| Untracked 
| 568|0x0000000747000000, 0x0000000747000000, 0x0000000747200000|  0%| F|  |TAMS 0x0000000747000000, 0x0000000747000000| Untracked 
| 569|0x0000000747200000, 0x0000000747200000, 0x0000000747400000|  0%| F|  |TAMS 0x0000000747200000, 0x0000000747200000| Untracked 
| 570|0x0000000747400000, 0x0000000747400000, 0x0000000747600000|  0%| F|  |TAMS 0x0000000747400000, 0x0000000747400000| Untracked 
| 571|0x0000000747600000, 0x0000000747600000, 0x0000000747800000|  0%| F|  |TAMS 0x0000000747600000, 0x0000000747600000| Untracked 
| 572|0x0000000747800000, 0x0000000747800000, 0x0000000747a00000|  0%| F|  |TAMS 0x0000000747800000, 0x0000000747800000| Untracked 
| 573|0x0000000747a00000, 0x0000000747a00000, 0x0000000747c00000|  0%| F|  |TAMS 0x0000000747a00000, 0x0000000747a00000| Untracked 
| 574|0x0000000747c00000, 0x0000000747c00000, 0x0000000747e00000|  0%| F|  |TAMS 0x0000000747c00000, 0x0000000747c00000| Untracked 
| 575|0x0000000747e00000, 0x0000000747e00000, 0x0000000748000000|  0%| F|  |TAMS 0x0000000747e00000, 0x0000000747e00000| Untracked 
| 576|0x0000000748000000, 0x0000000748000000, 0x0000000748200000|  0%| F|  |TAMS 0x0000000748000000, 0x0000000748000000| Untracked 
| 577|0x0000000748200000, 0x0000000748200000, 0x0000000748400000|  0%| F|  |TAMS 0x0000000748200000, 0x0000000748200000| Untracked 
| 578|0x0000000748400000, 0x0000000748400000, 0x0000000748600000|  0%| F|  |TAMS 0x0000000748400000, 0x0000000748400000| Untracked 
| 579|0x0000000748600000, 0x0000000748600000, 0x0000000748800000|  0%| F|  |TAMS 0x0000000748600000, 0x0000000748600000| Untracked 
| 580|0x0000000748800000, 0x0000000748800000, 0x0000000748a00000|  0%| F|  |TAMS 0x0000000748800000, 0x0000000748800000| Untracked 
| 581|0x0000000748a00000, 0x0000000748a00000, 0x0000000748c00000|  0%| F|  |TAMS 0x0000000748a00000, 0x0000000748a00000| Untracked 
| 582|0x0000000748c00000, 0x0000000748c00000, 0x0000000748e00000|  0%| F|  |TAMS 0x0000000748c00000, 0x0000000748c00000| Untracked 
| 583|0x0000000748e00000, 0x0000000748e00000, 0x0000000749000000|  0%| F|  |TAMS 0x0000000748e00000, 0x0000000748e00000| Untracked 
| 584|0x0000000749000000, 0x0000000749000000, 0x0000000749200000|  0%| F|  |TAMS 0x0000000749000000, 0x0000000749000000| Untracked 
| 585|0x0000000749200000, 0x0000000749200000, 0x0000000749400000|  0%| F|  |TAMS 0x0000000749200000, 0x0000000749200000| Untracked 
| 586|0x0000000749400000, 0x0000000749400000, 0x0000000749600000|  0%| F|  |TAMS 0x0000000749400000, 0x0000000749400000| Untracked 
| 587|0x0000000749600000, 0x0000000749600000, 0x0000000749800000|  0%| F|  |TAMS 0x0000000749600000, 0x0000000749600000| Untracked 
| 588|0x0000000749800000, 0x0000000749800000, 0x0000000749a00000|  0%| F|  |TAMS 0x0000000749800000, 0x0000000749800000| Untracked 
| 589|0x0000000749a00000, 0x0000000749a00000, 0x0000000749c00000|  0%| F|  |TAMS 0x0000000749a00000, 0x0000000749a00000| Untracked 
| 590|0x0000000749c00000, 0x0000000749c00000, 0x0000000749e00000|  0%| F|  |TAMS 0x0000000749c00000, 0x0000000749c00000| Untracked 
| 591|0x0000000749e00000, 0x0000000749e00000, 0x000000074a000000|  0%| F|  |TAMS 0x0000000749e00000, 0x0000000749e00000| Untracked 
| 592|0x000000074a000000, 0x000000074a000000, 0x000000074a200000|  0%| F|  |TAMS 0x000000074a000000, 0x000000074a000000| Untracked 
| 593|0x000000074a200000, 0x000000074a200000, 0x000000074a400000|  0%| F|  |TAMS 0x000000074a200000, 0x000000074a200000| Untracked 
| 594|0x000000074a400000, 0x000000074a400000, 0x000000074a600000|  0%| F|  |TAMS 0x000000074a400000, 0x000000074a400000| Untracked 
| 595|0x000000074a600000, 0x000000074a600000, 0x000000074a800000|  0%| F|  |TAMS 0x000000074a600000, 0x000000074a600000| Untracked 
| 596|0x000000074a800000, 0x000000074a800000, 0x000000074aa00000|  0%| F|  |TAMS 0x000000074a800000, 0x000000074a800000| Untracked 
| 597|0x000000074aa00000, 0x000000074aa00000, 0x000000074ac00000|  0%| F|  |TAMS 0x000000074aa00000, 0x000000074aa00000| Untracked 
| 598|0x000000074ac00000, 0x000000074ac00000, 0x000000074ae00000|  0%| F|  |TAMS 0x000000074ac00000, 0x000000074ac00000| Untracked 
| 599|0x000000074ae00000, 0x000000074ae00000, 0x000000074b000000|  0%| F|  |TAMS 0x000000074ae00000, 0x000000074ae00000| Untracked 
| 600|0x000000074b000000, 0x000000074b000000, 0x000000074b200000|  0%| F|  |TAMS 0x000000074b000000, 0x000000074b000000| Untracked 
| 601|0x000000074b200000, 0x000000074b200000, 0x000000074b400000|  0%| F|  |TAMS 0x000000074b200000, 0x000000074b200000| Untracked 
| 602|0x000000074b400000, 0x000000074b400000, 0x000000074b600000|  0%| F|  |TAMS 0x000000074b400000, 0x000000074b400000| Untracked 
| 603|0x000000074b600000, 0x000000074b600000, 0x000000074b800000|  0%| F|  |TAMS 0x000000074b600000, 0x000000074b600000| Untracked 
| 604|0x000000074b800000, 0x000000074b800000, 0x000000074ba00000|  0%| F|  |TAMS 0x000000074b800000, 0x000000074b800000| Untracked 
| 605|0x000000074ba00000, 0x000000074ba00000, 0x000000074bc00000|  0%| F|  |TAMS 0x000000074ba00000, 0x000000074ba00000| Untracked 
| 606|0x000000074bc00000, 0x000000074bc00000, 0x000000074be00000|  0%| F|  |TAMS 0x000000074bc00000, 0x000000074bc00000| Untracked 
| 607|0x000000074be00000, 0x000000074be00000, 0x000000074c000000|  0%| F|  |TAMS 0x000000074be00000, 0x000000074be00000| Untracked 
| 608|0x000000074c000000, 0x000000074c000000, 0x000000074c200000|  0%| F|  |TAMS 0x000000074c000000, 0x000000074c000000| Untracked 
| 609|0x000000074c200000, 0x000000074c200000, 0x000000074c400000|  0%| F|  |TAMS 0x000000074c200000, 0x000000074c200000| Untracked 
| 610|0x000000074c400000, 0x000000074c400000, 0x000000074c600000|  0%| F|  |TAMS 0x000000074c400000, 0x000000074c400000| Untracked 
| 611|0x000000074c600000, 0x000000074c600000, 0x000000074c800000|  0%| F|  |TAMS 0x000000074c600000, 0x000000074c600000| Untracked 
| 612|0x000000074c800000, 0x000000074c800000, 0x000000074ca00000|  0%| F|  |TAMS 0x000000074c800000, 0x000000074c800000| Untracked 
| 613|0x000000074ca00000, 0x000000074ca00000, 0x000000074cc00000|  0%| F|  |TAMS 0x000000074ca00000, 0x000000074ca00000| Untracked 
| 614|0x000000074cc00000, 0x000000074cc00000, 0x000000074ce00000|  0%| F|  |TAMS 0x000000074cc00000, 0x000000074cc00000| Untracked 
| 615|0x000000074ce00000, 0x000000074ce00000, 0x000000074d000000|  0%| F|  |TAMS 0x000000074ce00000, 0x000000074ce00000| Untracked 
| 616|0x000000074d000000, 0x000000074d000000, 0x000000074d200000|  0%| F|  |TAMS 0x000000074d000000, 0x000000074d000000| Untracked 
| 617|0x000000074d200000, 0x000000074d200000, 0x000000074d400000|  0%| F|  |TAMS 0x000000074d200000, 0x000000074d200000| Untracked 
| 618|0x000000074d400000, 0x000000074d400000, 0x000000074d600000|  0%| F|  |TAMS 0x000000074d400000, 0x000000074d400000| Untracked 
| 619|0x000000074d600000, 0x000000074d600000, 0x000000074d800000|  0%| F|  |TAMS 0x000000074d600000, 0x000000074d600000| Untracked 
| 620|0x000000074d800000, 0x000000074d800000, 0x000000074da00000|  0%| F|  |TAMS 0x000000074d800000, 0x000000074d800000| Untracked 
| 621|0x000000074da00000, 0x000000074da00000, 0x000000074dc00000|  0%| F|  |TAMS 0x000000074da00000, 0x000000074da00000| Untracked 
| 622|0x000000074dc00000, 0x000000074dc00000, 0x000000074de00000|  0%| F|  |TAMS 0x000000074dc00000, 0x000000074dc00000| Untracked 
| 623|0x000000074de00000, 0x000000074de00000, 0x000000074e000000|  0%| F|  |TAMS 0x000000074de00000, 0x000000074de00000| Untracked 
| 624|0x000000074e000000, 0x000000074e000000, 0x000000074e200000|  0%| F|  |TAMS 0x000000074e000000, 0x000000074e000000| Untracked 
| 625|0x000000074e200000, 0x000000074e200000, 0x000000074e400000|  0%| F|  |TAMS 0x000000074e200000, 0x000000074e200000| Untracked 
| 626|0x000000074e400000, 0x000000074e400000, 0x000000074e600000|  0%| F|  |TAMS 0x000000074e400000, 0x000000074e400000| Untracked 
| 627|0x000000074e600000, 0x000000074e600000, 0x000000074e800000|  0%| F|  |TAMS 0x000000074e600000, 0x000000074e600000| Untracked 
| 628|0x000000074e800000, 0x000000074e800000, 0x000000074ea00000|  0%| F|  |TAMS 0x000000074e800000, 0x000000074e800000| Untracked 
| 629|0x000000074ea00000, 0x000000074ea00000, 0x000000074ec00000|  0%| F|  |TAMS 0x000000074ea00000, 0x000000074ea00000| Untracked 
| 630|0x000000074ec00000, 0x000000074ec00000, 0x000000074ee00000|  0%| F|  |TAMS 0x000000074ec00000, 0x000000074ec00000| Untracked 
| 631|0x000000074ee00000, 0x000000074ee00000, 0x000000074f000000|  0%| F|  |TAMS 0x000000074ee00000, 0x000000074ee00000| Untracked 
| 632|0x000000074f000000, 0x000000074f000000, 0x000000074f200000|  0%| F|  |TAMS 0x000000074f000000, 0x000000074f000000| Untracked 
| 633|0x000000074f200000, 0x000000074f200000, 0x000000074f400000|  0%| F|  |TAMS 0x000000074f200000, 0x000000074f200000| Untracked 
| 634|0x000000074f400000, 0x000000074f400000, 0x000000074f600000|  0%| F|  |TAMS 0x000000074f400000, 0x000000074f400000| Untracked 
| 635|0x000000074f600000, 0x000000074f600000, 0x000000074f800000|  0%| F|  |TAMS 0x000000074f600000, 0x000000074f600000| Untracked 
| 636|0x000000074f800000, 0x000000074f800000, 0x000000074fa00000|  0%| F|  |TAMS 0x000000074f800000, 0x000000074f800000| Untracked 
| 637|0x000000074fa00000, 0x000000074fa00000, 0x000000074fc00000|  0%| F|  |TAMS 0x000000074fa00000, 0x000000074fa00000| Untracked 
| 638|0x000000074fc00000, 0x000000074fc00000, 0x000000074fe00000|  0%| F|  |TAMS 0x000000074fc00000, 0x000000074fc00000| Untracked 
| 639|0x000000074fe00000, 0x000000074fe00000, 0x0000000750000000|  0%| F|  |TAMS 0x000000074fe00000, 0x000000074fe00000| Untracked 
| 640|0x0000000750000000, 0x0000000750000000, 0x0000000750200000|  0%| F|  |TAMS 0x0000000750000000, 0x0000000750000000| Untracked 
| 641|0x0000000750200000, 0x0000000750200000, 0x0000000750400000|  0%| F|  |TAMS 0x0000000750200000, 0x0000000750200000| Untracked 
| 642|0x0000000750400000, 0x0000000750400000, 0x0000000750600000|  0%| F|  |TAMS 0x0000000750400000, 0x0000000750400000| Untracked 
| 643|0x0000000750600000, 0x0000000750600000, 0x0000000750800000|  0%| F|  |TAMS 0x0000000750600000, 0x0000000750600000| Untracked 
| 644|0x0000000750800000, 0x0000000750800000, 0x0000000750a00000|  0%| F|  |TAMS 0x0000000750800000, 0x0000000750800000| Untracked 
| 645|0x0000000750a00000, 0x0000000750a00000, 0x0000000750c00000|  0%| F|  |TAMS 0x0000000750a00000, 0x0000000750a00000| Untracked 
| 646|0x0000000750c00000, 0x0000000750c00000, 0x0000000750e00000|  0%| F|  |TAMS 0x0000000750c00000, 0x0000000750c00000| Untracked 
| 647|0x0000000750e00000, 0x0000000750e00000, 0x0000000751000000|  0%| F|  |TAMS 0x0000000750e00000, 0x0000000750e00000| Untracked 
| 648|0x0000000751000000, 0x0000000751000000, 0x0000000751200000|  0%| F|  |TAMS 0x0000000751000000, 0x0000000751000000| Untracked 
| 649|0x0000000751200000, 0x0000000751200000, 0x0000000751400000|  0%| F|  |TAMS 0x0000000751200000, 0x0000000751200000| Untracked 
| 650|0x0000000751400000, 0x0000000751400000, 0x0000000751600000|  0%| F|  |TAMS 0x0000000751400000, 0x0000000751400000| Untracked 
| 651|0x0000000751600000, 0x0000000751600000, 0x0000000751800000|  0%| F|  |TAMS 0x0000000751600000, 0x0000000751600000| Untracked 
| 652|0x0000000751800000, 0x0000000751800000, 0x0000000751a00000|  0%| F|  |TAMS 0x0000000751800000, 0x0000000751800000| Untracked 
| 653|0x0000000751a00000, 0x0000000751a00000, 0x0000000751c00000|  0%| F|  |TAMS 0x0000000751a00000, 0x0000000751a00000| Untracked 
| 654|0x0000000751c00000, 0x0000000751c00000, 0x0000000751e00000|  0%| F|  |TAMS 0x0000000751c00000, 0x0000000751c00000| Untracked 
| 655|0x0000000751e00000, 0x0000000751e00000, 0x0000000752000000|  0%| F|  |TAMS 0x0000000751e00000, 0x0000000751e00000| Untracked 
| 656|0x0000000752000000, 0x0000000752000000, 0x0000000752200000|  0%| F|  |TAMS 0x0000000752000000, 0x0000000752000000| Untracked 
| 657|0x0000000752200000, 0x0000000752200000, 0x0000000752400000|  0%| F|  |TAMS 0x0000000752200000, 0x0000000752200000| Untracked 
| 658|0x0000000752400000, 0x0000000752400000, 0x0000000752600000|  0%| F|  |TAMS 0x0000000752400000, 0x0000000752400000| Untracked 
| 659|0x0000000752600000, 0x0000000752600000, 0x0000000752800000|  0%| F|  |TAMS 0x0000000752600000, 0x0000000752600000| Untracked 
| 660|0x0000000752800000, 0x0000000752800000, 0x0000000752a00000|  0%| F|  |TAMS 0x0000000752800000, 0x0000000752800000| Untracked 
| 661|0x0000000752a00000, 0x0000000752a00000, 0x0000000752c00000|  0%| F|  |TAMS 0x0000000752a00000, 0x0000000752a00000| Untracked 
| 662|0x0000000752c00000, 0x0000000752c00000, 0x0000000752e00000|  0%| F|  |TAMS 0x0000000752c00000, 0x0000000752c00000| Untracked 
| 663|0x0000000752e00000, 0x0000000752e00000, 0x0000000753000000|  0%| F|  |TAMS 0x0000000752e00000, 0x0000000752e00000| Untracked 
| 664|0x0000000753000000, 0x0000000753000000, 0x0000000753200000|  0%| F|  |TAMS 0x0000000753000000, 0x0000000753000000| Untracked 
| 665|0x0000000753200000, 0x0000000753200000, 0x0000000753400000|  0%| F|  |TAMS 0x0000000753200000, 0x0000000753200000| Untracked 
| 666|0x0000000753400000, 0x0000000753400000, 0x0000000753600000|  0%| F|  |TAMS 0x0000000753400000, 0x0000000753400000| Untracked 
| 667|0x0000000753600000, 0x0000000753600000, 0x0000000753800000|  0%| F|  |TAMS 0x0000000753600000, 0x0000000753600000| Untracked 
| 668|0x0000000753800000, 0x0000000753800000, 0x0000000753a00000|  0%| F|  |TAMS 0x0000000753800000, 0x0000000753800000| Untracked 
| 669|0x0000000753a00000, 0x0000000753a00000, 0x0000000753c00000|  0%| F|  |TAMS 0x0000000753a00000, 0x0000000753a00000| Untracked 
| 670|0x0000000753c00000, 0x0000000753c00000, 0x0000000753e00000|  0%| F|  |TAMS 0x0000000753c00000, 0x0000000753c00000| Untracked 
| 671|0x0000000753e00000, 0x0000000753e00000, 0x0000000754000000|  0%| F|  |TAMS 0x0000000753e00000, 0x0000000753e00000| Untracked 
| 672|0x0000000754000000, 0x0000000754000000, 0x0000000754200000|  0%| F|  |TAMS 0x0000000754000000, 0x0000000754000000| Untracked 
| 673|0x0000000754200000, 0x0000000754200000, 0x0000000754400000|  0%| F|  |TAMS 0x0000000754200000, 0x0000000754200000| Untracked 
| 674|0x0000000754400000, 0x0000000754400000, 0x0000000754600000|  0%| F|  |TAMS 0x0000000754400000, 0x0000000754400000| Untracked 
| 675|0x0000000754600000, 0x0000000754600000, 0x0000000754800000|  0%| F|  |TAMS 0x0000000754600000, 0x0000000754600000| Untracked 
| 676|0x0000000754800000, 0x0000000754800000, 0x0000000754a00000|  0%| F|  |TAMS 0x0000000754800000, 0x0000000754800000| Untracked 
| 677|0x0000000754a00000, 0x0000000754a00000, 0x0000000754c00000|  0%| F|  |TAMS 0x0000000754a00000, 0x0000000754a00000| Untracked 
| 678|0x0000000754c00000, 0x0000000754c00000, 0x0000000754e00000|  0%| F|  |TAMS 0x0000000754c00000, 0x0000000754c00000| Untracked 
| 679|0x0000000754e00000, 0x0000000754e00000, 0x0000000755000000|  0%| F|  |TAMS 0x0000000754e00000, 0x0000000754e00000| Untracked 
| 680|0x0000000755000000, 0x0000000755000000, 0x0000000755200000|  0%| F|  |TAMS 0x0000000755000000, 0x0000000755000000| Untracked 
| 681|0x0000000755200000, 0x0000000755200000, 0x0000000755400000|  0%| F|  |TAMS 0x0000000755200000, 0x0000000755200000| Untracked 
| 682|0x0000000755400000, 0x0000000755400000, 0x0000000755600000|  0%| F|  |TAMS 0x0000000755400000, 0x0000000755400000| Untracked 
| 683|0x0000000755600000, 0x0000000755600000, 0x0000000755800000|  0%| F|  |TAMS 0x0000000755600000, 0x0000000755600000| Untracked 
| 684|0x0000000755800000, 0x0000000755800000, 0x0000000755a00000|  0%| F|  |TAMS 0x0000000755800000, 0x0000000755800000| Untracked 
| 685|0x0000000755a00000, 0x0000000755a00000, 0x0000000755c00000|  0%| F|  |TAMS 0x0000000755a00000, 0x0000000755a00000| Untracked 
| 686|0x0000000755c00000, 0x0000000755c00000, 0x0000000755e00000|  0%| F|  |TAMS 0x0000000755c00000, 0x0000000755c00000| Untracked 
| 687|0x0000000755e00000, 0x0000000755e00000, 0x0000000756000000|  0%| F|  |TAMS 0x0000000755e00000, 0x0000000755e00000| Untracked 
| 688|0x0000000756000000, 0x0000000756000000, 0x0000000756200000|  0%| F|  |TAMS 0x0000000756000000, 0x0000000756000000| Untracked 
| 689|0x0000000756200000, 0x0000000756200000, 0x0000000756400000|  0%| F|  |TAMS 0x0000000756200000, 0x0000000756200000| Untracked 
| 690|0x0000000756400000, 0x0000000756400000, 0x0000000756600000|  0%| F|  |TAMS 0x0000000756400000, 0x0000000756400000| Untracked 
| 691|0x0000000756600000, 0x0000000756600000, 0x0000000756800000|  0%| F|  |TAMS 0x0000000756600000, 0x0000000756600000| Untracked 
| 692|0x0000000756800000, 0x0000000756800000, 0x0000000756a00000|  0%| F|  |TAMS 0x0000000756800000, 0x0000000756800000| Untracked 
| 693|0x0000000756a00000, 0x0000000756a00000, 0x0000000756c00000|  0%| F|  |TAMS 0x0000000756a00000, 0x0000000756a00000| Untracked 
| 694|0x0000000756c00000, 0x0000000756c00000, 0x0000000756e00000|  0%| F|  |TAMS 0x0000000756c00000, 0x0000000756c00000| Untracked 
| 695|0x0000000756e00000, 0x0000000756e00000, 0x0000000757000000|  0%| F|  |TAMS 0x0000000756e00000, 0x0000000756e00000| Untracked 
| 696|0x0000000757000000, 0x0000000757000000, 0x0000000757200000|  0%| F|  |TAMS 0x0000000757000000, 0x0000000757000000| Untracked 
| 697|0x0000000757200000, 0x0000000757200000, 0x0000000757400000|  0%| F|  |TAMS 0x0000000757200000, 0x0000000757200000| Untracked 
| 698|0x0000000757400000, 0x0000000757400000, 0x0000000757600000|  0%| F|  |TAMS 0x0000000757400000, 0x0000000757400000| Untracked 
| 699|0x0000000757600000, 0x0000000757600000, 0x0000000757800000|  0%| F|  |TAMS 0x0000000757600000, 0x0000000757600000| Untracked 
| 700|0x0000000757800000, 0x0000000757800000, 0x0000000757a00000|  0%| F|  |TAMS 0x0000000757800000, 0x0000000757800000| Untracked 
| 701|0x0000000757a00000, 0x0000000757a00000, 0x0000000757c00000|  0%| F|  |TAMS 0x0000000757a00000, 0x0000000757a00000| Untracked 
| 702|0x0000000757c00000, 0x0000000757c00000, 0x0000000757e00000|  0%| F|  |TAMS 0x0000000757c00000, 0x0000000757c00000| Untracked 
| 703|0x0000000757e00000, 0x0000000757e00000, 0x0000000758000000|  0%| F|  |TAMS 0x0000000757e00000, 0x0000000757e00000| Untracked 
| 704|0x0000000758000000, 0x0000000758000000, 0x0000000758200000|  0%| F|  |TAMS 0x0000000758000000, 0x0000000758000000| Untracked 
| 705|0x0000000758200000, 0x0000000758200000, 0x0000000758400000|  0%| F|  |TAMS 0x0000000758200000, 0x0000000758200000| Untracked 
| 706|0x0000000758400000, 0x0000000758400000, 0x0000000758600000|  0%| F|  |TAMS 0x0000000758400000, 0x0000000758400000| Untracked 
| 707|0x0000000758600000, 0x0000000758600000, 0x0000000758800000|  0%| F|  |TAMS 0x0000000758600000, 0x0000000758600000| Untracked 
| 708|0x0000000758800000, 0x0000000758800000, 0x0000000758a00000|  0%| F|  |TAMS 0x0000000758800000, 0x0000000758800000| Untracked 
| 709|0x0000000758a00000, 0x0000000758a00000, 0x0000000758c00000|  0%| F|  |TAMS 0x0000000758a00000, 0x0000000758a00000| Untracked 
| 710|0x0000000758c00000, 0x0000000758c00000, 0x0000000758e00000|  0%| F|  |TAMS 0x0000000758c00000, 0x0000000758c00000| Untracked 
| 711|0x0000000758e00000, 0x0000000758e00000, 0x0000000759000000|  0%| F|  |TAMS 0x0000000758e00000, 0x0000000758e00000| Untracked 
| 712|0x0000000759000000, 0x0000000759000000, 0x0000000759200000|  0%| F|  |TAMS 0x0000000759000000, 0x0000000759000000| Untracked 
| 713|0x0000000759200000, 0x0000000759200000, 0x0000000759400000|  0%| F|  |TAMS 0x0000000759200000, 0x0000000759200000| Untracked 
| 714|0x0000000759400000, 0x0000000759400000, 0x0000000759600000|  0%| F|  |TAMS 0x0000000759400000, 0x0000000759400000| Untracked 
| 715|0x0000000759600000, 0x0000000759600000, 0x0000000759800000|  0%| F|  |TAMS 0x0000000759600000, 0x0000000759600000| Untracked 
| 716|0x0000000759800000, 0x0000000759800000, 0x0000000759a00000|  0%| F|  |TAMS 0x0000000759800000, 0x0000000759800000| Untracked 
| 717|0x0000000759a00000, 0x0000000759a00000, 0x0000000759c00000|  0%| F|  |TAMS 0x0000000759a00000, 0x0000000759a00000| Untracked 
| 718|0x0000000759c00000, 0x0000000759c00000, 0x0000000759e00000|  0%| F|  |TAMS 0x0000000759c00000, 0x0000000759c00000| Untracked 
| 719|0x0000000759e00000, 0x0000000759e00000, 0x000000075a000000|  0%| F|  |TAMS 0x0000000759e00000, 0x0000000759e00000| Untracked 
| 720|0x000000075a000000, 0x000000075a000000, 0x000000075a200000|  0%| F|  |TAMS 0x000000075a000000, 0x000000075a000000| Untracked 
| 721|0x000000075a200000, 0x000000075a200000, 0x000000075a400000|  0%| F|  |TAMS 0x000000075a200000, 0x000000075a200000| Untracked 
| 722|0x000000075a400000, 0x000000075a400000, 0x000000075a600000|  0%| F|  |TAMS 0x000000075a400000, 0x000000075a400000| Untracked 
| 723|0x000000075a600000, 0x000000075a600000, 0x000000075a800000|  0%| F|  |TAMS 0x000000075a600000, 0x000000075a600000| Untracked 
| 724|0x000000075a800000, 0x000000075a800000, 0x000000075aa00000|  0%| F|  |TAMS 0x000000075a800000, 0x000000075a800000| Untracked 
| 725|0x000000075aa00000, 0x000000075aa00000, 0x000000075ac00000|  0%| F|  |TAMS 0x000000075aa00000, 0x000000075aa00000| Untracked 
| 726|0x000000075ac00000, 0x000000075ac00000, 0x000000075ae00000|  0%| F|  |TAMS 0x000000075ac00000, 0x000000075ac00000| Untracked 
| 727|0x000000075ae00000, 0x000000075ae00000, 0x000000075b000000|  0%| F|  |TAMS 0x000000075ae00000, 0x000000075ae00000| Untracked 
| 728|0x000000075b000000, 0x000000075b000000, 0x000000075b200000|  0%| F|  |TAMS 0x000000075b000000, 0x000000075b000000| Untracked 
| 729|0x000000075b200000, 0x000000075b200000, 0x000000075b400000|  0%| F|  |TAMS 0x000000075b200000, 0x000000075b200000| Untracked 
| 730|0x000000075b400000, 0x000000075b400000, 0x000000075b600000|  0%| F|  |TAMS 0x000000075b400000, 0x000000075b400000| Untracked 
| 731|0x000000075b600000, 0x000000075b600000, 0x000000075b800000|  0%| F|  |TAMS 0x000000075b600000, 0x000000075b600000| Untracked 
| 732|0x000000075b800000, 0x000000075b800000, 0x000000075ba00000|  0%| F|  |TAMS 0x000000075b800000, 0x000000075b800000| Untracked 
| 733|0x000000075ba00000, 0x000000075ba00000, 0x000000075bc00000|  0%| F|  |TAMS 0x000000075ba00000, 0x000000075ba00000| Untracked 
| 734|0x000000075bc00000, 0x000000075bc00000, 0x000000075be00000|  0%| F|  |TAMS 0x000000075bc00000, 0x000000075bc00000| Untracked 
| 735|0x000000075be00000, 0x000000075be00000, 0x000000075c000000|  0%| F|  |TAMS 0x000000075be00000, 0x000000075be00000| Untracked 
| 736|0x000000075c000000, 0x000000075c000000, 0x000000075c200000|  0%| F|  |TAMS 0x000000075c000000, 0x000000075c000000| Untracked 
| 737|0x000000075c200000, 0x000000075c200000, 0x000000075c400000|  0%| F|  |TAMS 0x000000075c200000, 0x000000075c200000| Untracked 
| 738|0x000000075c400000, 0x000000075c400000, 0x000000075c600000|  0%| F|  |TAMS 0x000000075c400000, 0x000000075c400000| Untracked 
| 739|0x000000075c600000, 0x000000075c600000, 0x000000075c800000|  0%| F|  |TAMS 0x000000075c600000, 0x000000075c600000| Untracked 
| 740|0x000000075c800000, 0x000000075c800000, 0x000000075ca00000|  0%| F|  |TAMS 0x000000075c800000, 0x000000075c800000| Untracked 
| 741|0x000000075ca00000, 0x000000075ca00000, 0x000000075cc00000|  0%| F|  |TAMS 0x000000075ca00000, 0x000000075ca00000| Untracked 
| 742|0x000000075cc00000, 0x000000075cc00000, 0x000000075ce00000|  0%| F|  |TAMS 0x000000075cc00000, 0x000000075cc00000| Untracked 
| 743|0x000000075ce00000, 0x000000075ce00000, 0x000000075d000000|  0%| F|  |TAMS 0x000000075ce00000, 0x000000075ce00000| Untracked 
| 744|0x000000075d000000, 0x000000075d000000, 0x000000075d200000|  0%| F|  |TAMS 0x000000075d000000, 0x000000075d000000| Untracked 
| 745|0x000000075d200000, 0x000000075d200000, 0x000000075d400000|  0%| F|  |TAMS 0x000000075d200000, 0x000000075d200000| Untracked 
| 746|0x000000075d400000, 0x000000075d400000, 0x000000075d600000|  0%| F|  |TAMS 0x000000075d400000, 0x000000075d400000| Untracked 
| 747|0x000000075d600000, 0x000000075d600000, 0x000000075d800000|  0%| F|  |TAMS 0x000000075d600000, 0x000000075d600000| Untracked 
| 748|0x000000075d800000, 0x000000075d800000, 0x000000075da00000|  0%| F|  |TAMS 0x000000075d800000, 0x000000075d800000| Untracked 
| 749|0x000000075da00000, 0x000000075da00000, 0x000000075dc00000|  0%| F|  |TAMS 0x000000075da00000, 0x000000075da00000| Untracked 
| 750|0x000000075dc00000, 0x000000075dc00000, 0x000000075de00000|  0%| F|  |TAMS 0x000000075dc00000, 0x000000075dc00000| Untracked 
| 751|0x000000075de00000, 0x000000075de00000, 0x000000075e000000|  0%| F|  |TAMS 0x000000075de00000, 0x000000075de00000| Untracked 
| 752|0x000000075e000000, 0x000000075e000000, 0x000000075e200000|  0%| F|  |TAMS 0x000000075e000000, 0x000000075e000000| Untracked 
| 753|0x000000075e200000, 0x000000075e200000, 0x000000075e400000|  0%| F|  |TAMS 0x000000075e200000, 0x000000075e200000| Untracked 
| 754|0x000000075e400000, 0x000000075e400000, 0x000000075e600000|  0%| F|  |TAMS 0x000000075e400000, 0x000000075e400000| Untracked 
| 755|0x000000075e600000, 0x000000075e600000, 0x000000075e800000|  0%| F|  |TAMS 0x000000075e600000, 0x000000075e600000| Untracked 
| 756|0x000000075e800000, 0x000000075e800000, 0x000000075ea00000|  0%| F|  |TAMS 0x000000075e800000, 0x000000075e800000| Untracked 
| 757|0x000000075ea00000, 0x000000075ea00000, 0x000000075ec00000|  0%| F|  |TAMS 0x000000075ea00000, 0x000000075ea00000| Untracked 
| 758|0x000000075ec00000, 0x000000075ec00000, 0x000000075ee00000|  0%| F|  |TAMS 0x000000075ec00000, 0x000000075ec00000| Untracked 
| 759|0x000000075ee00000, 0x000000075ee00000, 0x000000075f000000|  0%| F|  |TAMS 0x000000075ee00000, 0x000000075ee00000| Untracked 
| 760|0x000000075f000000, 0x000000075f000000, 0x000000075f200000|  0%| F|  |TAMS 0x000000075f000000, 0x000000075f000000| Untracked 
| 761|0x000000075f200000, 0x000000075f200000, 0x000000075f400000|  0%| F|  |TAMS 0x000000075f200000, 0x000000075f200000| Untracked 
| 762|0x000000075f400000, 0x000000075f400000, 0x000000075f600000|  0%| F|  |TAMS 0x000000075f400000, 0x000000075f400000| Untracked 
| 763|0x000000075f600000, 0x000000075f600000, 0x000000075f800000|  0%| F|  |TAMS 0x000000075f600000, 0x000000075f600000| Untracked 
| 764|0x000000075f800000, 0x000000075f800000, 0x000000075fa00000|  0%| F|  |TAMS 0x000000075f800000, 0x000000075f800000| Untracked 
| 765|0x000000075fa00000, 0x000000075fa00000, 0x000000075fc00000|  0%| F|  |TAMS 0x000000075fa00000, 0x000000075fa00000| Untracked 
| 766|0x000000075fc00000, 0x000000075fc00000, 0x000000075fe00000|  0%| F|  |TAMS 0x000000075fc00000, 0x000000075fc00000| Untracked 
| 767|0x000000075fe00000, 0x000000075fe00000, 0x0000000760000000|  0%| F|  |TAMS 0x000000075fe00000, 0x000000075fe00000| Untracked 
| 768|0x0000000760000000, 0x0000000760000000, 0x0000000760200000|  0%| F|  |TAMS 0x0000000760000000, 0x0000000760000000| Untracked 
| 769|0x0000000760200000, 0x0000000760200000, 0x0000000760400000|  0%| F|  |TAMS 0x0000000760200000, 0x0000000760200000| Untracked 
| 770|0x0000000760400000, 0x0000000760400000, 0x0000000760600000|  0%| F|  |TAMS 0x0000000760400000, 0x0000000760400000| Untracked 
| 771|0x0000000760600000, 0x0000000760600000, 0x0000000760800000|  0%| F|  |TAMS 0x0000000760600000, 0x0000000760600000| Untracked 
| 772|0x0000000760800000, 0x0000000760800000, 0x0000000760a00000|  0%| F|  |TAMS 0x0000000760800000, 0x0000000760800000| Untracked 
| 773|0x0000000760a00000, 0x0000000760a00000, 0x0000000760c00000|  0%| F|  |TAMS 0x0000000760a00000, 0x0000000760a00000| Untracked 
| 774|0x0000000760c00000, 0x0000000760c00000, 0x0000000760e00000|  0%| F|  |TAMS 0x0000000760c00000, 0x0000000760c00000| Untracked 
| 775|0x0000000760e00000, 0x0000000760e00000, 0x0000000761000000|  0%| F|  |TAMS 0x0000000760e00000, 0x0000000760e00000| Untracked 
| 776|0x0000000761000000, 0x0000000761000000, 0x0000000761200000|  0%| F|  |TAMS 0x0000000761000000, 0x0000000761000000| Untracked 
| 777|0x0000000761200000, 0x0000000761200000, 0x0000000761400000|  0%| F|  |TAMS 0x0000000761200000, 0x0000000761200000| Untracked 
| 778|0x0000000761400000, 0x0000000761400000, 0x0000000761600000|  0%| F|  |TAMS 0x0000000761400000, 0x0000000761400000| Untracked 
| 779|0x0000000761600000, 0x0000000761600000, 0x0000000761800000|  0%| F|  |TAMS 0x0000000761600000, 0x0000000761600000| Untracked 
| 780|0x0000000761800000, 0x0000000761800000, 0x0000000761a00000|  0%| F|  |TAMS 0x0000000761800000, 0x0000000761800000| Untracked 
| 781|0x0000000761a00000, 0x0000000761a00000, 0x0000000761c00000|  0%| F|  |TAMS 0x0000000761a00000, 0x0000000761a00000| Untracked 
| 782|0x0000000761c00000, 0x0000000761d1d1d8, 0x0000000761e00000| 55%| E|  |TAMS 0x0000000761c00000, 0x0000000761c00000| Complete 
| 783|0x0000000761e00000, 0x0000000762000000, 0x0000000762000000|100%| E|CS|TAMS 0x0000000761e00000, 0x0000000761e00000| Complete 
| 784|0x0000000762000000, 0x0000000762200000, 0x0000000762200000|100%| E|CS|TAMS 0x0000000762000000, 0x0000000762000000| Complete 
| 785|0x0000000762200000, 0x0000000762400000, 0x0000000762400000|100%| E|CS|TAMS 0x0000000762200000, 0x0000000762200000| Complete 
| 786|0x0000000762400000, 0x0000000762600000, 0x0000000762600000|100%| E|CS|TAMS 0x0000000762400000, 0x0000000762400000| Complete 

Card table byte_map: [0x000001f87e420000,0x000001f87ec20000] _byte_map_base: 0x000001f87ac20000

Marking Bits (Prev, Next): (CMBitMap*) 0x000001f87d893320, (CMBitMap*) 0x000001f87d8932e0
 Prev Bits: [0x000001f81a7f0000, 0x000001f81e7f0000)
 Next Bits: [0x000001f8167f0000, 0x000001f81a7f0000)

Polling page: 0x000001f87b6f0000

Metaspace:

Usage:
  Non-class:    338.49 MB used.
      Class:     48.82 MB used.
       Both:    387.31 MB used.

Virtual space:
  Non-class space:      384.00 MB reserved,     340.50 MB ( 89%) committed,  6 nodes.
      Class space:        1.00 GB reserved,      50.56 MB (  5%) committed,  1 nodes.
             Both:        1.38 GB reserved,     391.06 MB ( 28%) committed. 

Chunk freelists:
   Non-Class:  10.69 MB
       Class:  13.48 MB
        Both:  24.16 MB

MaxMetaspaceSize: unlimited
CompressedClassSpaceSize: 1.00 GB
Initial GC threshold: 21.00 MB
Current GC threshold: 634.62 MB
CDS: on
MetaspaceReclaimPolicy: balanced
 - commit_granule_bytes: 65536.
 - commit_granule_words: 8192.
 - virtual_space_node_default_size: 8388608.
 - enlarge_chunks_in_place: 1.
 - new_chunks_are_fully_committed: 0.
 - uncommit_free_chunks: 1.
 - use_allocation_guard: 0.
 - handle_deallocations: 1.


Internal statistics:

num_allocs_failed_limit: 142.
num_arena_births: 5782.
num_arena_deaths: 324.
num_vsnodes_births: 7.
num_vsnodes_deaths: 0.
num_space_committed: 6286.
num_space_uncommitted: 38.
num_chunks_returned_to_freelist: 889.
num_chunks_taken_from_freelist: 25853.
num_chunk_merges: 329.
num_chunk_splits: 15921.
num_chunks_enlarged: 8393.
num_inconsistent_stats: 0.

CodeHeap 'non-profiled nmethods': size=120000Kb used=40303Kb max_used=40303Kb free=79696Kb
 bounds [0x000001f80f2c0000, 0x000001f811a20000, 0x000001f8167f0000]
CodeHeap 'profiled nmethods': size=120000Kb used=105589Kb max_used=105589Kb free=14411Kb
 bounds [0x000001f8077f0000, 0x000001f80df10000, 0x000001f80ed20000]
CodeHeap 'non-nmethods': size=5760Kb used=2822Kb max_used=3045Kb free=2937Kb
 bounds [0x000001f80ed20000, 0x000001f80f030000, 0x000001f80f2c0000]
 total_blobs=51972 nmethods=50546 adapters=1332
 compilation: enabled
              stopped_count=0, restarted_count=0
 full_count=0

Compilation events (20 events):
Event: 838.687 Thread 0x000001f820938b80 67782       3       org.jetbrains.kotlin.fir.resolve.calls.candidate.CheckerSinkImpl::getNeedYielding (23 bytes)
Event: 838.687 Thread 0x000001f820938b80 nmethod 67782 0x000001f80dee4c90 code [0x000001f80dee4e40, 0x000001f80dee5028]
Event: 838.688 Thread 0x000001f87fe66540 nmethod 67732 0x000001f811a0df10 code [0x000001f811a0e220, 0x000001f811a115c8]
Event: 838.688 Thread 0x000001f87fe66540 67781 %     4       com.intellij.psi.stubs.MaterialStubList::createOptimizedCopy @ 53 (96 bytes)
Event: 838.697 Thread 0x000001f820938b80 67783       1       org.jetbrains.kotlin.metadata.ProtoBuf$Constructor::getValueParameterList (5 bytes)
Event: 838.697 Thread 0x000001f820938b80 nmethod 67783 0x000001f811a12f90 code [0x000001f811a13120, 0x000001f811a131f8]
Event: 838.701 Thread 0x000001f820938b80 67785       3       org.jetbrains.kotlin.fir.declarations.impl.FirRegularClassImpl::getSymbol (8 bytes)
Event: 838.701 Thread 0x000001f820938b80 nmethod 67785 0x000001f80dee5110 code [0x000001f80dee52a0, 0x000001f80dee53b8]
Event: 838.701 Thread 0x000001f820938b80 67786       3       org.jetbrains.kotlin.fir.resolve.calls.FirCallResolver::reduceCandidates (524 bytes)
Event: 838.750 Thread 0x000001f87fe66540 nmethod 67781% 0x000001f811a13290 code [0x000001f811a13460, 0x000001f811a13830]
Event: 838.750 Thread 0x000001f87fe66540 67784       4       kotlin.collections.SetsKt__SetsKt::emptySet (7 bytes)
Event: 838.781 Thread 0x000001f820938b80 nmethod 67786 0x000001f80dee5490 code [0x000001f80dee5ba0, 0x000001f80deea8b8]
Event: 838.781 Thread 0x000001f820938b80 67790       3       org.jetbrains.kotlin.analysis.low.level.api.fir.symbolProviders.LLDependenciesSymbolProvider::getClassLikeSymbolByClassId (95 bytes)
Event: 838.781 Thread 0x000001f87fe66540 nmethod 67784 0x000001f811a13c10 code [0x000001f811a13d80, 0x000001f811a13dd8]
Event: 838.781 Thread 0x000001f87fe66540 67765   !   4       com.intellij.extapi.psi.StubBasedPsiElementBase::getContainingFile (37 bytes)
Event: 838.782 Thread 0x000001f820938b80 nmethod 67790 0x000001f80deebf90 code [0x000001f80deec280, 0x000001f80deed448]
Event: 838.782 Thread 0x000001f820938b80 67787       3       org.jetbrains.kotlin.fir.types.CustomAnnotationTypeAttributeKt::getTypeAnnotations (80 bytes)
Event: 838.812 Thread 0x000001f87fe66540 nmethod 67765 0x000001f811a13f10 code [0x000001f811a140e0, 0x000001f811a14550]
Event: 838.812 Thread 0x000001f87fe66540 67771       4       org.jetbrains.kotlin.fir.analysis.jvm.checkers.FirJvmAnnotationsPlatformSpecificSupportComponent::getDeprecationAnnotationsWithOverridesPropagation (4 bytes)
Event: 838.813 Thread 0x000001f87fe66540 nmethod 67771 0x000001f811a14990 code [0x000001f811a14b00, 0x000001f811a14b78]

GC Heap History (20 events):
Event: 617.852 GC heap before
{Heap before GC invocations=219 (full 0):
 garbage-first heap   total 1103872K, used 950222K [0x0000000700000000, 0x0000000800000000)
  region size 2048K, 115 young (235520K), 12 survivors (24576K)
 Metaspace       used 319505K, committed 323392K, reserved 1376256K
  class space    used 40739K, committed 42496K, reserved 1048576K
}
Event: 617.907 GC heap after
{Heap after GC invocations=220 (full 0):
 garbage-first heap   total 1103872K, used 758268K [0x0000000700000000, 0x0000000800000000)
  region size 2048K, 9 young (18432K), 9 survivors (18432K)
 Metaspace       used 319505K, committed 323392K, reserved 1376256K
  class space    used 40739K, committed 42496K, reserved 1048576K
}
Event: 634.246 GC heap before
{Heap before GC invocations=220 (full 0):
 garbage-first heap   total 1103872K, used 948732K [0x0000000700000000, 0x0000000800000000)
  region size 2048K, 103 young (210944K), 9 survivors (18432K)
 Metaspace       used 339280K, committed 343168K, reserved 1376256K
  class space    used 43058K, committed 44800K, reserved 1048576K
}
Event: 634.296 GC heap after
{Heap after GC invocations=221 (full 0):
 garbage-first heap   total 1103872K, used 776068K [0x0000000700000000, 0x0000000800000000)
  region size 2048K, 9 young (18432K), 9 survivors (18432K)
 Metaspace       used 339280K, committed 343168K, reserved 1376256K
  class space    used 43058K, committed 44800K, reserved 1048576K
}
Event: 634.303 GC heap before
{Heap before GC invocations=221 (full 0):
 garbage-first heap   total 1103872K, used 778116K [0x0000000700000000, 0x0000000800000000)
  region size 2048K, 11 young (22528K), 9 survivors (18432K)
 Metaspace       used 339339K, committed 343168K, reserved 1376256K
  class space    used 43059K, committed 44800K, reserved 1048576K
}
Event: 634.345 GC heap after
{Heap after GC invocations=222 (full 0):
 garbage-first heap   total 1103872K, used 778759K [0x0000000700000000, 0x0000000800000000)
  region size 2048K, 2 young (4096K), 2 survivors (4096K)
 Metaspace       used 339339K, committed 343168K, reserved 1376256K
  class space    used 43059K, committed 44800K, reserved 1048576K
}
Event: 638.116 GC heap before
{Heap before GC invocations=222 (full 0):
 garbage-first heap   total 1103872K, used 958983K [0x0000000700000000, 0x0000000800000000)
  region size 2048K, 90 young (184320K), 2 survivors (4096K)
 Metaspace       used 347339K, committed 351168K, reserved 1376256K
  class space    used 44155K, committed 45888K, reserved 1048576K
}
Event: 638.142 GC heap after
{Heap after GC invocations=223 (full 0):
 garbage-first heap   total 1103872K, used 786669K [0x0000000700000000, 0x0000000800000000)
  region size 2048K, 6 young (12288K), 6 survivors (12288K)
 Metaspace       used 347339K, committed 351168K, reserved 1376256K
  class space    used 44155K, committed 45888K, reserved 1048576K
}
Event: 654.545 GC heap before
{Heap before GC invocations=224 (full 0):
 garbage-first heap   total 1484800K, used 923885K [0x0000000700000000, 0x0000000800000000)
  region size 2048K, 75 young (153600K), 6 survivors (12288K)
 Metaspace       used 346307K, committed 351616K, reserved 1376256K
  class space    used 44308K, committed 46208K, reserved 1048576K
}
Event: 654.626 GC heap after
{Heap after GC invocations=225 (full 0):
 garbage-first heap   total 1484800K, used 786622K [0x0000000700000000, 0x0000000800000000)
  region size 2048K, 3 young (6144K), 3 survivors (6144K)
 Metaspace       used 346307K, committed 351616K, reserved 1376256K
  class space    used 44308K, committed 46208K, reserved 1048576K
}
Event: 661.568 GC heap before
{Heap before GC invocations=225 (full 0):
 garbage-first heap   total 1484800K, used 852158K [0x0000000700000000, 0x0000000800000000)
  region size 2048K, 36 young (73728K), 3 survivors (6144K)
 Metaspace       used 349577K, committed 353152K, reserved 1376256K
  class space    used 44714K, committed 46336K, reserved 1048576K
}
Event: 661.875 GC heap after
{Heap after GC invocations=226 (full 0):
 garbage-first heap   total 1484800K, used 683691K [0x0000000700000000, 0x0000000800000000)
  region size 2048K, 5 young (10240K), 5 survivors (10240K)
 Metaspace       used 349577K, committed 353152K, reserved 1376256K
  class space    used 44714K, committed 46336K, reserved 1048576K
}
Event: 711.262 GC heap before
{Heap before GC invocations=226 (full 0):
 garbage-first heap   total 1484800K, used 1248939K [0x0000000700000000, 0x0000000800000000)
  region size 2048K, 282 young (577536K), 5 survivors (10240K)
 Metaspace       used 382574K, committed 386240K, reserved 1441792K
  class space    used 48513K, committed 50176K, reserved 1048576K
}
Event: 711.417 GC heap after
{Heap after GC invocations=227 (full 0):
 garbage-first heap   total 1484800K, used 729583K [0x0000000700000000, 0x0000000800000000)
  region size 2048K, 28 young (57344K), 28 survivors (57344K)
 Metaspace       used 382574K, committed 386240K, reserved 1441792K
  class space    used 48513K, committed 50176K, reserved 1048576K
}
Event: 737.567 GC heap before
{Heap before GC invocations=228 (full 0):
 garbage-first heap   total 1611776K, used 1145327K [0x0000000700000000, 0x0000000800000000)
  region size 2048K, 234 young (479232K), 28 survivors (57344K)
 Metaspace       used 388669K, committed 392320K, reserved 1441792K
  class space    used 49131K, committed 50816K, reserved 1048576K
}
Event: 737.763 GC heap after
{Heap after GC invocations=229 (full 0):
 garbage-first heap   total 1611776K, used 739545K [0x0000000700000000, 0x0000000800000000)
  region size 2048K, 10 young (20480K), 10 survivors (20480K)
 Metaspace       used 388669K, committed 392320K, reserved 1441792K
  class space    used 49131K, committed 50816K, reserved 1048576K
}
Event: 738.291 GC heap before
{Heap before GC invocations=229 (full 0):
 garbage-first heap   total 1611776K, used 796889K [0x0000000700000000, 0x0000000800000000)
  region size 2048K, 39 young (79872K), 10 survivors (20480K)
 Metaspace       used 389007K, committed 392640K, reserved 1441792K
  class space    used 49210K, committed 50880K, reserved 1048576K
}
Event: 738.438 GC heap after
{Heap after GC invocations=230 (full 0):
 garbage-first heap   total 1611776K, used 735232K [0x0000000700000000, 0x0000000800000000)
  region size 2048K, 5 young (10240K), 5 survivors (10240K)
 Metaspace       used 389007K, committed 392640K, reserved 1441792K
  class space    used 49210K, committed 50880K, reserved 1048576K
}
Event: 835.673 GC heap before
{Heap before GC invocations=230 (full 0):
 garbage-first heap   total 1611776K, used 1269760K [0x0000000700000000, 0x0000000800000000)
  region size 2048K, 267 young (546816K), 5 survivors (10240K)
 Metaspace       used 396344K, committed 400192K, reserved 1441792K
  class space    used 49982K, committed 51776K, reserved 1048576K
}
Event: 837.186 GC heap after
{Heap after GC invocations=231 (full 0):
 garbage-first heap   total 1611776K, used 812619K [0x0000000700000000, 0x0000000800000000)
  region size 2048K, 34 young (69632K), 34 survivors (69632K)
 Metaspace       used 396344K, committed 400192K, reserved 1441792K
  class space    used 49982K, committed 51776K, reserved 1048576K
}

Deoptimization events (20 events):
Event: 824.516 Thread 0x000001f874f1e330 DEOPT PACKING pc=0x000001f8117a65d8 sp=0x00000018fe1f80b0
Event: 824.516 Thread 0x000001f874f1e330 DEOPT UNPACKING pc=0x000001f80ed723a3 sp=0x00000018fe1f7fd0 mode 2
Event: 824.666 Thread 0x000001f8774b49b0 Uncommon trap: trap_request=0xffffff45 fr.pc=0x000001f810f4ed60 relative=0x00000000000001c0
Event: 824.666 Thread 0x000001f8774b49b0 Uncommon trap: reason=unstable_if action=reinterpret pc=0x000001f810f4ed60 method=java.lang.String.valueOf(C)Ljava/lang/String; @ 10 c2
Event: 824.666 Thread 0x000001f8774b49b0 DEOPT PACKING pc=0x000001f810f4ed60 sp=0x00000018803f84d0
Event: 824.666 Thread 0x000001f8774b49b0 DEOPT UNPACKING pc=0x000001f80ed723a3 sp=0x00000018803f8488 mode 2
Event: 824.667 Thread 0x000001f8774b49b0 Uncommon trap: trap_request=0xffffff45 fr.pc=0x000001f80f2d8a00 relative=0x0000000000000180
Event: 824.667 Thread 0x000001f8774b49b0 Uncommon trap: reason=unstable_if action=reinterpret pc=0x000001f80f2d8a00 method=java.lang.StringLatin1.canEncode(I)Z @ 4 c2
Event: 824.667 Thread 0x000001f8774b49b0 DEOPT PACKING pc=0x000001f80f2d8a00 sp=0x00000018803f8320
Event: 824.667 Thread 0x000001f8774b49b0 DEOPT UNPACKING pc=0x000001f80ed723a3 sp=0x00000018803f8250 mode 2
Event: 824.667 Thread 0x000001f8774b49b0 Uncommon trap: trap_request=0xffffff45 fr.pc=0x000001f8117603bc relative=0x000000000000027c
Event: 824.667 Thread 0x000001f8774b49b0 Uncommon trap: reason=unstable_if action=reinterpret pc=0x000001f8117603bc method=com.intellij.openapi.util.text.StringUtil.isPrintableUnicode(C)Z @ 47 c2
Event: 824.667 Thread 0x000001f8774b49b0 DEOPT PACKING pc=0x000001f8117603bc sp=0x00000018803f8320
Event: 824.667 Thread 0x000001f8774b49b0 DEOPT UNPACKING pc=0x000001f80ed723a3 sp=0x00000018803f82b0 mode 2
Event: 837.323 Thread 0x000001f8774b49b0 Uncommon trap: trap_request=0xffffffbe fr.pc=0x000001f8119da340 relative=0x0000000000004cc0
Event: 837.323 Thread 0x000001f8774b49b0 Uncommon trap: reason=profile_predicate action=maybe_recompile pc=0x000001f8119da340 method=com.intellij.psi.impl.compiled.StubBuildingVisitor.visitMethod(ILjava/lang/String;Ljava/lang/String;Ljava/lang/String;[Ljava/lang/String;)Lorg/jetbrains/org/object
Event: 837.328 Thread 0x000001f8774b49b0 DEOPT PACKING pc=0x000001f8119da340 sp=0x00000018803f7f50
Event: 837.328 Thread 0x000001f8774b49b0 DEOPT UNPACKING pc=0x000001f80ed723a3 sp=0x00000018803f7ec0 mode 2
Event: 837.610 Thread 0x000001f8774b49b0 DEOPT PACKING pc=0x000001f80c88d45f sp=0x00000018803f9db0
Event: 837.610 Thread 0x000001f8774b49b0 DEOPT UNPACKING pc=0x000001f80ed72b43 sp=0x00000018803f92e0 mode 0

Classes unloaded (20 events):
Event: 647.281 Thread 0x000001f87fe3fbd0 Unloading class 0x000001f82387b800 'jdk/internal/jimage/ImageHeader'
Event: 647.281 Thread 0x000001f87fe3fbd0 Unloading class 0x000001f82387adc8 'jdk/internal/jimage/BasicImageReader$2'
Event: 647.281 Thread 0x000001f87fe3fbd0 Unloading class 0x000001f82387ab98 'jdk/internal/jimage/BasicImageReader$1'
Event: 647.281 Thread 0x000001f87fe3fbd0 Unloading class 0x000001f82387a930 'jdk/internal/jimage/ImageReader$Resource'
Event: 647.281 Thread 0x000001f87fe3fbd0 Unloading class 0x000001f82387a6c8 'jdk/internal/jimage/ImageReader$LinkNode'
Event: 647.281 Thread 0x000001f87fe3fbd0 Unloading class 0x000001f82387a460 'jdk/internal/jimage/ImageReader$Directory'
Event: 647.281 Thread 0x000001f87fe3fbd0 Unloading class 0x000001f82387a1f8 'jdk/internal/jimage/ImageReader$Node'
Event: 647.281 Thread 0x000001f87fe3fbd0 Unloading class 0x000001f82387a000 'jdk/internal/jimage/ImageStrings'
Event: 647.281 Thread 0x000001f87fe3fbd0 Unloading class 0x000001f823879b50 'jdk/internal/jimage/ImageReader$SharedImageReader'
Event: 647.281 Thread 0x000001f87fe3fbd0 Unloading class 0x000001f823879890 'jdk/internal/jimage/BasicImageReader'
Event: 647.281 Thread 0x000001f87fe3fbd0 Unloading class 0x000001f823879670 'jdk/internal/jimage/ImageReader'
Event: 647.281 Thread 0x000001f87fe3fbd0 Unloading class 0x000001f823879448 'jdk/internal/jrtfs/SystemImage$2'
Event: 647.281 Thread 0x000001f87fe3fbd0 Unloading class 0x000001f823879230 'jdk/internal/jrtfs/SystemImage$$Lambda$3443+0x000001f823879230'
Event: 647.281 Thread 0x000001f87fe3fbd0 Unloading class 0x000001f823879000 'jdk/internal/jrtfs/ExplodedImage'
Event: 647.281 Thread 0x000001f87fe3fbd0 Unloading class 0x000001f823878dc8 'jdk/internal/jrtfs/SystemImage$1'
Event: 647.282 Thread 0x000001f87fe3fbd0 Unloading class 0x000001f823878bb0 'jdk/internal/jrtfs/SystemImage'
Event: 647.282 Thread 0x000001f87fe3fbd0 Unloading class 0x000001f823878950 'jdk/internal/jrtfs/JrtFileStore'
Event: 647.282 Thread 0x000001f87fe3fbd0 Unloading class 0x000001f8238785d8 'jdk/internal/jrtfs/JrtPath'
Event: 647.282 Thread 0x000001f87fe3fbd0 Unloading class 0x000001f8238782e0 'jdk/internal/jrtfs/JrtFileSystem'
Event: 647.282 Thread 0x000001f87fe3fbd0 Unloading class 0x000001f823878000 'jdk/internal/jrtfs/JrtFileSystemProvider'

Classes redefined (0 events):
No events

Internal exceptions (20 events):
Event: 780.149 Thread 0x000001f869caeca0 Exception <a 'sun/nio/fs/WindowsException'{0x000000074f4932c8}> (0x000000074f4932c8) 
thrown [s\open\src\hotspot\share\prims\jni.cpp, line 516]
Event: 780.150 Thread 0x000001f869caeca0 Exception <a 'sun/nio/fs/WindowsException'{0x000000074f493a28}> (0x000000074f493a28) 
thrown [s\open\src\hotspot\share\prims\jni.cpp, line 516]
Event: 780.151 Thread 0x000001f869caeca0 Exception <a 'sun/nio/fs/WindowsException'{0x000000074f4941c8}> (0x000000074f4941c8) 
thrown [s\open\src\hotspot\share\prims\jni.cpp, line 516]
Event: 780.153 Thread 0x000001f869caeca0 Exception <a 'sun/nio/fs/WindowsException'{0x000000074f4949a0}> (0x000000074f4949a0) 
thrown [s\open\src\hotspot\share\prims\jni.cpp, line 516]
Event: 780.159 Thread 0x000001f869caeca0 Exception <a 'sun/nio/fs/WindowsException'{0x000000074f496ab0}> (0x000000074f496ab0) 
thrown [s\open\src\hotspot\share\prims\jni.cpp, line 516]
Event: 780.160 Thread 0x000001f869caeca0 Exception <a 'sun/nio/fs/WindowsException'{0x000000074f497250}> (0x000000074f497250) 
thrown [s\open\src\hotspot\share\prims\jni.cpp, line 516]
Event: 780.161 Thread 0x000001f869caeca0 Exception <a 'sun/nio/fs/WindowsException'{0x000000074f497aa0}> (0x000000074f497aa0) 
thrown [s\open\src\hotspot\share\prims\jni.cpp, line 516]
Event: 780.163 Thread 0x000001f869caeca0 Exception <a 'sun/nio/fs/WindowsException'{0x000000074f498338}> (0x000000074f498338) 
thrown [s\open\src\hotspot\share\prims\jni.cpp, line 516]
Event: 780.164 Thread 0x000001f869caeca0 Exception <a 'sun/nio/fs/WindowsException'{0x000000074f498c48}> (0x000000074f498c48) 
thrown [s\open\src\hotspot\share\prims\jni.cpp, line 516]
Event: 780.167 Thread 0x000001f869caeca0 Exception <a 'sun/nio/fs/WindowsException'{0x000000074f49a508}> (0x000000074f49a508) 
thrown [s\open\src\hotspot\share\prims\jni.cpp, line 516]
Event: 780.169 Thread 0x000001f869caeca0 Exception <a 'sun/nio/fs/WindowsException'{0x000000074f49b030}> (0x000000074f49b030) 
thrown [s\open\src\hotspot\share\prims\jni.cpp, line 516]
Event: 780.170 Thread 0x000001f869caeca0 Exception <a 'sun/nio/fs/WindowsException'{0x000000074f49b820}> (0x000000074f49b820) 
thrown [s\open\src\hotspot\share\prims\jni.cpp, line 516]
Event: 780.171 Thread 0x000001f869caeca0 Exception <a 'sun/nio/fs/WindowsException'{0x000000074f49c0b0}> (0x000000074f49c0b0) 
thrown [s\open\src\hotspot\share\prims\jni.cpp, line 516]
Event: 780.172 Thread 0x000001f869caeca0 Exception <a 'sun/nio/fs/WindowsException'{0x000000074f49c960}> (0x000000074f49c960) 
thrown [s\open\src\hotspot\share\prims\jni.cpp, line 516]
Event: 803.309 Thread 0x000001f874f1e330 Exception <a 'java/lang/NoSuchMethodError'{0x00000007464118b0}: 'int java.lang.invoke.DirectMethodHandle$Holder.invokeStatic(java.lang.Object, java.lang.Object, java.lang.Object, java.lang.Object, java.lang.Object, int, java.lang.Object)'> (0x00000007464118b0) 
thrown [s\open\src\hotspot\share\interpreter\linkResolver.cpp, line 759]
Event: 819.626 Thread 0x000001f874f1e330 Implicit null exception at 0x000001f811978a85 to 0x000001f811979390
Event: 824.307 Thread 0x000001f8680e1060 Exception <a 'sun/nio/fs/WindowsException'{0x0000000741c05f70}> (0x0000000741c05f70) 
thrown [s\open\src\hotspot\share\prims\jni.cpp, line 516]
Event: 824.445 Thread 0x000001f869caeca0 Exception <a 'sun/nio/fs/WindowsException'{0x00000007423a3028}> (0x00000007423a3028) 
thrown [s\open\src\hotspot\share\prims\jni.cpp, line 516]
Event: 831.388 Thread 0x000001f869caeca0 Exception <a 'sun/nio/fs/WindowsException'{0x00000007423c2e28}> (0x00000007423c2e28) 
thrown [s\open\src\hotspot\share\prims\jni.cpp, line 516]
Event: 837.256 Thread 0x000001f869caeca0 Exception <a 'sun/nio/fs/WindowsException'{0x000000076247b728}> (0x000000076247b728) 
thrown [s\open\src\hotspot\share\prims\jni.cpp, line 516]

VM Operations (20 events):
Event: 798.749 Executing VM operation: ICBufferFull
Event: 802.904 Executing VM operation: ICBufferFull done
Event: 803.464 Executing VM operation: HandshakeAllThreads
Event: 808.808 Executing VM operation: HandshakeAllThreads done
Event: 808.808 Executing VM operation: Cleanup
Event: 814.751 Executing VM operation: Cleanup done
Event: 815.262 Executing VM operation: ICBufferFull
Event: 819.502 Executing VM operation: ICBufferFull done
Event: 819.858 Executing VM operation: ICBufferFull
Event: 824.245 Executing VM operation: ICBufferFull done
Event: 824.266 Executing VM operation: HandshakeAllThreads
Event: 824.275 Executing VM operation: HandshakeAllThreads done
Event: 824.694 Executing VM operation: HandshakeAllThreads
Event: 824.799 Executing VM operation: HandshakeAllThreads done
Event: 824.818 Executing VM operation: ICBufferFull
Event: 831.370 Executing VM operation: ICBufferFull done
Event: 831.893 Executing VM operation: G1CollectForAllocation
Event: 837.192 Executing VM operation: G1CollectForAllocation done
Event: 838.199 Executing VM operation: Cleanup
Event: 838.732 Executing VM operation: Cleanup done

Events (20 events):
Event: 824.431 Thread 0x000001f820939c10 flushing nmethod 0x000001f80d072910
Event: 824.431 Thread 0x000001f820939c10 flushing nmethod 0x000001f80d0a2a10
Event: 824.431 Thread 0x000001f820939c10 flushing nmethod 0x000001f80d103590
Event: 824.432 Thread 0x000001f820939c10 flushing nmethod 0x000001f80d14da90
Event: 824.437 Thread 0x000001f820939c10 flushing nmethod 0x000001f80d511a90
Event: 824.439 Thread 0x000001f820939c10 flushing nmethod 0x000001f80d6b7490
Event: 824.440 Thread 0x000001f820939c10 flushing nmethod 0x000001f80d714e90
Event: 824.440 Thread 0x000001f820939c10 flushing nmethod 0x000001f80d743490
Event: 824.441 Thread 0x000001f820939c10 flushing nmethod 0x000001f80d78a390
Event: 824.441 Thread 0x000001f820939c10 flushing nmethod 0x000001f80d7ee910
Event: 824.442 Thread 0x000001f820939c10 flushing nmethod 0x000001f80d878690
Event: 824.442 Thread 0x000001f820939c10 flushing nmethod 0x000001f80d87b410
Event: 824.442 Thread 0x000001f820939c10 flushing nmethod 0x000001f80d8bdd10
Event: 824.442 Thread 0x000001f820939c10 flushing nmethod 0x000001f80d8dd910
Event: 824.443 Thread 0x000001f820939c10 flushing nmethod 0x000001f80d8e9b90
Event: 824.443 Thread 0x000001f820939c10 flushing nmethod 0x000001f80d909590
Event: 824.443 Thread 0x000001f820939c10 flushing nmethod 0x000001f80d91bd90
Event: 824.444 Thread 0x000001f820939c10 flushing nmethod 0x000001f80d967210
Event: 824.445 Thread 0x000001f820939c10 flushing nmethod 0x000001f80da62790
Event: 824.447 Thread 0x000001f820939c10 flushing nmethod 0x000001f80daea290


Dynamic libraries:
0x00007ff60b870000 - 0x00007ff60b880000 	C:\Program Files\Java\jdk-17\bin\java.exe
0x00007fff9e8a0000 - 0x00007fff9eb07000 	C:\WINDOWS\SYSTEM32\ntdll.dll
0x00007fff9c630000 - 0x00007fff9c6f9000 	C:\WINDOWS\System32\KERNEL32.DLL
0x00007fff9bec0000 - 0x00007fff9c2b4000 	C:\WINDOWS\System32\KERNELBASE.dll
0x00007fff9bd70000 - 0x00007fff9bebb000 	C:\WINDOWS\System32\ucrtbase.dll
0x00007fff923b0000 - 0x00007fff923c9000 	C:\Program Files\Java\jdk-17\bin\jli.dll
0x00007fff9e530000 - 0x00007fff9e5e6000 	C:\WINDOWS\System32\ADVAPI32.dll
0x00007fff9de60000 - 0x00007fff9df09000 	C:\WINDOWS\System32\msvcrt.dll
0x00007fff9c700000 - 0x00007fff9c7a7000 	C:\WINDOWS\System32\sechost.dll
0x00007fff8aca0000 - 0x00007fff8acbb000 	C:\Program Files\Java\jdk-17\bin\VCRUNTIME140.dll
0x00007fff9e410000 - 0x00007fff9e528000 	C:\WINDOWS\System32\RPCRT4.dll
0x00007fff9cb40000 - 0x00007fff9cd05000 	C:\WINDOWS\System32\USER32.dll
0x00007fff9b170000 - 0x00007fff9b197000 	C:\WINDOWS\System32\win32u.dll
0x00007fff85a00000 - 0x00007fff85c93000 	C:\WINDOWS\WinSxS\amd64_microsoft.windows.common-controls_6595b64144ccf1df_6.0.26100.8115_none_3e075c82e3354f9c\COMCTL32.dll
0x00007fff9e750000 - 0x00007fff9e77b000 	C:\WINDOWS\System32\GDI32.dll
0x00007fff9c500000 - 0x00007fff9c62b000 	C:\WINDOWS\System32\gdi32full.dll
0x00007fff9b1a0000 - 0x00007fff9b243000 	C:\WINDOWS\System32\msvcp_win.dll
0x00007fff8be00000 - 0x00007fff8be0b000 	C:\WINDOWS\SYSTEM32\VERSION.dll
0x00007fff9d590000 - 0x00007fff9d5c2000 	C:\WINDOWS\System32\IMM32.DLL
0x00007fff95330000 - 0x00007fff9533c000 	C:\Program Files\Java\jdk-17\bin\vcruntime140_1.dll
0x00007fff7f170000 - 0x00007fff7f1fe000 	C:\Program Files\Java\jdk-17\bin\msvcp140.dll
0x00007fff2bf30000 - 0x00007fff2cb10000 	C:\Program Files\Java\jdk-17\bin\server\jvm.dll
0x00007fff9d580000 - 0x00007fff9d588000 	C:\WINDOWS\System32\PSAPI.DLL
0x00007fff7fd70000 - 0x00007fff7fd7a000 	C:\WINDOWS\SYSTEM32\WSOCK32.dll
0x00007fff9e1b0000 - 0x00007fff9e230000 	C:\WINDOWS\System32\WS2_32.dll
0x00007fff8a060000 - 0x00007fff8a096000 	C:\WINDOWS\SYSTEM32\WINMM.dll
0x00007fff99f00000 - 0x00007fff99f1b000 	C:\WINDOWS\SYSTEM32\kernel.appcore.dll
0x00007fff951f0000 - 0x00007fff951fa000 	C:\Program Files\Java\jdk-17\bin\jimage.dll
0x00007fff99370000 - 0x00007fff995b2000 	C:\WINDOWS\SYSTEM32\DBGHELP.DLL
0x00007fff9c7b0000 - 0x00007fff9cb32000 	C:\WINDOWS\System32\combase.dll
0x00007fff9e240000 - 0x00007fff9e318000 	C:\WINDOWS\System32\OLEAUT32.dll
0x00007fff8de30000 - 0x00007fff8de6b000 	C:\WINDOWS\SYSTEM32\dbgcore.DLL
0x00007fff9bcc0000 - 0x00007fff9bd65000 	C:\WINDOWS\System32\bcryptPrimitives.dll
0x00007fff94c20000 - 0x00007fff94c2e000 	C:\Program Files\Java\jdk-17\bin\instrument.dll
0x00007fff87f10000 - 0x00007fff87f35000 	C:\Program Files\Java\jdk-17\bin\java.dll
0x00007fff77c80000 - 0x00007fff77d57000 	C:\Program Files\Java\jdk-17\bin\jsvml.dll
0x00007fff9cd10000 - 0x00007fff9d477000 	C:\WINDOWS\System32\SHELL32.dll
0x00007fff9b250000 - 0x00007fff9b3ba000 	C:\WINDOWS\System32\wintypes.dll
0x00007fff9b450000 - 0x00007fff9bcb8000 	C:\WINDOWS\System32\windows.storage.dll
0x00007fff9d480000 - 0x00007fff9d578000 	C:\WINDOWS\System32\SHCORE.dll
0x00007fff9e3a0000 - 0x00007fff9e406000 	C:\WINDOWS\System32\shlwapi.dll
0x00007fff9b090000 - 0x00007fff9b0b9000 	C:\WINDOWS\SYSTEM32\profapi.dll
0x00007fff85d50000 - 0x00007fff85d68000 	C:\Program Files\Java\jdk-17\bin\zip.dll
0x00007fff8ac80000 - 0x00007fff8ac99000 	C:\Program Files\Java\jdk-17\bin\net.dll
0x00007fff8cc30000 - 0x00007fff8cd5d000 	C:\WINDOWS\SYSTEM32\WINHTTP.dll
0x00007fff9a470000 - 0x00007fff9a4dc000 	C:\WINDOWS\system32\mswsock.dll
0x00007fff882d0000 - 0x00007fff882e6000 	C:\Program Files\Java\jdk-17\bin\nio.dll
0x00007fff950d0000 - 0x00007fff950e0000 	C:\Program Files\Java\jdk-17\bin\verify.dll
0x00007fff82ff0000 - 0x00007fff83017000 	C:\Users\USER\.gradle\native\1def1411415f61bf3af743bc5b6707747c0891f09f0c88961ee8f79bc544acac\windows-amd64\native-platform.dll
0x00007fff81550000 - 0x00007fff815c8000 	C:\Users\USER\.gradle\native\0.2.7\x86_64-windows-gnu\gradle-fileevents.dll
0x00007fff94ea0000 - 0x00007fff94eaa000 	C:\Program Files\Java\jdk-17\bin\management.dll
0x00007fff94d50000 - 0x00007fff94d5b000 	C:\Program Files\Java\jdk-17\bin\management_ext.dll
0x00007fff99900000 - 0x00007fff99932000 	C:\WINDOWS\SYSTEM32\IPHLPAPI.DLL
0x00007fff9e6b0000 - 0x00007fff9e6ba000 	C:\WINDOWS\System32\NSI.dll
0x00007fff91fe0000 - 0x00007fff91ffd000 	C:\WINDOWS\SYSTEM32\dhcpcsvc6.DLL
0x00007fff8cc00000 - 0x00007fff8cc25000 	C:\WINDOWS\SYSTEM32\dhcpcsvc.DLL
0x00007fff99990000 - 0x00007fff99ac2000 	C:\WINDOWS\SYSTEM32\DNSAPI.dll
0x00007fff9a760000 - 0x00007fff9a77b000 	C:\WINDOWS\SYSTEM32\CRYPTSP.dll
0x00007fff99e60000 - 0x00007fff99e99000 	C:\WINDOWS\system32\rsaenh.dll
0x00007fff9a520000 - 0x00007fff9a553000 	C:\WINDOWS\SYSTEM32\USERENV.dll
0x00007fff9b060000 - 0x00007fff9b08a000 	C:\WINDOWS\SYSTEM32\bcrypt.dll
0x00007fff9a750000 - 0x00007fff9a75c000 	C:\WINDOWS\SYSTEM32\CRYPTBASE.dll
0x00007fff93b00000 - 0x00007fff93b0e000 	C:\Program Files\Java\jdk-17\bin\sunmscapi.dll
0x00007fff9c2c0000 - 0x00007fff9c437000 	C:\WINDOWS\System32\CRYPT32.dll
0x00007fff9a970000 - 0x00007fff9a9a0000 	C:\WINDOWS\SYSTEM32\ncrypt.dll
0x00007fff9a920000 - 0x00007fff9a95f000 	C:\WINDOWS\SYSTEM32\NTASN1.dll
0x00007fff92cb0000 - 0x00007fff92cb8000 	C:\WINDOWS\system32\wshunix.dll
0x00007fff94cf0000 - 0x00007fff94d08000 	C:\WINDOWS\system32\napinsp.dll
0x00007fff92cc0000 - 0x00007fff92cd3000 	C:\WINDOWS\System32\winrnr.dll
0x00007fff8ae10000 - 0x00007fff8ae32000 	C:\WINDOWS\system32\nlansp_c.dll
0x00007fff91fc0000 - 0x00007fff91fd6000 	C:\WINDOWS\system32\wshbth.dll
0x00007fff8b130000 - 0x00007fff8b13b000 	C:\Windows\System32\rasadhlp.dll
0x00007fff8c1e0000 - 0x00007fff8c266000 	C:\WINDOWS\System32\fwpuclnt.dll
0x00007fff9a020000 - 0x00007fff9a056000 	C:\WINDOWS\SYSTEM32\ntmarta.dll
0x00007fff92370000 - 0x00007fff92377000 	C:\Program Files\Java\jdk-17\bin\rmi.dll
0x00007fff51e80000 - 0x00007fff52011000 	C:\Program Files\Java\jdk-17\bin\awt.dll
0x00007fff98690000 - 0x00007fff9872f000 	C:\WINDOWS\SYSTEM32\apphelp.dll
0x00007fff98910000 - 0x00007fff989b9000 	C:\WINDOWS\system32\uxtheme.dll
0x00007fff9d5d0000 - 0x00007fff9d72c000 	C:\WINDOWS\System32\MSCTF.dll
0x00007fff9d730000 - 0x00007fff9d8c7000 	C:\WINDOWS\System32\ole32.dll

dbghelp: loaded successfully - version: 4.0.5 - missing functions: none
symbol engine: initialized successfully - sym options: 0x614 - pdb path: .;C:\Program Files\Java\jdk-17\bin;C:\WINDOWS\SYSTEM32;C:\WINDOWS\WinSxS\amd64_microsoft.windows.common-controls_6595b64144ccf1df_6.0.26100.8115_none_3e075c82e3354f9c;C:\Program Files\Java\jdk-17\bin\server;C:\Users\USER\.gradle\native\1def1411415f61bf3af743bc5b6707747c0891f09f0c88961ee8f79bc544acac\windows-amd64;C:\Users\USER\.gradle\native\0.2.7\x86_64-windows-gnu

VM Arguments:
jvm_args: --add-opens=java.base/java.lang=ALL-UNNAMED --add-opens=java.base/java.lang.invoke=ALL-UNNAMED --add-opens=java.base/java.util=ALL-UNNAMED --add-opens=java.prefs/java.util.prefs=ALL-UNNAMED --add-exports=jdk.compiler/com.sun.tools.javac.api=ALL-UNNAMED --add-exports=jdk.compiler/com.sun.tools.javac.util=ALL-UNNAMED --add-opens=java.base/java.util=ALL-UNNAMED --add-opens=java.prefs/java.util.prefs=ALL-UNNAMED --add-opens=java.base/java.nio.charset=ALL-UNNAMED --add-opens=java.base/java.net=ALL-UNNAMED --add-opens=java.base/java.util.concurrent.atomic=ALL-UNNAMED --add-opens=java.xml/javax.xml.namespace=ALL-UNNAMED -XX:+HeapDumpOnOutOfMemoryError -Xmx4096m -Dfile.encoding=windows-1252 -Duser.country=US -Duser.language=en -Duser.variant -javaagent:C:\Users\USER\.gradle\wrapper\dists\gradle-8.14.3-bin\cv11ve7ro1n3o1j4so8xd9n66\gradle-8.14.3\lib\agents\gradle-instrumentation-agent-8.14.3.jar 
java_command: org.gradle.launcher.daemon.bootstrap.GradleDaemon 8.14.3
java_class_path (initial): C:\Users\USER\.gradle\wrapper\dists\gradle-8.14.3-bin\cv11ve7ro1n3o1j4so8xd9n66\gradle-8.14.3\lib\gradle-daemon-main-8.14.3.jar
Launcher Type: SUN_STANDARD

[Global flags]
     intx CICompilerCount                          = 4                                         {product} {ergonomic}
     uint ConcGCThreads                            = 2                                         {product} {ergonomic}
     uint G1ConcRefinementThreads                  = 8                                         {product} {ergonomic}
   size_t G1HeapRegionSize                         = 2097152                                   {product} {ergonomic}
    uintx GCDrainStackTargetSize                   = 64                                        {product} {ergonomic}
     bool HeapDumpOnOutOfMemoryError               = true                                   {manageable} {command line}
   size_t InitialHeapSize                          = 134217728                                 {product} {ergonomic}
   size_t MarkStackSize                            = 4194304                                   {product} {ergonomic}
   size_t MaxHeapSize                              = 4294967296                                {product} {command line}
   size_t MaxNewSize                               = 2575302656                                {product} {ergonomic}
   size_t MinHeapDeltaBytes                        = 2097152                                   {product} {ergonomic}
   size_t MinHeapSize                              = 8388608                                   {product} {ergonomic}
    uintx NonNMethodCodeHeapSize                   = 5839372                                {pd product} {ergonomic}
    uintx NonProfiledCodeHeapSize                  = 122909434                              {pd product} {ergonomic}
    uintx ProfiledCodeHeapSize                     = 122909434                              {pd product} {ergonomic}
    uintx ReservedCodeCacheSize                    = 251658240                              {pd product} {ergonomic}
     bool SegmentedCodeCache                       = true                                      {product} {ergonomic}
   size_t SoftMaxHeapSize                          = 4294967296                             {manageable} {ergonomic}
     bool UseCompressedClassPointers               = true                           {product lp64_product} {ergonomic}
     bool UseCompressedOops                        = true                           {product lp64_product} {ergonomic}
     bool UseG1GC                                  = true                                      {product} {ergonomic}
     bool UseLargePagesIndividualAllocation        = false                                  {pd product} {ergonomic}

Logging:
Log output configuration:
 #0: stdout all=warning uptime,level,tags
 #1: stderr all=off uptime,level,tags

Environment Variables:
PATH=c:\Users\USER\AppData\Roaming\Code\User\globalStorage\github.copilot-chat\debugCommand;c:\Users\USER\AppData\Roaming\Code\User\globalStorage\github.copilot-chat\copilotCli;C:\Users\USER\AppData\Local\Programs\Microsoft VS Code;C:\Program Files\Common Files\Oracle\Java\javapath;C:\Python313\Scripts\;C:\Python313\;C:\WINDOWS\system32;C:\WINDOWS;C:\WINDOWS\System32\Wbem;C:\WINDOWS\System32\WindowsPowerShell\v1.0\;C:\WINDOWS\System32\OpenSSH\;C:\ProgramData\chocolatey\bin;C:\Program Files\Intel\WiFi\bin\;C:\Program Files\Common Files\Intel\WirelessCommon\;C:\Program Files\Git\cmd;adb devices;C:\Users\USER\AppData\Local\Android\Sdk\platform-tools;C:\Users\USER\AppData\Local\Android\Sdk\emulator;C:\Users\USER\AppData\Local\Android\Sdk\tools;C:\Users\USER\AppData\Local\Android\Sdk\tools\bin;C:\Program Files\Amazon\AWSCLIV2\;%NVM_HOME%;%NVM_SYMLINK%;C:\Users\USER\AppData\Local\Microsoft\WindowsApps;C:\Users\USER\AppData\Roaming\npm;C:\Users\USER\AppData\Local\Programs\Microsoft VS Code\bin;C:\Users\USER\AppData\Local\Android\Sdk\platform-tools;C:\Users\USER\AppData\Local\Microsoft\WinGet\Packages\chmln.sd_Microsoft.Winget.Source_8wekyb3d8bbwe\sd-v1.0.0-x86_64-pc-windows-msvc;C:\Users\USER\AppData\Local\nvm;C:\nvm4w\nodejs
USERNAME=USER
LANG=en_US.UTF-8
OS=Windows_NT
PROCESSOR_IDENTIFIER=Intel64 Family 6 Model 142 Stepping 10, GenuineIntel



---------------  S Y S T E M  ---------------

OS:
 Windows 11 , 64 bit Build 26100 (10.0.26100.8246)
OS uptime: 1 days 6:32 hours

CPU: total 8 (initial active 8) (4 cores per cpu, 2 threads per core) family 6 model 142 stepping 10 microcode 0xf6, cx8, cmov, fxsr, ht, mmx, 3dnowpref, sse, sse2, sse3, ssse3, sse4.1, sse4.2, popcnt, lzcnt, tsc, tscinvbit, avx, avx2, aes, erms, clmul, bmi1, bmi2, rtm, adx, fma, vzeroupper, clflush, clflushopt

Memory: 4k page, system-wide physical 8067M (524M free)
TotalPageFile size 23317M (AvailPageFile size 0M)
current process WorkingSet (physical memory assigned to process): 669M, peak: 1701M
current process commit charge ("private bytes"): 2553M, peak: 2555M

vm_info: Java HotSpot(TM) 64-Bit Server VM (17.0.12+8-LTS-286) for windows-amd64 JRE (17.0.12+8-LTS-286), built on Jun  5 2024 06:46:59 by "mach5one" with MS VC++ 17.6 (VS2022)

END.
