#
# There is insufficient memory for the Java Runtime Environment to continue.
# Native memory allocation (malloc) failed to allocate 1353616 bytes for Chunk::new
# Possible reasons:
#   The system is out of physical RAM or swap space
#   The process is running with CompressedOops enabled, and the Java Heap may be blocking the growth of the native heap
# Possible solutions:
#   Reduce memory load on the system
#   Increase physical memory or swap space
#   Check if swap backing store is full
#   Decrease Java heap size (-Xmx/-Xms)
#   Decrease number of Java threads
#   Decrease Java thread stack sizes (-Xss)
#   Set larger code cache with -XX:ReservedCodeCacheSize=
#   JVM is running with Zero Based Compressed Oops mode in which the Java heap is
#     placed in the first 32GB address space. The Java Heap base address is the
#     maximum limit for the native heap growth. Please use -XX:HeapBaseMinAddress
#     to set the Java Heap base and to place the Java Heap above 32GB virtual address.
# This output file may be truncated or incomplete.
#
#  Out of Memory Error (arena.cpp:189), pid=27628, tid=26972
#
# JRE version: Java(TM) SE Runtime Environment (17.0.12+8) (build 17.0.12+8-LTS-286)
# Java VM: Java HotSpot(TM) 64-Bit Server VM (17.0.12+8-LTS-286, mixed mode, sharing, tiered, compressed oops, compressed class ptrs, g1 gc, windows-amd64)
# No core dump will be written. Minidumps are not enabled by default on client versions of Windows
#

---------------  S U M M A R Y ------------

Command Line: --add-opens=java.base/java.lang=ALL-UNNAMED --add-opens=java.base/java.lang.invoke=ALL-UNNAMED --add-opens=java.base/java.util=ALL-UNNAMED --add-opens=java.prefs/java.util.prefs=ALL-UNNAMED --add-exports=jdk.compiler/com.sun.tools.javac.api=ALL-UNNAMED --add-exports=jdk.compiler/com.sun.tools.javac.util=ALL-UNNAMED --add-opens=java.base/java.util=ALL-UNNAMED --add-opens=java.prefs/java.util.prefs=ALL-UNNAMED --add-opens=java.base/java.nio.charset=ALL-UNNAMED --add-opens=java.base/java.net=ALL-UNNAMED --add-opens=java.base/java.util.concurrent.atomic=ALL-UNNAMED --add-opens=java.xml/javax.xml.namespace=ALL-UNNAMED -XX:+HeapDumpOnOutOfMemoryError -Xmx4096m -Dfile.encoding=windows-1252 -Duser.country=US -Duser.language=en -Duser.variant -javaagent:C:\Users\USER\.gradle\wrapper\dists\gradle-8.14.3-bin\cv11ve7ro1n3o1j4so8xd9n66\gradle-8.14.3\lib\agents\gradle-instrumentation-agent-8.14.3.jar org.gradle.launcher.daemon.bootstrap.GradleDaemon 8.14.3

Host: Intel(R) Core(TM) i5-8350U CPU @ 1.70GHz, 8 cores, 7G,  Windows 11 , 64 bit Build 26100 (10.0.26100.8875)
Time: Fri Jul 31 11:54:54 2026 E. Africa Standard Time elapsed time: 219.097876 seconds (0d 0h 3m 39s)

---------------  T H R E A D  ---------------

Current thread (0x0000026d7effd7a0):  JavaThread "C2 CompilerThread0" daemon [_thread_in_native, id=26972, stack(0x000000acbe800000,0x000000acbe900000)]


Current CompileTask:
C2: 219098 28996       4       org.gradle.cache.internal.btree.FreeListBlockStore$FreeListBlock::alloc (240 bytes)

Stack: [0x000000acbe800000,0x000000acbe900000]
Native frames: (J=compiled Java code, j=interpreted, Vv=VM code, C=native code)
V  [jvm.dll+0x67a04a]
V  [jvm.dll+0x7da4ed]
V  [jvm.dll+0x7dbe33]
V  [jvm.dll+0x7dc4a3]
V  [jvm.dll+0x24508f]
V  [jvm.dll+0xab773]
V  [jvm.dll+0xabd3c]
V  [jvm.dll+0x361b9f]
V  [jvm.dll+0x32c431]
V  [jvm.dll+0x32b8ca]
V  [jvm.dll+0x21683f]
V  [jvm.dll+0x215c6f]
V  [jvm.dll+0x1a2960]
V  [jvm.dll+0x22610b]
V  [jvm.dll+0x2242ab]
V  [jvm.dll+0x79075c]
V  [jvm.dll+0x78abea]
V  [jvm.dll+0x678f35]
C  [ucrtbase.dll+0x2cd30]
C  [KERNEL32.DLL+0x2e957]
C  [ntdll.dll+0xaad6c]


---------------  P R O C E S S  ---------------

Threads class SMR info:
_java_thread_list=0x0000026d6644ef50, length=169, elements={
0x0000026d7a9b39f0, 0x0000026d7efdd370, 0x0000026d7efdfe50, 0x0000026d7eff7100,
0x0000026d7eff79d0, 0x0000026d7eff92b0, 0x0000026d7effbb90, 0x0000026d7effd7a0,
0x0000026d7f001660, 0x0000026d7f002750, 0x0000026d7efc92e0, 0x0000026d1ea99500,
0x0000026d657d0890, 0x0000026d653ef850, 0x0000026d653ed4e0, 0x0000026d653ee410,
0x0000026d653ed9f0, 0x0000026d653ecfd0, 0x0000026d653ee920, 0x0000026d653edf00,
0x0000026d653eee30, 0x0000026d653ef340, 0x0000026d653ecac0, 0x0000026d660292b0,
0x0000026d66028380, 0x0000026d660297c0, 0x0000026d6602ac00, 0x0000026d66028da0,
0x0000026d6602c040, 0x0000026d6602dea0, 0x0000026d6602ca60, 0x0000026d6602cf70,
0x0000026d6602d990, 0x0000026d6602a6f0, 0x0000026d6602fd00, 0x0000026d6602f7f0,
0x0000026d6602e8c0, 0x0000026d6602f2e0, 0x0000026d67882c80, 0x0000026d67880e20,
0x0000026d67882260, 0x0000026d67883bb0, 0x0000026d67884ae0, 0x0000026d67881840,
0x0000026d67881d50, 0x0000026d678845d0, 0x0000026d67881330, 0x0000026d67883190,
0x0000026d67885500, 0x0000026d678840c0, 0x0000026d67884ff0, 0x0000026d678836a0,
0x0000026d67885f20, 0x0000026d67882770, 0x0000026d67887360, 0x0000026d67887d80,
0x0000026d67888290, 0x0000026d67886940, 0x0000026d67886e50, 0x0000026d67885a10,
0x0000026d678887a0, 0x0000026d67886430, 0x0000026d67887870, 0x0000026d66bbd830,
0x0000026d66bbce10, 0x0000026d66bbdd40, 0x0000026d66bbe760, 0x0000026d66bbd320,
0x0000026d66bbe250, 0x0000026d66bbbee0, 0x0000026d66bbafb0, 0x0000026d66bbec70,
0x0000026d66bbb4c0, 0x0000026d66bbf180, 0x0000026d66bbf690, 0x0000026d66bbc3f0,
0x0000026d66bc05c0, 0x0000026d66bc0ad0, 0x0000026d66bc0fe0, 0x0000026d66bc2930,
0x0000026d66bc14f0, 0x0000026d66bc00b0, 0x0000026d66bc1f10, 0x0000026d66bc2420,
0x0000026d649229d0, 0x0000026d64921080, 0x0000026d64921aa0, 0x0000026d64920b70,
0x0000026d64921590, 0x0000026d64921fb0, 0x0000026d649224c0, 0x0000026d64922ee0,
0x0000026d649233f0, 0x0000026d6491fc40, 0x0000026d64923900, 0x0000026d64920150,
0x0000026d64923e10, 0x0000026d64920660, 0x0000026d64924320, 0x0000026d649270b0,
0x0000026d649275c0, 0x0000026d64926180, 0x0000026d64926690, 0x0000026d673af740,
0x0000026d673b0670, 0x0000026d673b1090, 0x0000026d673afc50, 0x0000026d673b15a0,
0x0000026d673b0160, 0x0000026d673b0b80, 0x0000026d673addf0, 0x0000026d673ae300,
0x0000026d673b1ab0, 0x0000026d673b1fc0, 0x0000026d673ae810, 0x0000026d673b24d0,
0x0000026d673aed20, 0x0000026d673b29e0, 0x0000026d673af230, 0x0000026d673b3400,
0x0000026d673b5260, 0x0000026d673b3910, 0x0000026d673b5770, 0x0000026d673b4330,
0x0000026d673b2ef0, 0x0000026d673b4840, 0x0000026d673b3e20, 0x0000026d673b4d50,
0x0000026d6586fa80, 0x0000026d65871df0, 0x0000026d6586ff90, 0x0000026d658718e0,
0x0000026d658704a0, 0x0000026d658713d0, 0x0000026d6586f060, 0x0000026d658709b0,
0x0000026d6586f570, 0x0000026d65873230, 0x0000026d65874670, 0x0000026d65873740,
0x0000026d65875090, 0x0000026d65875fc0, 0x0000026d6602a1e0, 0x0000026d69da1c20,
0x0000026d69d9f8b0, 0x0000026d69da2b50, 0x0000026d69da3f90, 0x0000026d69da58e0,
0x0000026d69da6d20, 0x0000026d69da6300, 0x0000026d70f07830, 0x0000026d70f06900,
0x0000026d70f04fb0, 0x0000026d70f04080, 0x0000026d70f054c0, 0x0000026d70f06e10,
0x0000026d70f08250, 0x0000026d70f08760, 0x0000026d70f04aa0, 0x0000026d70f08c70,
0x0000026d70f09690, 0x0000026d6fd404b0, 0x0000026d73cc4590, 0x0000026d73cc4aa0,
0x0000026d73cf0e60, 0x0000026d74e66230, 0x0000026d74e65d20, 0x0000026d7313d2b0,
0x0000026d7313ec00
}

Java Threads: ( => current thread )
  0x0000026d7a9b39f0 JavaThread "main" [_thread_blocked, id=11820, stack(0x000000acbdb00000,0x000000acbdc00000)]
  0x0000026d7efdd370 JavaThread "Reference Handler" daemon [_thread_blocked, id=1472, stack(0x000000acbe200000,0x000000acbe300000)]
  0x0000026d7efdfe50 JavaThread "Finalizer" daemon [_thread_blocked, id=20476, stack(0x000000acbe300000,0x000000acbe400000)]
  0x0000026d7eff7100 JavaThread "Signal Dispatcher" daemon [_thread_blocked, id=27140, stack(0x000000acbe400000,0x000000acbe500000)]
  0x0000026d7eff79d0 JavaThread "Attach Listener" daemon [_thread_blocked, id=7404, stack(0x000000acbe500000,0x000000acbe600000)]
  0x0000026d7eff92b0 JavaThread "Service Thread" daemon [_thread_blocked, id=17264, stack(0x000000acbe600000,0x000000acbe700000)]
  0x0000026d7effbb90 JavaThread "Monitor Deflation Thread" daemon [_thread_blocked, id=24808, stack(0x000000acbe700000,0x000000acbe800000)]
=>0x0000026d7effd7a0 JavaThread "C2 CompilerThread0" daemon [_thread_in_native, id=26972, stack(0x000000acbe800000,0x000000acbe900000)]
  0x0000026d7f001660 JavaThread "C1 CompilerThread0" daemon [_thread_blocked, id=16768, stack(0x000000acbe900000,0x000000acbea00000)]
  0x0000026d7f002750 JavaThread "Sweeper thread" daemon [_thread_blocked, id=27252, stack(0x000000acbea00000,0x000000acbeb00000)]
  0x0000026d7efc92e0 JavaThread "Common-Cleaner" daemon [_thread_blocked, id=7764, stack(0x000000acbeb00000,0x000000acbec00000)]
  0x0000026d1ea99500 JavaThread "Notification Thread" daemon [_thread_blocked, id=26652, stack(0x000000acbec00000,0x000000acbed00000)]
  0x0000026d657d0890 JavaThread "Daemon health stats" [_thread_blocked, id=25068, stack(0x000000acbf300000,0x000000acbf400000)]
  0x0000026d653ef850 JavaThread "Incoming local TCP Connector on port 63576" [_thread_in_native, id=14856, stack(0x000000acbf200000,0x000000acbf300000)]
  0x0000026d653ed4e0 JavaThread "Daemon periodic checks" [_thread_blocked, id=24776, stack(0x000000acbf400000,0x000000acbf500000)]
  0x0000026d653ee410 JavaThread "Daemon" [_thread_blocked, id=3636, stack(0x000000acbf600000,0x000000acbf700000)]
  0x0000026d653ed9f0 JavaThread "Handler for socket connection from /127.0.0.1:63576 to /127.0.0.1:63577" [_thread_in_native, id=16788, stack(0x000000acbf700000,0x000000acbf800000)]
  0x0000026d653ecfd0 JavaThread "Cancel handler" [_thread_blocked, id=21040, stack(0x000000acbf500000,0x000000acbf600000)]
  0x0000026d653ee920 JavaThread "Daemon worker" [_thread_blocked, id=17208, stack(0x000000acbf800000,0x000000acbf900000)]
  0x0000026d653edf00 JavaThread "Asynchronous log dispatcher for DefaultDaemonConnection: socket connection from /127.0.0.1:63576 to /127.0.0.1:63577" [_thread_blocked, id=24736, stack(0x000000acbfa00000,0x000000acbfb00000)]
  0x0000026d653eee30 JavaThread "Stdin handler" [_thread_blocked, id=22000, stack(0x000000acbfb00000,0x000000acbfc00000)]
  0x0000026d653ef340 JavaThread "Daemon client event forwarder" [_thread_blocked, id=17488, stack(0x000000acbfc00000,0x000000acbfd00000)]
  0x0000026d653ecac0 JavaThread "Cache worker for journal cache (C:\Users\USER\.gradle\caches\journal-1)" [_thread_blocked, id=4960, stack(0x000000acbfd00000,0x000000acbfe00000)]
  0x0000026d660292b0 JavaThread "File lock request listener" [_thread_in_native, id=12572, stack(0x000000acbfe00000,0x000000acbff00000)]
  0x0000026d66028380 JavaThread "Cache worker for file hash cache (C:\Users\USER\.gradle\caches\8.14.3\fileHashes)" [_thread_blocked, id=12980, stack(0x000000acbff00000,0x000000acc0000000)]
  0x0000026d660297c0 JavaThread "Cache worker for file hash cache (D:\mifedha1a18\android\.gradle\8.14.3\fileHashes)" [_thread_blocked, id=13896, stack(0x000000acc0300000,0x000000acc0400000)]
  0x0000026d6602ac00 JavaThread "Cache worker for Build Output Cleanup Cache (D:\mifedha1a18\android\.gradle\buildOutputCleanup)" [_thread_blocked, id=12596, stack(0x000000acc0400000,0x000000acc0500000)]
  0x0000026d66028da0 JavaThread "File watcher server" daemon [_thread_in_native, id=27156, stack(0x000000acc0600000,0x000000acc0700000)]
  0x0000026d6602c040 JavaThread "File watcher consumer" daemon [_thread_blocked, id=3596, stack(0x000000acc0700000,0x000000acc0800000)]
  0x0000026d6602dea0 JavaThread "jar transforms" [_thread_blocked, id=14552, stack(0x000000acc0900000,0x000000acc0a00000)]
  0x0000026d6602ca60 JavaThread "Cache worker for checksums cache (D:\mifedha1a18\android\.gradle\8.14.3\checksums)" [_thread_blocked, id=27540, stack(0x000000acc0a00000,0x000000acc0b00000)]
  0x0000026d6602cf70 JavaThread "Cache worker for file content cache (C:\Users\USER\.gradle\caches\8.14.3\fileContent)" [_thread_blocked, id=6472, stack(0x000000acc0b00000,0x000000acc0c00000)]
  0x0000026d6602d990 JavaThread "Exec process" [_thread_in_native, id=4332, stack(0x000000acc0c00000,0x000000acc0d00000)]
  0x0000026d6602a6f0 JavaThread "Exec process Thread 2" [_thread_in_native, id=23684, stack(0x000000acc0d00000,0x000000acc0e00000)]
  0x0000026d6602fd00 JavaThread "Exec process Thread 3" [_thread_in_native, id=21660, stack(0x000000acc0e00000,0x000000acc0f00000)]
  0x0000026d6602f7f0 JavaThread "Cache worker for cache directory md-supplier (C:\Users\USER\.gradle\caches\8.14.3\md-supplier)" [_thread_blocked, id=5892, stack(0x000000acc0f00000,0x000000acc1000000)]
  0x0000026d6602e8c0 JavaThread "Cache worker for cache directory md-rule (C:\Users\USER\.gradle\caches\8.14.3\md-rule)" [_thread_blocked, id=2768, stack(0x000000acc1000000,0x000000acc1100000)]
  0x0000026d6602f2e0 JavaThread "Cache worker for Build Output Cleanup Cache (D:\mifedha1a18\node_modules\@react-native\gradle-plugin\.gradle\buildOutputCleanup)" [_thread_blocked, id=20824, stack(0x000000acc1100000,0x000000acc1200000)]
  0x0000026d67882c80 JavaThread "Unconstrained build operations" [_thread_blocked, id=3052, stack(0x000000acc1200000,0x000000acc1300000)]
  0x0000026d67880e20 JavaThread "Unconstrained build operations Thread 2" [_thread_blocked, id=27604, stack(0x000000acc1300000,0x000000acc1400000)]
  0x0000026d67882260 JavaThread "Unconstrained build operations Thread 3" [_thread_blocked, id=20832, stack(0x000000acc1400000,0x000000acc1500000)]
  0x0000026d67883bb0 JavaThread "Unconstrained build operations Thread 4" [_thread_blocked, id=23624, stack(0x000000acc1500000,0x000000acc1600000)]
  0x0000026d67884ae0 JavaThread "Unconstrained build operations Thread 5" [_thread_blocked, id=15704, stack(0x000000acc1600000,0x000000acc1700000)]
  0x0000026d67881840 JavaThread "Unconstrained build operations Thread 6" [_thread_blocked, id=23908, stack(0x000000acc1700000,0x000000acc1800000)]
  0x0000026d67881d50 JavaThread "Cache worker for Build Output Cleanup Cache (D:\mifedha1a18\node_modules\expo-modules-autolinking\android\expo-gradle-plugin\.gradle\buildOutputCleanup)" [_thread_blocked, id=26312, stack(0x000000acbf900000,0x000000acbfa00000)]
  0x0000026d678845d0 JavaThread "Unconstrained build operations Thread 7" [_thread_blocked, id=17016, stack(0x000000acc1800000,0x000000acc1900000)]
  0x0000026d67881330 JavaThread "Unconstrained build operations Thread 8" [_thread_blocked, id=27124, stack(0x000000acc1900000,0x000000acc1a00000)]
  0x0000026d67883190 JavaThread "Unconstrained build operations Thread 9" [_thread_blocked, id=12440, stack(0x000000acc1a00000,0x000000acc1b00000)]
  0x0000026d67885500 JavaThread "Unconstrained build operations Thread 10" [_thread_blocked, id=2580, stack(0x000000acc1b00000,0x000000acc1c00000)]
  0x0000026d678840c0 JavaThread "Unconstrained build operations Thread 11" [_thread_blocked, id=7752, stack(0x000000acc1c00000,0x000000acc1d00000)]
  0x0000026d67884ff0 JavaThread "Unconstrained build operations Thread 12" [_thread_blocked, id=6400, stack(0x000000acc1d00000,0x000000acc1e00000)]
  0x0000026d678836a0 JavaThread "Unconstrained build operations Thread 13" [_thread_blocked, id=24004, stack(0x000000acc1e00000,0x000000acc1f00000)]
  0x0000026d67885f20 JavaThread "Unconstrained build operations Thread 14" [_thread_blocked, id=24696, stack(0x000000acc1f00000,0x000000acc2000000)]
  0x0000026d67882770 JavaThread "Unconstrained build operations Thread 15" [_thread_blocked, id=25224, stack(0x000000acc2000000,0x000000acc2100000)]
  0x0000026d67887360 JavaThread "Unconstrained build operations Thread 16" [_thread_blocked, id=13216, stack(0x000000acc2100000,0x000000acc2200000)]
  0x0000026d67887d80 JavaThread "Unconstrained build operations Thread 17" [_thread_blocked, id=27204, stack(0x000000acc2200000,0x000000acc2300000)]
  0x0000026d67888290 JavaThread "Unconstrained build operations Thread 18" [_thread_blocked, id=15724, stack(0x000000acc2300000,0x000000acc2400000)]
  0x0000026d67886940 JavaThread "Unconstrained build operations Thread 19" [_thread_blocked, id=9200, stack(0x000000acc2400000,0x000000acc2500000)]
  0x0000026d67886e50 JavaThread "Unconstrained build operations Thread 20" [_thread_blocked, id=13376, stack(0x000000acc2500000,0x000000acc2600000)]
  0x0000026d67885a10 JavaThread "Unconstrained build operations Thread 21" [_thread_blocked, id=11928, stack(0x000000acc2600000,0x000000acc2700000)]
  0x0000026d678887a0 JavaThread "Unconstrained build operations Thread 22" [_thread_blocked, id=26120, stack(0x000000acc2700000,0x000000acc2800000)]
  0x0000026d67886430 JavaThread "Unconstrained build operations Thread 23" [_thread_blocked, id=2612, stack(0x000000acc2800000,0x000000acc2900000)]
  0x0000026d67887870 JavaThread "Unconstrained build operations Thread 24" [_thread_blocked, id=24268, stack(0x000000acc2900000,0x000000acc2a00000)]
  0x0000026d66bbd830 JavaThread "Unconstrained build operations Thread 25" [_thread_blocked, id=9924, stack(0x000000acc2a00000,0x000000acc2b00000)]
  0x0000026d66bbce10 JavaThread "Unconstrained build operations Thread 26" [_thread_blocked, id=25844, stack(0x000000acc2b00000,0x000000acc2c00000)]
  0x0000026d66bbdd40 JavaThread "Unconstrained build operations Thread 27" [_thread_blocked, id=24720, stack(0x000000acc2c00000,0x000000acc2d00000)]
  0x0000026d66bbe760 JavaThread "build event listener" [_thread_blocked, id=19768, stack(0x000000acc2d00000,0x000000acc2e00000)]
  0x0000026d66bbd320 JavaThread "Memory manager" [_thread_blocked, id=27528, stack(0x000000acc2e00000,0x000000acc2f00000)]
  0x0000026d66bbe250 JavaThread "Unconstrained build operations Thread 28" [_thread_blocked, id=10648, stack(0x000000acc2f00000,0x000000acc3000000)]
  0x0000026d66bbbee0 JavaThread "Unconstrained build operations Thread 29" [_thread_blocked, id=9096, stack(0x000000acc3000000,0x000000acc3100000)]
  0x0000026d66bbafb0 JavaThread "Unconstrained build operations Thread 30" [_thread_blocked, id=9892, stack(0x000000acc3100000,0x000000acc3200000)]
  0x0000026d66bbec70 JavaThread "Unconstrained build operations Thread 31" [_thread_blocked, id=7660, stack(0x000000acc3200000,0x000000acc3300000)]
  0x0000026d66bbb4c0 JavaThread "Unconstrained build operations Thread 32" [_thread_blocked, id=16608, stack(0x000000acc3300000,0x000000acc3400000)]
  0x0000026d66bbf180 JavaThread "Unconstrained build operations Thread 33" [_thread_blocked, id=19900, stack(0x000000acc3400000,0x000000acc3500000)]
  0x0000026d66bbf690 JavaThread "Unconstrained build operations Thread 34" [_thread_blocked, id=21164, stack(0x000000acc3500000,0x000000acc3600000)]
  0x0000026d66bbc3f0 JavaThread "build event listener" [_thread_blocked, id=12808, stack(0x000000acc3600000,0x000000acc3700000)]
  0x0000026d66bc05c0 JavaThread "Unconstrained build operations Thread 35" [_thread_blocked, id=26620, stack(0x000000acc3700000,0x000000acc3800000)]
  0x0000026d66bc0ad0 JavaThread "Unconstrained build operations Thread 36" [_thread_blocked, id=26536, stack(0x000000acc3800000,0x000000acc3900000)]
  0x0000026d66bc0fe0 JavaThread "Unconstrained build operations Thread 37" [_thread_blocked, id=13628, stack(0x000000acc3900000,0x000000acc3a00000)]
  0x0000026d66bc2930 JavaThread "Unconstrained build operations Thread 38" [_thread_blocked, id=5340, stack(0x000000acc3a00000,0x000000acc3b00000)]
  0x0000026d66bc14f0 JavaThread "Unconstrained build operations Thread 39" [_thread_blocked, id=20260, stack(0x000000acc3b00000,0x000000acc3c00000)]
  0x0000026d66bc00b0 JavaThread "Unconstrained build operations Thread 40" [_thread_blocked, id=26720, stack(0x000000acc3c00000,0x000000acc3d00000)]
  0x0000026d66bc1f10 JavaThread "Unconstrained build operations Thread 41" [_thread_blocked, id=15480, stack(0x000000acc3d00000,0x000000acc3e00000)]
  0x0000026d66bc2420 JavaThread "Unconstrained build operations Thread 42" [_thread_blocked, id=25024, stack(0x000000acc3e00000,0x000000acc3f00000)]
  0x0000026d649229d0 JavaThread "Unconstrained build operations Thread 43" [_thread_blocked, id=27060, stack(0x000000acc3f00000,0x000000acc4000000)]
  0x0000026d64921080 JavaThread "Unconstrained build operations Thread 44" [_thread_blocked, id=17116, stack(0x000000acc4000000,0x000000acc4100000)]
  0x0000026d64921aa0 JavaThread "Unconstrained build operations Thread 45" [_thread_blocked, id=5096, stack(0x000000acc4100000,0x000000acc4200000)]
  0x0000026d64920b70 JavaThread "Unconstrained build operations Thread 46" [_thread_blocked, id=20148, stack(0x000000acc4200000,0x000000acc4300000)]
  0x0000026d64921590 JavaThread "Unconstrained build operations Thread 47" [_thread_blocked, id=14040, stack(0x000000acc4300000,0x000000acc4400000)]
  0x0000026d64921fb0 JavaThread "Unconstrained build operations Thread 48" [_thread_blocked, id=20372, stack(0x000000acc4400000,0x000000acc4500000)]
  0x0000026d649224c0 JavaThread "Unconstrained build operations Thread 49" [_thread_blocked, id=17260, stack(0x000000acc4500000,0x000000acc4600000)]
  0x0000026d64922ee0 JavaThread "Unconstrained build operations Thread 50" [_thread_blocked, id=8944, stack(0x000000acc4600000,0x000000acc4700000)]
  0x0000026d649233f0 JavaThread "Unconstrained build operations Thread 51" [_thread_blocked, id=17876, stack(0x000000acc4700000,0x000000acc4800000)]
  0x0000026d6491fc40 JavaThread "Unconstrained build operations Thread 52" [_thread_blocked, id=10072, stack(0x000000acc4800000,0x000000acc4900000)]
  0x0000026d64923900 JavaThread "Unconstrained build operations Thread 53" [_thread_blocked, id=23820, stack(0x000000acc4900000,0x000000acc4a00000)]
  0x0000026d64920150 JavaThread "Unconstrained build operations Thread 54" [_thread_blocked, id=15052, stack(0x000000acc4a00000,0x000000acc4b00000)]
  0x0000026d64923e10 JavaThread "Unconstrained build operations Thread 55" [_thread_blocked, id=8416, stack(0x000000acc4b00000,0x000000acc4c00000)]
  0x0000026d64920660 JavaThread "ForkJoinPool.commonPool-worker-1" daemon [_thread_blocked, id=8276, stack(0x000000acc4c00000,0x000000acc4d00000)]
  0x0000026d64924320 JavaThread "ForkJoinPool.commonPool-worker-2" daemon [_thread_blocked, id=12132, stack(0x000000acc4d00000,0x000000acc4e00000)]
  0x0000026d649270b0 JavaThread "ForkJoinPool.commonPool-worker-3" daemon [_thread_blocked, id=24704, stack(0x000000acc4e00000,0x000000acc4f00000)]
  0x0000026d649275c0 JavaThread "ForkJoinPool.commonPool-worker-6" daemon [_thread_blocked, id=21824, stack(0x000000acc5100000,0x000000acc5200000)]
  0x0000026d64926180 JavaThread "Execution worker" [_thread_blocked, id=24488, stack(0x000000acc5500000,0x000000acc5600000)]
  0x0000026d64926690 JavaThread "Execution worker Thread 2" [_thread_blocked, id=9344, stack(0x000000acc5600000,0x000000acc5700000)]
  0x0000026d673af740 JavaThread "Execution worker Thread 3" [_thread_in_native, id=3216, stack(0x000000acc5700000,0x000000acc5800000)]
  0x0000026d673b0670 JavaThread "Execution worker Thread 4" [_thread_blocked, id=20820, stack(0x000000acc5800000,0x000000acc5900000)]
  0x0000026d673b1090 JavaThread "Execution worker Thread 5" [_thread_blocked, id=17148, stack(0x000000acc5900000,0x000000acc5a00000)]
  0x0000026d673afc50 JavaThread "Execution worker Thread 6" [_thread_blocked, id=13352, stack(0x000000acc5a00000,0x000000acc5b00000)]
  0x0000026d673b15a0 JavaThread "Execution worker Thread 7" [_thread_blocked, id=23948, stack(0x000000acc5b00000,0x000000acc5c00000)]
  0x0000026d673b0160 JavaThread "Cache worker for execution history cache (D:\mifedha1a18\node_modules\@react-native\gradle-plugin\.gradle\8.14.3\executionHistory)" [_thread_blocked, id=24724, stack(0x000000acc5c00000,0x000000acc5d00000)]
  0x0000026d673b0b80 JavaThread "Cache worker for execution history cache (D:\mifedha1a18\node_modules\expo-modules-autolinking\android\expo-gradle-plugin\.gradle\8.14.3\executionHistory)" [_thread_blocked, id=13456, stack(0x000000acc5d00000,0x000000acc5e00000)]
  0x0000026d673addf0 JavaThread "Unconstrained build operations Thread 56" [_thread_blocked, id=26952, stack(0x000000acc5e00000,0x000000acc5f00000)]
  0x0000026d673ae300 JavaThread "Unconstrained build operations Thread 57" [_thread_blocked, id=26080, stack(0x000000acc5f00000,0x000000acc6000000)]
  0x0000026d673b1ab0 JavaThread "Unconstrained build operations Thread 58" [_thread_blocked, id=3604, stack(0x000000acc6000000,0x000000acc6100000)]
  0x0000026d673b1fc0 JavaThread "Unconstrained build operations Thread 59" [_thread_blocked, id=10320, stack(0x000000acc6100000,0x000000acc6200000)]
  0x0000026d673ae810 JavaThread "Unconstrained build operations Thread 60" [_thread_blocked, id=25592, stack(0x000000acc6200000,0x000000acc6300000)]
  0x0000026d673b24d0 JavaThread "Unconstrained build operations Thread 61" [_thread_blocked, id=22356, stack(0x000000acc6300000,0x000000acc6400000)]
  0x0000026d673aed20 JavaThread "Unconstrained build operations Thread 62" [_thread_blocked, id=7532, stack(0x000000acc6400000,0x000000acc6500000)]
  0x0000026d673b29e0 JavaThread "Unconstrained build operations Thread 63" [_thread_blocked, id=2700, stack(0x000000acc6500000,0x000000acc6600000)]
  0x0000026d673af230 JavaThread "Unconstrained build operations Thread 64" [_thread_blocked, id=8116, stack(0x000000acc6600000,0x000000acc6700000)]
  0x0000026d673b3400 JavaThread "Unconstrained build operations Thread 65" [_thread_blocked, id=14524, stack(0x000000acc6700000,0x000000acc6800000)]
  0x0000026d673b5260 JavaThread "Unconstrained build operations Thread 66" [_thread_blocked, id=22092, stack(0x000000acc6800000,0x000000acc6900000)]
  0x0000026d673b3910 JavaThread "Unconstrained build operations Thread 67" [_thread_blocked, id=12748, stack(0x000000acc6900000,0x000000acc6a00000)]
  0x0000026d673b5770 JavaThread "Unconstrained build operations Thread 68" [_thread_blocked, id=17140, stack(0x000000acc6a00000,0x000000acc6b00000)]
  0x0000026d673b4330 JavaThread "Unconstrained build operations Thread 69" [_thread_blocked, id=24884, stack(0x000000acc6b00000,0x000000acc6c00000)]
  0x0000026d673b2ef0 JavaThread "Unconstrained build operations Thread 70" [_thread_blocked, id=15768, stack(0x000000acc6c00000,0x000000acc6d00000)]
  0x0000026d673b4840 JavaThread "Unconstrained build operations Thread 71" [_thread_blocked, id=3884, stack(0x000000acc6d00000,0x000000acc6e00000)]
  0x0000026d673b3e20 JavaThread "Unconstrained build operations Thread 72" [_thread_in_native, id=16036, stack(0x000000acc6e00000,0x000000acc6f00000)]
  0x0000026d673b4d50 JavaThread "Unconstrained build operations Thread 73" [_thread_blocked, id=24156, stack(0x000000acc6f00000,0x000000acc7000000)]
  0x0000026d6586fa80 JavaThread "Unconstrained build operations Thread 74" [_thread_blocked, id=26596, stack(0x000000acc7000000,0x000000acc7100000)]
  0x0000026d65871df0 JavaThread "Unconstrained build operations Thread 75" [_thread_blocked, id=9860, stack(0x000000acc7100000,0x000000acc7200000)]
  0x0000026d6586ff90 JavaThread "Unconstrained build operations Thread 76" [_thread_blocked, id=12556, stack(0x000000acc7200000,0x000000acc7300000)]
  0x0000026d658718e0 JavaThread "Unconstrained build operations Thread 77" [_thread_blocked, id=10244, stack(0x000000acc7300000,0x000000acc7400000)]
  0x0000026d658704a0 JavaThread "Unconstrained build operations Thread 78" [_thread_blocked, id=3792, stack(0x000000acc7400000,0x000000acc7500000)]
  0x0000026d658713d0 JavaThread "Unconstrained build operations Thread 79" [_thread_blocked, id=25412, stack(0x000000acc7500000,0x000000acc7600000)]
  0x0000026d6586f060 JavaThread "Unconstrained build operations Thread 80" [_thread_blocked, id=25596, stack(0x000000acc7600000,0x000000acc7700000)]
  0x0000026d658709b0 JavaThread "jar transforms Thread 2" [_thread_blocked, id=12432, stack(0x000000acc7900000,0x000000acc7a00000)]
  0x0000026d6586f570 JavaThread "Cache worker for Build Output Cleanup Cache (D:\mifedha1a18\node_modules\expo-modules-core\expo-module-gradle-plugin\.gradle\buildOutputCleanup)" [_thread_blocked, id=14916, stack(0x000000acc7a00000,0x000000acc7b00000)]
  0x0000026d65873230 JavaThread "Cache worker for Build Output Cleanup Cache (D:\mifedha1a18\node_modules\expo-updates\expo-updates-gradle-plugin\.gradle\buildOutputCleanup)" [_thread_blocked, id=12304, stack(0x000000acc7b00000,0x000000acc7c00000)]
  0x0000026d65874670 JavaThread "build event listener" [_thread_blocked, id=16264, stack(0x000000acc7c00000,0x000000acc7d00000)]
  0x0000026d65873740 JavaThread "build event listener" [_thread_blocked, id=7172, stack(0x000000acc7d00000,0x000000acc7e00000)]
  0x0000026d65875090 JavaThread "jar transforms Thread 3" [_thread_blocked, id=12720, stack(0x000000acc7f00000,0x000000acc8000000)]
  0x0000026d65875fc0 JavaThread "Cache worker for execution history cache (D:\mifedha1a18\node_modules\expo-modules-core\expo-module-gradle-plugin\.gradle\8.14.3\executionHistory)" [_thread_blocked, id=14960, stack(0x000000acc8200000,0x000000acc8300000)]
  0x0000026d6602a1e0 JavaThread "Cache worker for execution history cache (D:\mifedha1a18\node_modules\expo-updates\expo-updates-gradle-plugin\.gradle\8.14.3\executionHistory)" [_thread_blocked, id=684, stack(0x000000acc8300000,0x000000acc8400000)]
  0x0000026d69da1c20 JavaThread "jar transforms Thread 4" [_thread_blocked, id=26000, stack(0x000000acc8400000,0x000000acc8500000)]
  0x0000026d69d9f8b0 JavaThread "jar transforms Thread 5" [_thread_blocked, id=5904, stack(0x000000acc8500000,0x000000acc8600000)]
  0x0000026d69da2b50 JavaThread "jar transforms Thread 6" [_thread_blocked, id=19756, stack(0x000000acc8600000,0x000000acc8700000)]
  0x0000026d69da3f90 JavaThread "build event listener" [_thread_blocked, id=7512, stack(0x000000acc7e00000,0x000000acc7f00000)]
  0x0000026d69da58e0 JavaThread "jar transforms Thread 7" [_thread_blocked, id=6156, stack(0x000000acc8700000,0x000000acc8800000)]
  0x0000026d69da6d20 JavaThread "jar transforms Thread 8" [_thread_blocked, id=1300, stack(0x000000acbd800000,0x000000acbd900000)]
  0x0000026d69da6300 JavaThread "Problems report writer" [_thread_blocked, id=25500, stack(0x000000acbd900000,0x000000acbda00000)]
  0x0000026d70f07830 JavaThread "ForkJoinPool.commonPool-worker-8" daemon [_thread_blocked, id=16172, stack(0x000000acc5000000,0x000000acc5100000)]
  0x0000026d70f06900 JavaThread "pool-3-thread-1" [_thread_blocked, id=27612, stack(0x000000acc5300000,0x000000acc5400000)]
  0x0000026d70f04fb0 JavaThread "build event listener" [_thread_blocked, id=27084, stack(0x000000acc5400000,0x000000acc5500000)]
  0x0000026d70f04080 JavaThread "included builds Thread 5" [_thread_blocked, id=11640, stack(0x000000acc8000000,0x000000acc8100000)]
  0x0000026d70f054c0 JavaThread "Cache worker for execution history cache (D:\mifedha1a18\android\.gradle\8.14.3\executionHistory)" [_thread_blocked, id=11644, stack(0x000000acc8100000,0x000000acc8200000)]
  0x0000026d70f06e10 JavaThread "Exec process Thread 4" [_thread_in_native, id=7164, stack(0x000000acc8800000,0x000000acc8900000)]
  0x0000026d70f08250 JavaThread "Exec process Thread 5" [_thread_in_native, id=18716, stack(0x000000acc8900000,0x000000acc8a00000)]
  0x0000026d70f08760 JavaThread "Exec process Thread 6" [_thread_in_native, id=14208, stack(0x000000acc8a00000,0x000000acc8b00000)]
  0x0000026d70f04aa0 JavaThread "Exec process Thread 7" [_thread_in_native, id=17096, stack(0x000000acc8b00000,0x000000acc8c00000)]
  0x0000026d70f08c70 JavaThread "Exec process Thread 8" [_thread_in_native, id=6312, stack(0x000000acc8c00000,0x000000acc8d00000)]
  0x0000026d70f09690 JavaThread "Exec process Thread 9" [_thread_in_native, id=20880, stack(0x000000acc8d00000,0x000000acc8e00000)]
  0x0000026d6fd404b0 JavaThread "Exec process Thread 10" [_thread_in_native, id=14516, stack(0x000000acc5200000,0x000000acc5300000)]
  0x0000026d73cc4590 JavaThread "Exec process Thread 11" [_thread_in_native, id=16956, stack(0x000000acc7700000,0x000000acc7800000)]
  0x0000026d73cc4aa0 JavaThread "Exec process Thread 12" [_thread_in_native, id=24320, stack(0x000000acc8e00000,0x000000acc8f00000)]
  0x0000026d73cf0e60 JavaThread "pool-5-thread-1" [_thread_blocked, id=9068, stack(0x000000acc7800000,0x000000acc7900000)]
  0x0000026d74e66230 JavaThread "stderr" [_thread_in_native, id=24356, stack(0x000000acc8f00000,0x000000acc9000000)]
  0x0000026d74e65d20 JavaThread "stdout" [_thread_in_native, id=18924, stack(0x000000acc9000000,0x000000acc9100000)]
  0x0000026d7313d2b0 JavaThread "stderr" [_thread_in_native, id=14536, stack(0x000000acc9100000,0x000000acc9200000)]
  0x0000026d7313ec00 JavaThread "stdout" [_thread_in_native, id=2792, stack(0x000000acc9200000,0x000000acc9300000)]

Other Threads:
  0x0000026d7efd99c0 VMThread "VM Thread" [stack: 0x000000acbe100000,0x000000acbe200000] [id=25972]
  0x0000026d7aa52ea0 WatcherThread [stack: 0x000000acbed00000,0x000000acbee00000] [id=11224]
  0x0000026d7aa1fe00 GCTaskThread "GC Thread#0" [stack: 0x000000acbdc00000,0x000000acbdd00000] [id=24748]
  0x0000026d64028340 GCTaskThread "GC Thread#1" [stack: 0x000000acbee00000,0x000000acbef00000] [id=8176]
  0x0000026d64028600 GCTaskThread "GC Thread#2" [stack: 0x000000acbef00000,0x000000acbf000000] [id=4528]
  0x0000026d64aea480 GCTaskThread "GC Thread#3" [stack: 0x000000acbf000000,0x000000acbf100000] [id=16212]
  0x0000026d64aea740 GCTaskThread "GC Thread#4" [stack: 0x000000acbf100000,0x000000acbf200000] [id=26216]
  0x0000026d677406c0 GCTaskThread "GC Thread#5" [stack: 0x000000acc0000000,0x000000acc0100000] [id=24980]
  0x0000026d6773fbc0 GCTaskThread "GC Thread#6" [stack: 0x000000acc0100000,0x000000acc0200000] [id=7104]
  0x0000026d67741480 GCTaskThread "GC Thread#7" [stack: 0x000000acc0200000,0x000000acc0300000] [id=5380]
  0x0000026d7aa31930 ConcurrentGCThread "G1 Main Marker" [stack: 0x000000acbdd00000,0x000000acbde00000] [id=10052]
  0x0000026d7aa338a0 ConcurrentGCThread "G1 Conc#0" [stack: 0x000000acbde00000,0x000000acbdf00000] [id=8312]
  0x0000026d67740c40 ConcurrentGCThread "G1 Conc#1" [stack: 0x000000acc0500000,0x000000acc0600000] [id=11108]
  0x0000026d7ee910c0 ConcurrentGCThread "G1 Refine#0" [stack: 0x000000acbdf00000,0x000000acbe000000] [id=25756]
  0x0000026d6754a310 ConcurrentGCThread "G1 Refine#1" [stack: 0x000000acc0800000,0x000000acc0900000] [id=15908]
  0x0000026d6f20ee80 ConcurrentGCThread "G1 Refine#2" [stack: 0x000000acbda00000,0x000000acbdb00000] [id=11684]
  0x0000026d7ee918a0 ConcurrentGCThread "G1 Service" [stack: 0x000000acbe000000,0x000000acbe100000] [id=23216]

Threads with active compile tasks:
C2 CompilerThread0   219233 28996       4       org.gradle.cache.internal.btree.FreeListBlockStore$FreeListBlock::alloc (240 bytes)

VM state: not at safepoint (normal execution)

VM Mutex/Monitor currently owned by a thread: None

Heap address: 0x0000000700000000, size: 4096 MB, Compressed Oops mode: Zero based, Oop shift amount: 3

CDS archive(s) mapped at: [0x0000026d1f000000-0x0000026d1fbd0000-0x0000026d1fbd0000), size 12386304, SharedBaseAddress: 0x0000026d1f000000, ArchiveRelocationMode: 1.
Compressed class space mapped at: 0x0000026d20000000-0x0000026d60000000, reserved size: 1073741824
Narrow klass base: 0x0000026d1f000000, Narrow klass shift: 0, Narrow klass range: 0x100000000

GC Precious Log:
 CPUs: 8 total, 8 available
 Memory: 8067M
 Large Page Support: Disabled
 NUMA Support: Disabled
 Compressed Oops: Enabled (Zero based)
 Heap Region Size: 2M
 Heap Min Capacity: 8M
 Heap Initial Capacity: 128M
 Heap Max Capacity: 4G
 Pre-touch: Disabled
 Parallel Workers: 8
 Concurrent Workers: 2
 Concurrent Refinement Workers: 8
 Periodic GC: Disabled

Heap:
 garbage-first heap   total 880640K, used 534750K [0x0000000700000000, 0x0000000800000000)
  region size 2048K, 12 young (24576K), 7 survivors (14336K)
 Metaspace       used 161405K, committed 164608K, reserved 1245184K
  class space    used 21781K, committed 23168K, reserved 1048576K

Heap Regions: E=young(eden), S=young(survivor), O=old, HS=humongous(starts), HC=humongous(continues), CS=collection set, F=free, OA=open archive, CA=closed archive, TAMS=top-at-mark-start (previous, next)
|   0|0x0000000700000000, 0x0000000700200000, 0x0000000700200000|100%|HS|  |TAMS 0x0000000700200000, 0x0000000700000000| Complete 
|   1|0x0000000700200000, 0x0000000700400000, 0x0000000700400000|100%|HC|  |TAMS 0x0000000700400000, 0x0000000700200000| Complete 
|   2|0x0000000700400000, 0x0000000700600000, 0x0000000700600000|100%| O|  |TAMS 0x0000000700600000, 0x0000000700400000| Untracked 
|   3|0x0000000700600000, 0x0000000700800000, 0x0000000700800000|100%| O|  |TAMS 0x0000000700800000, 0x0000000700600000| Untracked 
|   4|0x0000000700800000, 0x0000000700a00000, 0x0000000700a00000|100%| O|  |TAMS 0x0000000700a00000, 0x0000000700800000| Untracked 
|   5|0x0000000700a00000, 0x0000000700c00000, 0x0000000700c00000|100%| O|  |TAMS 0x0000000700c00000, 0x0000000700a00000| Untracked 
|   6|0x0000000700c00000, 0x0000000700e00000, 0x0000000700e00000|100%| O|  |TAMS 0x0000000700e00000, 0x0000000700c00000| Untracked 
|   7|0x0000000700e00000, 0x0000000701000000, 0x0000000701000000|100%| O|  |TAMS 0x0000000701000000, 0x0000000700e00000| Untracked 
|   8|0x0000000701000000, 0x0000000701200000, 0x0000000701200000|100%| O|  |TAMS 0x0000000701200000, 0x0000000701000000| Untracked 
|   9|0x0000000701200000, 0x0000000701400000, 0x0000000701400000|100%| O|  |TAMS 0x0000000701400000, 0x0000000701200000| Untracked 
|  10|0x0000000701400000, 0x0000000701600000, 0x0000000701600000|100%| O|  |TAMS 0x0000000701600000, 0x0000000701400000| Untracked 
|  11|0x0000000701600000, 0x0000000701800000, 0x0000000701800000|100%| O|  |TAMS 0x0000000701800000, 0x0000000701600000| Untracked 
|  12|0x0000000701800000, 0x0000000701a00000, 0x0000000701a00000|100%| O|  |TAMS 0x0000000701a00000, 0x0000000701800000| Untracked 
|  13|0x0000000701a00000, 0x0000000701c00000, 0x0000000701c00000|100%| O|  |TAMS 0x0000000701c00000, 0x0000000701a00000| Untracked 
|  14|0x0000000701c00000, 0x0000000701e00000, 0x0000000701e00000|100%| O|  |TAMS 0x0000000701e00000, 0x0000000701c00000| Untracked 
|  15|0x0000000701e00000, 0x0000000702000000, 0x0000000702000000|100%| O|  |TAMS 0x0000000702000000, 0x0000000701e00000| Untracked 
|  16|0x0000000702000000, 0x0000000702200000, 0x0000000702200000|100%| O|  |TAMS 0x0000000702200000, 0x0000000702000000| Untracked 
|  17|0x0000000702200000, 0x0000000702400000, 0x0000000702400000|100%| O|  |TAMS 0x0000000702400000, 0x0000000702200000| Untracked 
|  18|0x0000000702400000, 0x0000000702600000, 0x0000000702600000|100%| O|  |TAMS 0x0000000702600000, 0x0000000702400000| Untracked 
|  19|0x0000000702600000, 0x0000000702800000, 0x0000000702800000|100%| O|  |TAMS 0x0000000702800000, 0x0000000702600000| Untracked 
|  20|0x0000000702800000, 0x0000000702a00000, 0x0000000702a00000|100%| O|  |TAMS 0x0000000702a00000, 0x0000000702800000| Untracked 
|  21|0x0000000702a00000, 0x0000000702c00000, 0x0000000702c00000|100%| O|  |TAMS 0x0000000702c00000, 0x0000000702a00000| Untracked 
|  22|0x0000000702c00000, 0x0000000702e00000, 0x0000000702e00000|100%| O|  |TAMS 0x0000000702e00000, 0x0000000702c00000| Untracked 
|  23|0x0000000702e00000, 0x0000000703000000, 0x0000000703000000|100%|HS|  |TAMS 0x0000000703000000, 0x0000000702e00000| Complete 
|  24|0x0000000703000000, 0x0000000703200000, 0x0000000703200000|100%|HC|  |TAMS 0x0000000703200000, 0x0000000703000000| Complete 
|  25|0x0000000703200000, 0x0000000703400000, 0x0000000703400000|100%| O|  |TAMS 0x0000000703400000, 0x0000000703200000| Untracked 
|  26|0x0000000703400000, 0x0000000703600000, 0x0000000703600000|100%| O|  |TAMS 0x0000000703600000, 0x0000000703400000| Untracked 
|  27|0x0000000703600000, 0x0000000703800000, 0x0000000703800000|100%|HS|  |TAMS 0x0000000703800000, 0x0000000703600000| Complete 
|  28|0x0000000703800000, 0x0000000703a00000, 0x0000000703a00000|100%|HC|  |TAMS 0x0000000703a00000, 0x0000000703800000| Complete 
|  29|0x0000000703a00000, 0x0000000703c00000, 0x0000000703c00000|100%| O|  |TAMS 0x0000000703c00000, 0x0000000703a00000| Untracked 
|  30|0x0000000703c00000, 0x0000000703e00000, 0x0000000703e00000|100%| O|  |TAMS 0x0000000703e00000, 0x0000000703c00000| Untracked 
|  31|0x0000000703e00000, 0x0000000704000000, 0x0000000704000000|100%| O|  |TAMS 0x0000000704000000, 0x0000000703e00000| Untracked 
|  32|0x0000000704000000, 0x0000000704200000, 0x0000000704200000|100%| O|  |TAMS 0x0000000704000000, 0x0000000704000000| Untracked 
|  33|0x0000000704200000, 0x0000000704400000, 0x0000000704400000|100%| O|  |TAMS 0x0000000704400000, 0x0000000704200000| Untracked 
|  34|0x0000000704400000, 0x0000000704600000, 0x0000000704600000|100%| O|  |TAMS 0x0000000704600000, 0x0000000704400000| Untracked 
|  35|0x0000000704600000, 0x0000000704800000, 0x0000000704800000|100%| O|  |TAMS 0x0000000704800000, 0x0000000704600000| Untracked 
|  36|0x0000000704800000, 0x0000000704a00000, 0x0000000704a00000|100%| O|  |TAMS 0x0000000704a00000, 0x0000000704800000| Untracked 
|  37|0x0000000704a00000, 0x0000000704c00000, 0x0000000704c00000|100%|HS|  |TAMS 0x0000000704c00000, 0x0000000704a00000| Complete 
|  38|0x0000000704c00000, 0x0000000704e00000, 0x0000000704e00000|100%| O|  |TAMS 0x0000000704c00000, 0x0000000704c00000| Untracked 
|  39|0x0000000704e00000, 0x0000000705000000, 0x0000000705000000|100%| O|  |TAMS 0x0000000705000000, 0x0000000704e00000| Untracked 
|  40|0x0000000705000000, 0x0000000705200000, 0x0000000705200000|100%| O|  |TAMS 0x0000000705200000, 0x0000000705000000| Untracked 
|  41|0x0000000705200000, 0x0000000705400000, 0x0000000705400000|100%| O|  |TAMS 0x0000000705400000, 0x0000000705200000| Untracked 
|  42|0x0000000705400000, 0x0000000705600000, 0x0000000705600000|100%| O|  |TAMS 0x0000000705600000, 0x0000000705400000| Untracked 
|  43|0x0000000705600000, 0x0000000705800000, 0x0000000705800000|100%| O|  |TAMS 0x0000000705800000, 0x0000000705600000| Untracked 
|  44|0x0000000705800000, 0x0000000705a00000, 0x0000000705a00000|100%| O|  |TAMS 0x0000000705a00000, 0x0000000705800000| Untracked 
|  45|0x0000000705a00000, 0x0000000705c00000, 0x0000000705c00000|100%| O|  |TAMS 0x0000000705c00000, 0x0000000705a00000| Untracked 
|  46|0x0000000705c00000, 0x0000000705e00000, 0x0000000705e00000|100%|HS|  |TAMS 0x0000000705e00000, 0x0000000705c00000| Complete 
|  47|0x0000000705e00000, 0x0000000706000000, 0x0000000706000000|100%|HS|  |TAMS 0x0000000706000000, 0x0000000705e00000| Complete 
|  48|0x0000000706000000, 0x0000000706200000, 0x0000000706200000|100%|HC|  |TAMS 0x0000000706200000, 0x0000000706000000| Complete 
|  49|0x0000000706200000, 0x0000000706400000, 0x0000000706400000|100%|HS|  |TAMS 0x0000000706400000, 0x0000000706200000| Complete 
|  50|0x0000000706400000, 0x0000000706600000, 0x0000000706600000|100%|HC|  |TAMS 0x0000000706600000, 0x0000000706400000| Complete 
|  51|0x0000000706600000, 0x0000000706800000, 0x0000000706800000|100%| O|  |TAMS 0x0000000706800000, 0x0000000706600000| Untracked 
|  52|0x0000000706800000, 0x0000000706a00000, 0x0000000706a00000|100%| O|  |TAMS 0x0000000706a00000, 0x0000000706800000| Untracked 
|  53|0x0000000706a00000, 0x0000000706c00000, 0x0000000706c00000|100%| O|  |TAMS 0x0000000706c00000, 0x0000000706a00000| Untracked 
|  54|0x0000000706c00000, 0x0000000706e00000, 0x0000000706e00000|100%| O|  |TAMS 0x0000000706e00000, 0x0000000706c00000| Untracked 
|  55|0x0000000706e00000, 0x0000000707000000, 0x0000000707000000|100%| O|  |TAMS 0x0000000707000000, 0x0000000706e00000| Untracked 
|  56|0x0000000707000000, 0x0000000707200000, 0x0000000707200000|100%| O|  |TAMS 0x0000000707200000, 0x0000000707000000| Untracked 
|  57|0x0000000707200000, 0x0000000707400000, 0x0000000707400000|100%| O|  |TAMS 0x0000000707400000, 0x0000000707200000| Untracked 
|  58|0x0000000707400000, 0x0000000707600000, 0x0000000707600000|100%| O|  |TAMS 0x0000000707600000, 0x0000000707400000| Untracked 
|  59|0x0000000707600000, 0x0000000707800000, 0x0000000707800000|100%| O|  |TAMS 0x0000000707800000, 0x0000000707600000| Untracked 
|  60|0x0000000707800000, 0x0000000707a00000, 0x0000000707a00000|100%|HS|  |TAMS 0x0000000707a00000, 0x0000000707800000| Complete 
|  61|0x0000000707a00000, 0x0000000707c00000, 0x0000000707c00000|100%|HC|  |TAMS 0x0000000707c00000, 0x0000000707a00000| Complete 
|  62|0x0000000707c00000, 0x0000000707e00000, 0x0000000707e00000|100%| O|  |TAMS 0x0000000707e00000, 0x0000000707c00000| Untracked 
|  63|0x0000000707e00000, 0x0000000708000000, 0x0000000708000000|100%| O|  |TAMS 0x0000000708000000, 0x0000000707e00000| Untracked 
|  64|0x0000000708000000, 0x0000000708200000, 0x0000000708200000|100%| O|  |TAMS 0x0000000708200000, 0x0000000708000000| Untracked 
|  65|0x0000000708200000, 0x0000000708400000, 0x0000000708400000|100%| O|  |TAMS 0x0000000708400000, 0x0000000708200000| Untracked 
|  66|0x0000000708400000, 0x0000000708600000, 0x0000000708600000|100%| O|  |TAMS 0x0000000708600000, 0x0000000708400000| Untracked 
|  67|0x0000000708600000, 0x0000000708800000, 0x0000000708800000|100%| O|  |TAMS 0x0000000708800000, 0x0000000708600000| Untracked 
|  68|0x0000000708800000, 0x0000000708a00000, 0x0000000708a00000|100%| O|  |TAMS 0x0000000708a00000, 0x0000000708800000| Untracked 
|  69|0x0000000708a00000, 0x0000000708c00000, 0x0000000708c00000|100%| O|  |TAMS 0x0000000708c00000, 0x0000000708a00000| Untracked 
|  70|0x0000000708c00000, 0x0000000708e00000, 0x0000000708e00000|100%| O|  |TAMS 0x0000000708e00000, 0x0000000708c00000| Untracked 
|  71|0x0000000708e00000, 0x0000000709000000, 0x0000000709000000|100%| O|  |TAMS 0x0000000708e00000, 0x0000000708e00000| Untracked 
|  72|0x0000000709000000, 0x0000000709200000, 0x0000000709200000|100%| O|  |TAMS 0x0000000709000000, 0x0000000709000000| Untracked 
|  73|0x0000000709200000, 0x0000000709400000, 0x0000000709400000|100%| O|  |TAMS 0x0000000709400000, 0x0000000709200000| Untracked 
|  74|0x0000000709400000, 0x0000000709600000, 0x0000000709600000|100%| O|  |TAMS 0x0000000709600000, 0x0000000709400000| Untracked 
|  75|0x0000000709600000, 0x0000000709800000, 0x0000000709800000|100%| O|  |TAMS 0x0000000709800000, 0x0000000709600000| Untracked 
|  76|0x0000000709800000, 0x0000000709a00000, 0x0000000709a00000|100%| O|  |TAMS 0x0000000709a00000, 0x0000000709800000| Untracked 
|  77|0x0000000709a00000, 0x0000000709c00000, 0x0000000709c00000|100%| O|  |TAMS 0x0000000709c00000, 0x0000000709a00000| Untracked 
|  78|0x0000000709c00000, 0x0000000709e00000, 0x0000000709e00000|100%| O|  |TAMS 0x0000000709e00000, 0x0000000709c00000| Untracked 
|  79|0x0000000709e00000, 0x000000070a000000, 0x000000070a000000|100%| O|  |TAMS 0x000000070a000000, 0x0000000709e00000| Untracked 
|  80|0x000000070a000000, 0x000000070a200000, 0x000000070a200000|100%| O|  |TAMS 0x000000070a200000, 0x000000070a000000| Untracked 
|  81|0x000000070a200000, 0x000000070a400000, 0x000000070a400000|100%| O|  |TAMS 0x000000070a400000, 0x000000070a200000| Untracked 
|  82|0x000000070a400000, 0x000000070a600000, 0x000000070a600000|100%| O|  |TAMS 0x000000070a600000, 0x000000070a400000| Untracked 
|  83|0x000000070a600000, 0x000000070a800000, 0x000000070a800000|100%| O|  |TAMS 0x000000070a800000, 0x000000070a600000| Untracked 
|  84|0x000000070a800000, 0x000000070aa00000, 0x000000070aa00000|100%| O|  |TAMS 0x000000070aa00000, 0x000000070a800000| Untracked 
|  85|0x000000070aa00000, 0x000000070ac00000, 0x000000070ac00000|100%| O|  |TAMS 0x000000070ac00000, 0x000000070aa00000| Untracked 
|  86|0x000000070ac00000, 0x000000070ae00000, 0x000000070ae00000|100%| O|  |TAMS 0x000000070ae00000, 0x000000070ac00000| Untracked 
|  87|0x000000070ae00000, 0x000000070b000000, 0x000000070b000000|100%| O|  |TAMS 0x000000070b000000, 0x000000070ae00000| Untracked 
|  88|0x000000070b000000, 0x000000070b200000, 0x000000070b200000|100%| O|  |TAMS 0x000000070b200000, 0x000000070b000000| Untracked 
|  89|0x000000070b200000, 0x000000070b400000, 0x000000070b400000|100%| O|  |TAMS 0x000000070b400000, 0x000000070b200000| Untracked 
|  90|0x000000070b400000, 0x000000070b600000, 0x000000070b600000|100%| O|  |TAMS 0x000000070b600000, 0x000000070b400000| Untracked 
|  91|0x000000070b600000, 0x000000070b800000, 0x000000070b800000|100%| O|  |TAMS 0x000000070b800000, 0x000000070b600000| Untracked 
|  92|0x000000070b800000, 0x000000070ba00000, 0x000000070ba00000|100%| O|  |TAMS 0x000000070ba00000, 0x000000070b800000| Untracked 
|  93|0x000000070ba00000, 0x000000070bc00000, 0x000000070bc00000|100%| O|  |TAMS 0x000000070bc00000, 0x000000070ba00000| Untracked 
|  94|0x000000070bc00000, 0x000000070be00000, 0x000000070be00000|100%| O|  |TAMS 0x000000070be00000, 0x000000070bc00000| Untracked 
|  95|0x000000070be00000, 0x000000070c000000, 0x000000070c000000|100%| O|  |TAMS 0x000000070c000000, 0x000000070be00000| Untracked 
|  96|0x000000070c000000, 0x000000070c200000, 0x000000070c200000|100%| O|  |TAMS 0x000000070c200000, 0x000000070c000000| Untracked 
|  97|0x000000070c200000, 0x000000070c400000, 0x000000070c400000|100%| O|  |TAMS 0x000000070c400000, 0x000000070c200000| Untracked 
|  98|0x000000070c400000, 0x000000070c600000, 0x000000070c600000|100%| O|  |TAMS 0x000000070c600000, 0x000000070c400000| Untracked 
|  99|0x000000070c600000, 0x000000070c800000, 0x000000070c800000|100%| O|  |TAMS 0x000000070c800000, 0x000000070c600000| Untracked 
| 100|0x000000070c800000, 0x000000070ca00000, 0x000000070ca00000|100%| O|  |TAMS 0x000000070ca00000, 0x000000070c800000| Untracked 
| 101|0x000000070ca00000, 0x000000070cc00000, 0x000000070cc00000|100%| O|  |TAMS 0x000000070cc00000, 0x000000070ca00000| Untracked 
| 102|0x000000070cc00000, 0x000000070ce00000, 0x000000070ce00000|100%| O|  |TAMS 0x000000070ce00000, 0x000000070cc00000| Untracked 
| 103|0x000000070ce00000, 0x000000070d000000, 0x000000070d000000|100%| O|  |TAMS 0x000000070d000000, 0x000000070ce00000| Untracked 
| 104|0x000000070d000000, 0x000000070d200000, 0x000000070d200000|100%|HS|  |TAMS 0x000000070d200000, 0x000000070d000000| Complete 
| 105|0x000000070d200000, 0x000000070d400000, 0x000000070d400000|100%|HC|  |TAMS 0x000000070d400000, 0x000000070d200000| Complete 
| 106|0x000000070d400000, 0x000000070d600000, 0x000000070d600000|100%|HS|  |TAMS 0x000000070d600000, 0x000000070d400000| Complete 
| 107|0x000000070d600000, 0x000000070d800000, 0x000000070d800000|100%| O|  |TAMS 0x000000070d800000, 0x000000070d600000| Untracked 
| 108|0x000000070d800000, 0x000000070da00000, 0x000000070da00000|100%| O|  |TAMS 0x000000070da00000, 0x000000070d800000| Untracked 
| 109|0x000000070da00000, 0x000000070dc00000, 0x000000070dc00000|100%| O|  |TAMS 0x000000070dc00000, 0x000000070da00000| Untracked 
| 110|0x000000070dc00000, 0x000000070de00000, 0x000000070de00000|100%| O|  |TAMS 0x000000070de00000, 0x000000070dc00000| Untracked 
| 111|0x000000070de00000, 0x000000070e000000, 0x000000070e000000|100%| O|  |TAMS 0x000000070e000000, 0x000000070de00000| Untracked 
| 112|0x000000070e000000, 0x000000070e200000, 0x000000070e200000|100%| O|  |TAMS 0x000000070e200000, 0x000000070e000000| Untracked 
| 113|0x000000070e200000, 0x000000070e400000, 0x000000070e400000|100%| O|  |TAMS 0x000000070e400000, 0x000000070e200000| Untracked 
| 114|0x000000070e400000, 0x000000070e600000, 0x000000070e600000|100%| O|  |TAMS 0x000000070e600000, 0x000000070e400000| Untracked 
| 115|0x000000070e600000, 0x000000070e800000, 0x000000070e800000|100%| O|  |TAMS 0x000000070e600000, 0x000000070e600000| Untracked 
| 116|0x000000070e800000, 0x000000070ea00000, 0x000000070ea00000|100%| O|  |TAMS 0x000000070ea00000, 0x000000070e800000| Untracked 
| 117|0x000000070ea00000, 0x000000070ec00000, 0x000000070ec00000|100%| O|  |TAMS 0x000000070ec00000, 0x000000070ea00000| Untracked 
| 118|0x000000070ec00000, 0x000000070ee00000, 0x000000070ee00000|100%| O|  |TAMS 0x000000070ee00000, 0x000000070ec00000| Untracked 
| 119|0x000000070ee00000, 0x000000070f000000, 0x000000070f000000|100%| O|  |TAMS 0x000000070f000000, 0x000000070ee00000| Untracked 
| 120|0x000000070f000000, 0x000000070f200000, 0x000000070f200000|100%| O|  |TAMS 0x000000070f200000, 0x000000070f000000| Untracked 
| 121|0x000000070f200000, 0x000000070f400000, 0x000000070f400000|100%| O|  |TAMS 0x000000070f400000, 0x000000070f200000| Untracked 
| 122|0x000000070f400000, 0x000000070f600000, 0x000000070f600000|100%| O|  |TAMS 0x000000070f600000, 0x000000070f400000| Untracked 
| 123|0x000000070f600000, 0x000000070f800000, 0x000000070f800000|100%| O|  |TAMS 0x000000070f800000, 0x000000070f600000| Untracked 
| 124|0x000000070f800000, 0x000000070fa00000, 0x000000070fa00000|100%| O|  |TAMS 0x000000070fa00000, 0x000000070f800000| Untracked 
| 125|0x000000070fa00000, 0x000000070fc00000, 0x000000070fc00000|100%| O|  |TAMS 0x000000070fa00000, 0x000000070fa00000| Untracked 
| 126|0x000000070fc00000, 0x000000070fe00000, 0x000000070fe00000|100%| O|  |TAMS 0x000000070fc00000, 0x000000070fc00000| Untracked 
| 127|0x000000070fe00000, 0x0000000710000000, 0x0000000710000000|100%| O|  |TAMS 0x0000000710000000, 0x000000070fe00000| Untracked 
| 128|0x0000000710000000, 0x0000000710200000, 0x0000000710200000|100%| O|  |TAMS 0x0000000710200000, 0x0000000710000000| Untracked 
| 129|0x0000000710200000, 0x0000000710400000, 0x0000000710400000|100%| O|  |TAMS 0x0000000710400000, 0x0000000710200000| Untracked 
| 130|0x0000000710400000, 0x0000000710600000, 0x0000000710600000|100%| O|  |TAMS 0x0000000710400000, 0x0000000710400000| Untracked 
| 131|0x0000000710600000, 0x0000000710800000, 0x0000000710800000|100%| O|  |TAMS 0x0000000710800000, 0x0000000710600000| Untracked 
| 132|0x0000000710800000, 0x0000000710a00000, 0x0000000710a00000|100%| O|  |TAMS 0x0000000710a00000, 0x0000000710800000| Untracked 
| 133|0x0000000710a00000, 0x0000000710c00000, 0x0000000710c00000|100%| O|  |TAMS 0x0000000710c00000, 0x0000000710a00000| Untracked 
| 134|0x0000000710c00000, 0x0000000710e00000, 0x0000000710e00000|100%| O|  |TAMS 0x0000000710e00000, 0x0000000710c00000| Untracked 
| 135|0x0000000710e00000, 0x0000000711000000, 0x0000000711000000|100%| O|  |TAMS 0x0000000711000000, 0x0000000710e00000| Untracked 
| 136|0x0000000711000000, 0x0000000711200000, 0x0000000711200000|100%| O|  |TAMS 0x0000000711000000, 0x0000000711000000| Untracked 
| 137|0x0000000711200000, 0x0000000711400000, 0x0000000711400000|100%| O|  |TAMS 0x0000000711400000, 0x0000000711200000| Untracked 
| 138|0x0000000711400000, 0x0000000711600000, 0x0000000711600000|100%| O|  |TAMS 0x0000000711600000, 0x0000000711400000| Untracked 
| 139|0x0000000711600000, 0x0000000711800000, 0x0000000711800000|100%| O|  |TAMS 0x0000000711800000, 0x0000000711600000| Untracked 
| 140|0x0000000711800000, 0x0000000711a00000, 0x0000000711a00000|100%| O|  |TAMS 0x0000000711a00000, 0x0000000711800000| Untracked 
| 141|0x0000000711a00000, 0x0000000711c00000, 0x0000000711c00000|100%| O|  |TAMS 0x0000000711c00000, 0x0000000711a00000| Untracked 
| 142|0x0000000711c00000, 0x0000000711e00000, 0x0000000711e00000|100%| O|  |TAMS 0x0000000711e00000, 0x0000000711c00000| Untracked 
| 143|0x0000000711e00000, 0x0000000712000000, 0x0000000712000000|100%| O|  |TAMS 0x0000000712000000, 0x0000000711e00000| Untracked 
| 144|0x0000000712000000, 0x0000000712200000, 0x0000000712200000|100%| O|  |TAMS 0x0000000712200000, 0x0000000712000000| Untracked 
| 145|0x0000000712200000, 0x0000000712400000, 0x0000000712400000|100%| O|  |TAMS 0x0000000712200000, 0x0000000712200000| Untracked 
| 146|0x0000000712400000, 0x0000000712600000, 0x0000000712600000|100%| O|  |TAMS 0x0000000712600000, 0x0000000712400000| Untracked 
| 147|0x0000000712600000, 0x0000000712800000, 0x0000000712800000|100%| O|  |TAMS 0x0000000712800000, 0x0000000712600000| Untracked 
| 148|0x0000000712800000, 0x0000000712a00000, 0x0000000712a00000|100%| O|  |TAMS 0x0000000712800000, 0x0000000712800000| Untracked 
| 149|0x0000000712a00000, 0x0000000712c00000, 0x0000000712c00000|100%|HS|  |TAMS 0x0000000712c00000, 0x0000000712a00000| Complete 
| 150|0x0000000712c00000, 0x0000000712e00000, 0x0000000712e00000|100%| O|  |TAMS 0x0000000712e00000, 0x0000000712c00000| Untracked 
| 151|0x0000000712e00000, 0x0000000713000000, 0x0000000713000000|100%| O|  |TAMS 0x0000000713000000, 0x0000000712e00000| Untracked 
| 152|0x0000000713000000, 0x0000000713200000, 0x0000000713200000|100%| O|  |TAMS 0x0000000713200000, 0x0000000713000000| Untracked 
| 153|0x0000000713200000, 0x0000000713400000, 0x0000000713400000|100%| O|  |TAMS 0x0000000713400000, 0x0000000713200000| Untracked 
| 154|0x0000000713400000, 0x0000000713600000, 0x0000000713600000|100%| O|  |TAMS 0x0000000713600000, 0x0000000713400000| Untracked 
| 155|0x0000000713600000, 0x0000000713800000, 0x0000000713800000|100%| O|  |TAMS 0x0000000713600000, 0x0000000713600000| Untracked 
| 156|0x0000000713800000, 0x0000000713a00000, 0x0000000713a00000|100%| O|  |TAMS 0x0000000713a00000, 0x0000000713800000| Untracked 
| 157|0x0000000713a00000, 0x0000000713c00000, 0x0000000713c00000|100%| O|  |TAMS 0x0000000713c00000, 0x0000000713a00000| Untracked 
| 158|0x0000000713c00000, 0x0000000713e00000, 0x0000000713e00000|100%| O|  |TAMS 0x0000000713e00000, 0x0000000713c00000| Untracked 
| 159|0x0000000713e00000, 0x0000000714000000, 0x0000000714000000|100%| O|  |TAMS 0x0000000714000000, 0x0000000713e00000| Untracked 
| 160|0x0000000714000000, 0x0000000714200000, 0x0000000714200000|100%| O|  |TAMS 0x0000000714200000, 0x0000000714000000| Untracked 
| 161|0x0000000714200000, 0x0000000714400000, 0x0000000714400000|100%| O|  |TAMS 0x0000000714400000, 0x0000000714200000| Untracked 
| 162|0x0000000714400000, 0x0000000714600000, 0x0000000714600000|100%| O|  |TAMS 0x0000000714600000, 0x0000000714400000| Untracked 
| 163|0x0000000714600000, 0x0000000714800000, 0x0000000714800000|100%| O|  |TAMS 0x0000000714800000, 0x0000000714600000| Untracked 
| 164|0x0000000714800000, 0x0000000714a00000, 0x0000000714a00000|100%| O|  |TAMS 0x0000000714a00000, 0x0000000714800000| Untracked 
| 165|0x0000000714a00000, 0x0000000714c00000, 0x0000000714c00000|100%| O|  |TAMS 0x0000000714c00000, 0x0000000714a00000| Untracked 
| 166|0x0000000714c00000, 0x0000000714e00000, 0x0000000714e00000|100%| O|  |TAMS 0x0000000714e00000, 0x0000000714c00000| Untracked 
| 167|0x0000000714e00000, 0x0000000715000000, 0x0000000715000000|100%| O|  |TAMS 0x0000000715000000, 0x0000000714e00000| Untracked 
| 168|0x0000000715000000, 0x0000000715200000, 0x0000000715200000|100%| O|  |TAMS 0x0000000715200000, 0x0000000715000000| Untracked 
| 169|0x0000000715200000, 0x0000000715400000, 0x0000000715400000|100%| O|  |TAMS 0x0000000715400000, 0x0000000715200000| Untracked 
| 170|0x0000000715400000, 0x0000000715600000, 0x0000000715600000|100%| O|  |TAMS 0x0000000715600000, 0x0000000715400000| Untracked 
| 171|0x0000000715600000, 0x0000000715800000, 0x0000000715800000|100%| O|  |TAMS 0x0000000715600000, 0x0000000715600000| Untracked 
| 172|0x0000000715800000, 0x0000000715a00000, 0x0000000715a00000|100%| O|  |TAMS 0x0000000715a00000, 0x0000000715800000| Untracked 
| 173|0x0000000715a00000, 0x0000000715c00000, 0x0000000715c00000|100%| O|  |TAMS 0x0000000715c00000, 0x0000000715a00000| Untracked 
| 174|0x0000000715c00000, 0x0000000715e00000, 0x0000000715e00000|100%| O|  |TAMS 0x0000000715e00000, 0x0000000715c00000| Untracked 
| 175|0x0000000715e00000, 0x0000000716000000, 0x0000000716000000|100%| O|  |TAMS 0x0000000716000000, 0x0000000715e00000| Untracked 
| 176|0x0000000716000000, 0x0000000716200000, 0x0000000716200000|100%| O|  |TAMS 0x0000000716200000, 0x0000000716000000| Untracked 
| 177|0x0000000716200000, 0x0000000716400000, 0x0000000716400000|100%| O|  |TAMS 0x0000000716400000, 0x0000000716200000| Untracked 
| 178|0x0000000716400000, 0x0000000716600000, 0x0000000716600000|100%| O|  |TAMS 0x0000000716600000, 0x0000000716400000| Untracked 
| 179|0x0000000716600000, 0x0000000716800000, 0x0000000716800000|100%| O|  |TAMS 0x0000000716800000, 0x0000000716600000| Untracked 
| 180|0x0000000716800000, 0x0000000716a00000, 0x0000000716a00000|100%| O|  |TAMS 0x0000000716a00000, 0x0000000716800000| Untracked 
| 181|0x0000000716a00000, 0x0000000716c00000, 0x0000000716c00000|100%| O|  |TAMS 0x0000000716c00000, 0x0000000716a00000| Untracked 
| 182|0x0000000716c00000, 0x0000000716e00000, 0x0000000716e00000|100%| O|  |TAMS 0x0000000716e00000, 0x0000000716c00000| Untracked 
| 183|0x0000000716e00000, 0x0000000717000000, 0x0000000717000000|100%| O|  |TAMS 0x0000000717000000, 0x0000000716e00000| Untracked 
| 184|0x0000000717000000, 0x0000000717200000, 0x0000000717200000|100%| O|  |TAMS 0x0000000717200000, 0x0000000717000000| Untracked 
| 185|0x0000000717200000, 0x0000000717400000, 0x0000000717400000|100%| O|  |TAMS 0x0000000717400000, 0x0000000717200000| Untracked 
| 186|0x0000000717400000, 0x0000000717600000, 0x0000000717600000|100%| O|  |TAMS 0x0000000717600000, 0x0000000717400000| Untracked 
| 187|0x0000000717600000, 0x0000000717800000, 0x0000000717800000|100%| O|  |TAMS 0x0000000717800000, 0x0000000717600000| Untracked 
| 188|0x0000000717800000, 0x0000000717a00000, 0x0000000717a00000|100%| O|  |TAMS 0x0000000717a00000, 0x0000000717800000| Untracked 
| 189|0x0000000717a00000, 0x0000000717c00000, 0x0000000717c00000|100%| O|  |TAMS 0x0000000717c00000, 0x0000000717a00000| Untracked 
| 190|0x0000000717c00000, 0x0000000717e00000, 0x0000000717e00000|100%| O|  |TAMS 0x0000000717e00000, 0x0000000717c00000| Untracked 
| 191|0x0000000717e00000, 0x0000000718000000, 0x0000000718000000|100%| O|  |TAMS 0x0000000718000000, 0x0000000717e00000| Untracked 
| 192|0x0000000718000000, 0x0000000718200000, 0x0000000718200000|100%| O|  |TAMS 0x0000000718200000, 0x0000000718000000| Untracked 
| 193|0x0000000718200000, 0x0000000718400000, 0x0000000718400000|100%| O|  |TAMS 0x0000000718400000, 0x0000000718200000| Untracked 
| 194|0x0000000718400000, 0x0000000718600000, 0x0000000718600000|100%| O|  |TAMS 0x0000000718600000, 0x0000000718400000| Untracked 
| 195|0x0000000718600000, 0x0000000718800000, 0x0000000718800000|100%| O|  |TAMS 0x0000000718800000, 0x0000000718600000| Untracked 
| 196|0x0000000718800000, 0x0000000718a00000, 0x0000000718a00000|100%| O|  |TAMS 0x0000000718a00000, 0x0000000718800000| Untracked 
| 197|0x0000000718a00000, 0x0000000718c00000, 0x0000000718c00000|100%| O|  |TAMS 0x0000000718c00000, 0x0000000718a00000| Untracked 
| 198|0x0000000718c00000, 0x0000000718e00000, 0x0000000718e00000|100%| O|  |TAMS 0x0000000718e00000, 0x0000000718c00000| Untracked 
| 199|0x0000000718e00000, 0x0000000719000000, 0x0000000719000000|100%| O|  |TAMS 0x0000000718e00000, 0x0000000718e00000| Untracked 
| 200|0x0000000719000000, 0x0000000719200000, 0x0000000719200000|100%| O|  |TAMS 0x0000000719200000, 0x0000000719000000| Untracked 
| 201|0x0000000719200000, 0x0000000719400000, 0x0000000719400000|100%| O|  |TAMS 0x0000000719400000, 0x0000000719200000| Untracked 
| 202|0x0000000719400000, 0x0000000719600000, 0x0000000719600000|100%| O|  |TAMS 0x0000000719600000, 0x0000000719400000| Untracked 
| 203|0x0000000719600000, 0x0000000719800000, 0x0000000719800000|100%| O|  |TAMS 0x0000000719800000, 0x0000000719600000| Untracked 
| 204|0x0000000719800000, 0x0000000719a00000, 0x0000000719a00000|100%| O|  |TAMS 0x0000000719860e00, 0x0000000719800000| Untracked 
| 205|0x0000000719a00000, 0x0000000719c00000, 0x0000000719c00000|100%| O|  |TAMS 0x0000000719a00000, 0x0000000719a00000| Untracked 
| 206|0x0000000719c00000, 0x0000000719e00000, 0x0000000719e00000|100%| O|  |TAMS 0x0000000719c00000, 0x0000000719c00000| Untracked 
| 207|0x0000000719e00000, 0x000000071a000000, 0x000000071a000000|100%| O|  |TAMS 0x0000000719e00000, 0x0000000719e00000| Untracked 
| 208|0x000000071a000000, 0x000000071a200000, 0x000000071a200000|100%| O|  |TAMS 0x000000071a000000, 0x000000071a000000| Untracked 
| 209|0x000000071a200000, 0x000000071a400000, 0x000000071a400000|100%| O|  |TAMS 0x000000071a200000, 0x000000071a200000| Untracked 
| 210|0x000000071a400000, 0x000000071a600000, 0x000000071a600000|100%| O|  |TAMS 0x000000071a400000, 0x000000071a400000| Untracked 
| 211|0x000000071a600000, 0x000000071a800000, 0x000000071a800000|100%| O|  |TAMS 0x000000071a600000, 0x000000071a600000| Untracked 
| 212|0x000000071a800000, 0x000000071aa00000, 0x000000071aa00000|100%| O|  |TAMS 0x000000071a800000, 0x000000071a800000| Untracked 
| 213|0x000000071aa00000, 0x000000071ac00000, 0x000000071ac00000|100%| O|  |TAMS 0x000000071aa00000, 0x000000071aa00000| Untracked 
| 214|0x000000071ac00000, 0x000000071ae00000, 0x000000071ae00000|100%| O|  |TAMS 0x000000071ac00000, 0x000000071ac00000| Untracked 
| 215|0x000000071ae00000, 0x000000071b000000, 0x000000071b000000|100%| O|  |TAMS 0x000000071ae00000, 0x000000071ae00000| Untracked 
| 216|0x000000071b000000, 0x000000071b200000, 0x000000071b200000|100%| O|  |TAMS 0x000000071b000000, 0x000000071b000000| Untracked 
| 217|0x000000071b200000, 0x000000071b400000, 0x000000071b400000|100%| O|  |TAMS 0x000000071b200000, 0x000000071b200000| Untracked 
| 218|0x000000071b400000, 0x000000071b600000, 0x000000071b600000|100%| O|  |TAMS 0x000000071b400000, 0x000000071b400000| Untracked 
| 219|0x000000071b600000, 0x000000071b800000, 0x000000071b800000|100%| O|  |TAMS 0x000000071b600000, 0x000000071b600000| Untracked 
| 220|0x000000071b800000, 0x000000071ba00000, 0x000000071ba00000|100%| O|  |TAMS 0x000000071b800000, 0x000000071b800000| Untracked 
| 221|0x000000071ba00000, 0x000000071bc00000, 0x000000071bc00000|100%| O|  |TAMS 0x000000071ba00000, 0x000000071ba00000| Untracked 
| 222|0x000000071bc00000, 0x000000071be00000, 0x000000071be00000|100%| O|  |TAMS 0x000000071bc00000, 0x000000071bc00000| Untracked 
| 223|0x000000071be00000, 0x000000071c000000, 0x000000071c000000|100%| O|  |TAMS 0x000000071be00000, 0x000000071be00000| Untracked 
| 224|0x000000071c000000, 0x000000071c200000, 0x000000071c200000|100%| O|  |TAMS 0x000000071c000000, 0x000000071c000000| Untracked 
| 225|0x000000071c200000, 0x000000071c400000, 0x000000071c400000|100%| O|  |TAMS 0x000000071c200000, 0x000000071c200000| Untracked 
| 226|0x000000071c400000, 0x000000071c600000, 0x000000071c600000|100%| O|  |TAMS 0x000000071c400000, 0x000000071c400000| Untracked 
| 227|0x000000071c600000, 0x000000071c800000, 0x000000071c800000|100%| O|  |TAMS 0x000000071c600000, 0x000000071c600000| Untracked 
| 228|0x000000071c800000, 0x000000071ca00000, 0x000000071ca00000|100%| O|  |TAMS 0x000000071c800000, 0x000000071c800000| Untracked 
| 229|0x000000071ca00000, 0x000000071cc00000, 0x000000071cc00000|100%| O|  |TAMS 0x000000071ca00000, 0x000000071ca00000| Untracked 
| 230|0x000000071cc00000, 0x000000071ce00000, 0x000000071ce00000|100%| O|  |TAMS 0x000000071cc00000, 0x000000071cc00000| Untracked 
| 231|0x000000071ce00000, 0x000000071d000000, 0x000000071d000000|100%|HS|  |TAMS 0x000000071ce00000, 0x000000071ce00000| Complete 
| 232|0x000000071d000000, 0x000000071d200000, 0x000000071d200000|100%|HC|  |TAMS 0x000000071d000000, 0x000000071d000000| Complete 
| 233|0x000000071d200000, 0x000000071d400000, 0x000000071d400000|100%| O|  |TAMS 0x000000071d200000, 0x000000071d200000| Untracked 
| 234|0x000000071d400000, 0x000000071d600000, 0x000000071d600000|100%| O|  |TAMS 0x000000071d400000, 0x000000071d400000| Untracked 
| 235|0x000000071d600000, 0x000000071d800000, 0x000000071d800000|100%| O|  |TAMS 0x000000071d600000, 0x000000071d600000| Untracked 
| 236|0x000000071d800000, 0x000000071da00000, 0x000000071da00000|100%| O|  |TAMS 0x000000071d800000, 0x000000071d800000| Untracked 
| 237|0x000000071da00000, 0x000000071dc00000, 0x000000071dc00000|100%| O|  |TAMS 0x000000071da00000, 0x000000071da00000| Untracked 
| 238|0x000000071dc00000, 0x000000071de00000, 0x000000071de00000|100%| O|  |TAMS 0x000000071dc00000, 0x000000071dc00000| Untracked 
| 239|0x000000071de00000, 0x000000071e000000, 0x000000071e000000|100%| O|  |TAMS 0x000000071de00000, 0x000000071de00000| Untracked 
| 240|0x000000071e000000, 0x000000071e200000, 0x000000071e200000|100%| O|  |TAMS 0x000000071e000000, 0x000000071e000000| Untracked 
| 241|0x000000071e200000, 0x000000071e400000, 0x000000071e400000|100%| O|  |TAMS 0x000000071e200000, 0x000000071e200000| Untracked 
| 242|0x000000071e400000, 0x000000071e600000, 0x000000071e600000|100%| O|  |TAMS 0x000000071e400000, 0x000000071e400000| Untracked 
| 243|0x000000071e600000, 0x000000071e800000, 0x000000071e800000|100%| O|  |TAMS 0x000000071e600000, 0x000000071e600000| Untracked 
| 244|0x000000071e800000, 0x000000071ea00000, 0x000000071ea00000|100%| O|  |TAMS 0x000000071e800000, 0x000000071e800000| Untracked 
| 245|0x000000071ea00000, 0x000000071ec00000, 0x000000071ec00000|100%| O|  |TAMS 0x000000071ea00000, 0x000000071ea00000| Untracked 
| 246|0x000000071ec00000, 0x000000071ee00000, 0x000000071ee00000|100%| O|  |TAMS 0x000000071ec00000, 0x000000071ec00000| Untracked 
| 247|0x000000071ee00000, 0x000000071f000000, 0x000000071f000000|100%| O|  |TAMS 0x000000071ee00000, 0x000000071ee00000| Untracked 
| 248|0x000000071f000000, 0x000000071f200000, 0x000000071f200000|100%| O|  |TAMS 0x000000071f000000, 0x000000071f000000| Untracked 
| 249|0x000000071f200000, 0x000000071f400000, 0x000000071f400000|100%| O|  |TAMS 0x000000071f200000, 0x000000071f200000| Untracked 
| 250|0x000000071f400000, 0x000000071f47de00, 0x000000071f600000| 24%| O|  |TAMS 0x000000071f400000, 0x000000071f400000| Untracked 
| 251|0x000000071f600000, 0x000000071f600000, 0x000000071f800000|  0%| F|  |TAMS 0x000000071f600000, 0x000000071f600000| Untracked 
| 252|0x000000071f800000, 0x000000071f800000, 0x000000071fa00000|  0%| F|  |TAMS 0x000000071f800000, 0x000000071f800000| Untracked 
| 253|0x000000071fa00000, 0x000000071fa00000, 0x000000071fc00000|  0%| F|  |TAMS 0x000000071fa00000, 0x000000071fa00000| Untracked 
| 254|0x000000071fc00000, 0x000000071fc00000, 0x000000071fe00000|  0%| F|  |TAMS 0x000000071fc00000, 0x000000071fc00000| Untracked 
| 255|0x000000071fe00000, 0x000000071fe00000, 0x0000000720000000|  0%| F|  |TAMS 0x000000071fe00000, 0x000000071fe00000| Untracked 
| 256|0x0000000720000000, 0x0000000720000000, 0x0000000720200000|  0%| F|  |TAMS 0x0000000720000000, 0x0000000720000000| Untracked 
| 257|0x0000000720200000, 0x0000000720200000, 0x0000000720400000|  0%| F|  |TAMS 0x0000000720200000, 0x0000000720200000| Untracked 
| 258|0x0000000720400000, 0x0000000720400000, 0x0000000720600000|  0%| F|  |TAMS 0x0000000720400000, 0x0000000720400000| Untracked 
| 259|0x0000000720600000, 0x0000000720600000, 0x0000000720800000|  0%| F|  |TAMS 0x0000000720600000, 0x0000000720600000| Untracked 
| 260|0x0000000720800000, 0x0000000720800000, 0x0000000720a00000|  0%| F|  |TAMS 0x0000000720800000, 0x0000000720800000| Untracked 
| 261|0x0000000720a00000, 0x0000000720a00000, 0x0000000720c00000|  0%| F|  |TAMS 0x0000000720a00000, 0x0000000720a00000| Untracked 
| 262|0x0000000720c00000, 0x0000000720c00000, 0x0000000720e00000|  0%| F|  |TAMS 0x0000000720c00000, 0x0000000720c00000| Untracked 
| 263|0x0000000720e00000, 0x0000000720e00000, 0x0000000721000000|  0%| F|  |TAMS 0x0000000720e00000, 0x0000000720e00000| Untracked 
| 264|0x0000000721000000, 0x0000000721000000, 0x0000000721200000|  0%| F|  |TAMS 0x0000000721000000, 0x0000000721000000| Untracked 
| 265|0x0000000721200000, 0x0000000721200000, 0x0000000721400000|  0%| F|  |TAMS 0x0000000721200000, 0x0000000721200000| Untracked 
| 266|0x0000000721400000, 0x0000000721400000, 0x0000000721600000|  0%| F|  |TAMS 0x0000000721400000, 0x0000000721400000| Untracked 
| 267|0x0000000721600000, 0x0000000721600000, 0x0000000721800000|  0%| F|  |TAMS 0x0000000721600000, 0x0000000721600000| Untracked 
| 268|0x0000000721800000, 0x0000000721800000, 0x0000000721a00000|  0%| F|  |TAMS 0x0000000721800000, 0x0000000721800000| Untracked 
| 269|0x0000000721a00000, 0x0000000721a00000, 0x0000000721c00000|  0%| F|  |TAMS 0x0000000721a00000, 0x0000000721a00000| Untracked 
| 270|0x0000000721c00000, 0x0000000721c00000, 0x0000000721e00000|  0%| F|  |TAMS 0x0000000721c00000, 0x0000000721c00000| Untracked 
| 271|0x0000000721e00000, 0x0000000721e00000, 0x0000000722000000|  0%| F|  |TAMS 0x0000000721e00000, 0x0000000721e00000| Untracked 
| 272|0x0000000722000000, 0x0000000722000000, 0x0000000722200000|  0%| F|  |TAMS 0x0000000722000000, 0x0000000722000000| Untracked 
| 273|0x0000000722200000, 0x0000000722200000, 0x0000000722400000|  0%| F|  |TAMS 0x0000000722200000, 0x0000000722200000| Untracked 
| 274|0x0000000722400000, 0x0000000722400000, 0x0000000722600000|  0%| F|  |TAMS 0x0000000722400000, 0x0000000722400000| Untracked 
| 275|0x0000000722600000, 0x0000000722600000, 0x0000000722800000|  0%| F|  |TAMS 0x0000000722600000, 0x0000000722600000| Untracked 
| 276|0x0000000722800000, 0x0000000722800000, 0x0000000722a00000|  0%| F|  |TAMS 0x0000000722800000, 0x0000000722800000| Untracked 
| 277|0x0000000722a00000, 0x0000000722a00000, 0x0000000722c00000|  0%| F|  |TAMS 0x0000000722a00000, 0x0000000722a00000| Untracked 
| 278|0x0000000722c00000, 0x0000000722c00000, 0x0000000722e00000|  0%| F|  |TAMS 0x0000000722c00000, 0x0000000722c00000| Untracked 
| 279|0x0000000722e00000, 0x0000000722e00000, 0x0000000723000000|  0%| F|  |TAMS 0x0000000722e00000, 0x0000000722e00000| Untracked 
| 280|0x0000000723000000, 0x0000000723000000, 0x0000000723200000|  0%| F|  |TAMS 0x0000000723000000, 0x0000000723000000| Untracked 
| 281|0x0000000723200000, 0x0000000723200000, 0x0000000723400000|  0%| F|  |TAMS 0x0000000723200000, 0x0000000723200000| Untracked 
| 282|0x0000000723400000, 0x0000000723400000, 0x0000000723600000|  0%| F|  |TAMS 0x0000000723400000, 0x0000000723400000| Untracked 
| 283|0x0000000723600000, 0x0000000723600000, 0x0000000723800000|  0%| F|  |TAMS 0x0000000723600000, 0x0000000723600000| Untracked 
| 284|0x0000000723800000, 0x0000000723800000, 0x0000000723a00000|  0%| F|  |TAMS 0x0000000723800000, 0x0000000723800000| Untracked 
| 285|0x0000000723a00000, 0x0000000723a00000, 0x0000000723c00000|  0%| F|  |TAMS 0x0000000723a00000, 0x0000000723a00000| Untracked 
| 286|0x0000000723c00000, 0x0000000723c00000, 0x0000000723e00000|  0%| F|  |TAMS 0x0000000723c00000, 0x0000000723c00000| Untracked 
| 287|0x0000000723e00000, 0x0000000723e00000, 0x0000000724000000|  0%| F|  |TAMS 0x0000000723e00000, 0x0000000723e00000| Untracked 
| 288|0x0000000724000000, 0x0000000724000000, 0x0000000724200000|  0%| F|  |TAMS 0x0000000724000000, 0x0000000724000000| Untracked 
| 289|0x0000000724200000, 0x0000000724200000, 0x0000000724400000|  0%| F|  |TAMS 0x0000000724200000, 0x0000000724200000| Untracked 
| 290|0x0000000724400000, 0x0000000724400000, 0x0000000724600000|  0%| F|  |TAMS 0x0000000724400000, 0x0000000724400000| Untracked 
| 291|0x0000000724600000, 0x0000000724600000, 0x0000000724800000|  0%| F|  |TAMS 0x0000000724600000, 0x0000000724600000| Untracked 
| 292|0x0000000724800000, 0x0000000724800000, 0x0000000724a00000|  0%| F|  |TAMS 0x0000000724800000, 0x0000000724800000| Untracked 
| 293|0x0000000724a00000, 0x0000000724a00000, 0x0000000724c00000|  0%| F|  |TAMS 0x0000000724a00000, 0x0000000724a00000| Untracked 
| 294|0x0000000724c00000, 0x0000000724c00000, 0x0000000724e00000|  0%| F|  |TAMS 0x0000000724c00000, 0x0000000724c00000| Untracked 
| 295|0x0000000724e00000, 0x0000000724e00000, 0x0000000725000000|  0%| F|  |TAMS 0x0000000724e00000, 0x0000000724e00000| Untracked 
| 296|0x0000000725000000, 0x0000000725000000, 0x0000000725200000|  0%| F|  |TAMS 0x0000000725000000, 0x0000000725000000| Untracked 
| 297|0x0000000725200000, 0x0000000725200000, 0x0000000725400000|  0%| F|  |TAMS 0x0000000725200000, 0x0000000725200000| Untracked 
| 298|0x0000000725400000, 0x0000000725400000, 0x0000000725600000|  0%| F|  |TAMS 0x0000000725400000, 0x0000000725400000| Untracked 
| 299|0x0000000725600000, 0x0000000725600000, 0x0000000725800000|  0%| F|  |TAMS 0x0000000725600000, 0x0000000725600000| Untracked 
| 300|0x0000000725800000, 0x0000000725800000, 0x0000000725a00000|  0%| F|  |TAMS 0x0000000725800000, 0x0000000725800000| Untracked 
| 301|0x0000000725a00000, 0x0000000725a00000, 0x0000000725c00000|  0%| F|  |TAMS 0x0000000725a00000, 0x0000000725a00000| Untracked 
| 302|0x0000000725c00000, 0x0000000725c00000, 0x0000000725e00000|  0%| F|  |TAMS 0x0000000725c00000, 0x0000000725c00000| Untracked 
| 303|0x0000000725e00000, 0x0000000725e00000, 0x0000000726000000|  0%| F|  |TAMS 0x0000000725e00000, 0x0000000725e00000| Untracked 
| 304|0x0000000726000000, 0x0000000726000000, 0x0000000726200000|  0%| F|  |TAMS 0x0000000726000000, 0x0000000726000000| Untracked 
| 305|0x0000000726200000, 0x0000000726200000, 0x0000000726400000|  0%| F|  |TAMS 0x0000000726200000, 0x0000000726200000| Untracked 
| 306|0x0000000726400000, 0x0000000726400000, 0x0000000726600000|  0%| F|  |TAMS 0x0000000726400000, 0x0000000726400000| Untracked 
| 307|0x0000000726600000, 0x0000000726600000, 0x0000000726800000|  0%| F|  |TAMS 0x0000000726600000, 0x0000000726600000| Untracked 
| 308|0x0000000726800000, 0x0000000726800000, 0x0000000726a00000|  0%| F|  |TAMS 0x0000000726800000, 0x0000000726800000| Untracked 
| 309|0x0000000726a00000, 0x0000000726a00000, 0x0000000726c00000|  0%| F|  |TAMS 0x0000000726a00000, 0x0000000726a00000| Untracked 
| 310|0x0000000726c00000, 0x0000000726c00000, 0x0000000726e00000|  0%| F|  |TAMS 0x0000000726c00000, 0x0000000726c00000| Untracked 
| 311|0x0000000726e00000, 0x0000000726e00000, 0x0000000727000000|  0%| F|  |TAMS 0x0000000726e00000, 0x0000000726e00000| Untracked 
| 312|0x0000000727000000, 0x00000007271b9c50, 0x0000000727200000| 86%| S|CS|TAMS 0x0000000727000000, 0x0000000727000000| Complete 
| 313|0x0000000727200000, 0x0000000727400000, 0x0000000727400000|100%| S|CS|TAMS 0x0000000727200000, 0x0000000727200000| Complete 
| 314|0x0000000727400000, 0x0000000727600000, 0x0000000727600000|100%| S|CS|TAMS 0x0000000727400000, 0x0000000727400000| Complete 
| 315|0x0000000727600000, 0x0000000727800000, 0x0000000727800000|100%| S|CS|TAMS 0x0000000727600000, 0x0000000727600000| Complete 
| 316|0x0000000727800000, 0x0000000727a00000, 0x0000000727a00000|100%| S|CS|TAMS 0x0000000727800000, 0x0000000727800000| Complete 
| 317|0x0000000727a00000, 0x0000000727c00000, 0x0000000727c00000|100%| S|CS|TAMS 0x0000000727a00000, 0x0000000727a00000| Complete 
| 318|0x0000000727c00000, 0x0000000727e00000, 0x0000000727e00000|100%| S|CS|TAMS 0x0000000727c00000, 0x0000000727c00000| Complete 
| 319|0x0000000727e00000, 0x0000000727e00000, 0x0000000728000000|  0%| F|  |TAMS 0x0000000727e00000, 0x0000000727e00000| Untracked 
| 320|0x0000000728000000, 0x0000000728000000, 0x0000000728200000|  0%| F|  |TAMS 0x0000000728000000, 0x0000000728000000| Untracked 
| 321|0x0000000728200000, 0x0000000728200000, 0x0000000728400000|  0%| F|  |TAMS 0x0000000728200000, 0x0000000728200000| Untracked 
| 322|0x0000000728400000, 0x0000000728400000, 0x0000000728600000|  0%| F|  |TAMS 0x0000000728400000, 0x0000000728400000| Untracked 
| 323|0x0000000728600000, 0x0000000728600000, 0x0000000728800000|  0%| F|  |TAMS 0x0000000728600000, 0x0000000728600000| Untracked 
| 324|0x0000000728800000, 0x0000000728800000, 0x0000000728a00000|  0%| F|  |TAMS 0x0000000728800000, 0x0000000728800000| Untracked 
| 325|0x0000000728a00000, 0x0000000728a00000, 0x0000000728c00000|  0%| F|  |TAMS 0x0000000728a00000, 0x0000000728a00000| Untracked 
| 326|0x0000000728c00000, 0x0000000728c00000, 0x0000000728e00000|  0%| F|  |TAMS 0x0000000728c00000, 0x0000000728c00000| Untracked 
| 327|0x0000000728e00000, 0x0000000728e00000, 0x0000000729000000|  0%| F|  |TAMS 0x0000000728e00000, 0x0000000728e00000| Untracked 
| 328|0x0000000729000000, 0x0000000729000000, 0x0000000729200000|  0%| F|  |TAMS 0x0000000729000000, 0x0000000729000000| Untracked 
| 329|0x0000000729200000, 0x0000000729200000, 0x0000000729400000|  0%| F|  |TAMS 0x0000000729200000, 0x0000000729200000| Untracked 
| 330|0x0000000729400000, 0x0000000729400000, 0x0000000729600000|  0%| F|  |TAMS 0x0000000729400000, 0x0000000729400000| Untracked 
| 331|0x0000000729600000, 0x0000000729600000, 0x0000000729800000|  0%| F|  |TAMS 0x0000000729600000, 0x0000000729600000| Untracked 
| 332|0x0000000729800000, 0x0000000729800000, 0x0000000729a00000|  0%| F|  |TAMS 0x0000000729800000, 0x0000000729800000| Untracked 
| 333|0x0000000729a00000, 0x0000000729a00000, 0x0000000729c00000|  0%| F|  |TAMS 0x0000000729a00000, 0x0000000729a00000| Untracked 
| 334|0x0000000729c00000, 0x0000000729c00000, 0x0000000729e00000|  0%| F|  |TAMS 0x0000000729c00000, 0x0000000729c00000| Untracked 
| 335|0x0000000729e00000, 0x0000000729e00000, 0x000000072a000000|  0%| F|  |TAMS 0x0000000729e00000, 0x0000000729e00000| Untracked 
| 336|0x000000072a000000, 0x000000072a000000, 0x000000072a200000|  0%| F|  |TAMS 0x000000072a000000, 0x000000072a000000| Untracked 
| 337|0x000000072a200000, 0x000000072a200000, 0x000000072a400000|  0%| F|  |TAMS 0x000000072a200000, 0x000000072a200000| Untracked 
| 338|0x000000072a400000, 0x000000072a400000, 0x000000072a600000|  0%| F|  |TAMS 0x000000072a400000, 0x000000072a400000| Untracked 
| 339|0x000000072a600000, 0x000000072a600000, 0x000000072a800000|  0%| F|  |TAMS 0x000000072a600000, 0x000000072a600000| Untracked 
| 340|0x000000072a800000, 0x000000072a800000, 0x000000072aa00000|  0%| F|  |TAMS 0x000000072a800000, 0x000000072a800000| Untracked 
| 341|0x000000072aa00000, 0x000000072aa00000, 0x000000072ac00000|  0%| F|  |TAMS 0x000000072aa00000, 0x000000072aa00000| Untracked 
| 342|0x000000072ac00000, 0x000000072ac00000, 0x000000072ae00000|  0%| F|  |TAMS 0x000000072ac00000, 0x000000072ac00000| Untracked 
| 343|0x000000072ae00000, 0x000000072ae00000, 0x000000072b000000|  0%| F|  |TAMS 0x000000072ae00000, 0x000000072ae00000| Untracked 
| 344|0x000000072b000000, 0x000000072b000000, 0x000000072b200000|  0%| F|  |TAMS 0x000000072b000000, 0x000000072b000000| Untracked 
| 345|0x000000072b200000, 0x000000072b200000, 0x000000072b400000|  0%| F|  |TAMS 0x000000072b200000, 0x000000072b200000| Untracked 
| 346|0x000000072b400000, 0x000000072b400000, 0x000000072b600000|  0%| F|  |TAMS 0x000000072b400000, 0x000000072b400000| Untracked 
| 347|0x000000072b600000, 0x000000072b600000, 0x000000072b800000|  0%| F|  |TAMS 0x000000072b600000, 0x000000072b600000| Untracked 
| 348|0x000000072b800000, 0x000000072b800000, 0x000000072ba00000|  0%| F|  |TAMS 0x000000072b800000, 0x000000072b800000| Untracked 
| 349|0x000000072ba00000, 0x000000072ba00000, 0x000000072bc00000|  0%| F|  |TAMS 0x000000072ba00000, 0x000000072ba00000| Untracked 
| 350|0x000000072bc00000, 0x000000072bc00000, 0x000000072be00000|  0%| F|  |TAMS 0x000000072bc00000, 0x000000072bc00000| Untracked 
| 351|0x000000072be00000, 0x000000072be00000, 0x000000072c000000|  0%| F|  |TAMS 0x000000072be00000, 0x000000072be00000| Untracked 
| 352|0x000000072c000000, 0x000000072c000000, 0x000000072c200000|  0%| F|  |TAMS 0x000000072c000000, 0x000000072c000000| Untracked 
| 353|0x000000072c200000, 0x000000072c200000, 0x000000072c400000|  0%| F|  |TAMS 0x000000072c200000, 0x000000072c200000| Untracked 
| 354|0x000000072c400000, 0x000000072c400000, 0x000000072c600000|  0%| F|  |TAMS 0x000000072c400000, 0x000000072c400000| Untracked 
| 355|0x000000072c600000, 0x000000072c600000, 0x000000072c800000|  0%| F|  |TAMS 0x000000072c600000, 0x000000072c600000| Untracked 
| 356|0x000000072c800000, 0x000000072c800000, 0x000000072ca00000|  0%| F|  |TAMS 0x000000072c800000, 0x000000072c800000| Untracked 
| 357|0x000000072ca00000, 0x000000072ca00000, 0x000000072cc00000|  0%| F|  |TAMS 0x000000072ca00000, 0x000000072ca00000| Untracked 
| 358|0x000000072cc00000, 0x000000072cc00000, 0x000000072ce00000|  0%| F|  |TAMS 0x000000072cc00000, 0x000000072cc00000| Untracked 
| 359|0x000000072ce00000, 0x000000072ce00000, 0x000000072d000000|  0%| F|  |TAMS 0x000000072ce00000, 0x000000072ce00000| Untracked 
| 360|0x000000072d000000, 0x000000072d000000, 0x000000072d200000|  0%| F|  |TAMS 0x000000072d000000, 0x000000072d000000| Untracked 
| 361|0x000000072d200000, 0x000000072d200000, 0x000000072d400000|  0%| F|  |TAMS 0x000000072d200000, 0x000000072d200000| Untracked 
| 362|0x000000072d400000, 0x000000072d400000, 0x000000072d600000|  0%| F|  |TAMS 0x000000072d400000, 0x000000072d400000| Untracked 
| 363|0x000000072d600000, 0x000000072d600000, 0x000000072d800000|  0%| F|  |TAMS 0x000000072d600000, 0x000000072d600000| Untracked 
| 364|0x000000072d800000, 0x000000072d800000, 0x000000072da00000|  0%| F|  |TAMS 0x000000072d800000, 0x000000072d800000| Untracked 
| 365|0x000000072da00000, 0x000000072da00000, 0x000000072dc00000|  0%| F|  |TAMS 0x000000072da00000, 0x000000072da00000| Untracked 
| 366|0x000000072dc00000, 0x000000072dc00000, 0x000000072de00000|  0%| F|  |TAMS 0x000000072dc00000, 0x000000072dc00000| Untracked 
| 367|0x000000072de00000, 0x000000072de00000, 0x000000072e000000|  0%| F|  |TAMS 0x000000072de00000, 0x000000072de00000| Untracked 
| 368|0x000000072e000000, 0x000000072e000000, 0x000000072e200000|  0%| F|  |TAMS 0x000000072e000000, 0x000000072e000000| Untracked 
| 369|0x000000072e200000, 0x000000072e200000, 0x000000072e400000|  0%| F|  |TAMS 0x000000072e200000, 0x000000072e200000| Untracked 
| 370|0x000000072e400000, 0x000000072e400000, 0x000000072e600000|  0%| F|  |TAMS 0x000000072e400000, 0x000000072e400000| Untracked 
| 371|0x000000072e600000, 0x000000072e600000, 0x000000072e800000|  0%| F|  |TAMS 0x000000072e600000, 0x000000072e600000| Untracked 
| 372|0x000000072e800000, 0x000000072e800000, 0x000000072ea00000|  0%| F|  |TAMS 0x000000072e800000, 0x000000072e800000| Untracked 
| 373|0x000000072ea00000, 0x000000072ea00000, 0x000000072ec00000|  0%| F|  |TAMS 0x000000072ea00000, 0x000000072ea00000| Untracked 
| 374|0x000000072ec00000, 0x000000072ec00000, 0x000000072ee00000|  0%| F|  |TAMS 0x000000072ec00000, 0x000000072ec00000| Untracked 
| 375|0x000000072ee00000, 0x000000072ee00000, 0x000000072f000000|  0%| F|  |TAMS 0x000000072ee00000, 0x000000072ee00000| Untracked 
| 376|0x000000072f000000, 0x000000072f000000, 0x000000072f200000|  0%| F|  |TAMS 0x000000072f000000, 0x000000072f000000| Untracked 
| 377|0x000000072f200000, 0x000000072f200000, 0x000000072f400000|  0%| F|  |TAMS 0x000000072f200000, 0x000000072f200000| Untracked 
| 378|0x000000072f400000, 0x000000072f400000, 0x000000072f600000|  0%| F|  |TAMS 0x000000072f400000, 0x000000072f400000| Untracked 
| 379|0x000000072f600000, 0x000000072f600000, 0x000000072f800000|  0%| F|  |TAMS 0x000000072f600000, 0x000000072f600000| Untracked 
| 380|0x000000072f800000, 0x000000072f800000, 0x000000072fa00000|  0%| F|  |TAMS 0x000000072f800000, 0x000000072f800000| Untracked 
| 381|0x000000072fa00000, 0x000000072fa00000, 0x000000072fc00000|  0%| F|  |TAMS 0x000000072fa00000, 0x000000072fa00000| Untracked 
| 382|0x000000072fc00000, 0x000000072fc00000, 0x000000072fe00000|  0%| F|  |TAMS 0x000000072fc00000, 0x000000072fc00000| Untracked 
| 383|0x000000072fe00000, 0x000000072fe00000, 0x0000000730000000|  0%| F|  |TAMS 0x000000072fe00000, 0x000000072fe00000| Untracked 
| 384|0x0000000730000000, 0x0000000730000000, 0x0000000730200000|  0%| F|  |TAMS 0x0000000730000000, 0x0000000730000000| Untracked 
| 385|0x0000000730200000, 0x0000000730200000, 0x0000000730400000|  0%| F|  |TAMS 0x0000000730200000, 0x0000000730200000| Untracked 
| 386|0x0000000730400000, 0x0000000730400000, 0x0000000730600000|  0%| F|  |TAMS 0x0000000730400000, 0x0000000730400000| Untracked 
| 387|0x0000000730600000, 0x0000000730600000, 0x0000000730800000|  0%| F|  |TAMS 0x0000000730600000, 0x0000000730600000| Untracked 
| 388|0x0000000730800000, 0x0000000730800000, 0x0000000730a00000|  0%| F|  |TAMS 0x0000000730800000, 0x0000000730800000| Untracked 
| 389|0x0000000730a00000, 0x0000000730a00000, 0x0000000730c00000|  0%| F|  |TAMS 0x0000000730a00000, 0x0000000730a00000| Untracked 
| 390|0x0000000730c00000, 0x0000000730c00000, 0x0000000730e00000|  0%| F|  |TAMS 0x0000000730c00000, 0x0000000730c00000| Untracked 
| 391|0x0000000730e00000, 0x0000000730e00000, 0x0000000731000000|  0%| F|  |TAMS 0x0000000730e00000, 0x0000000730e00000| Untracked 
| 392|0x0000000731000000, 0x0000000731000000, 0x0000000731200000|  0%| F|  |TAMS 0x0000000731000000, 0x0000000731000000| Untracked 
| 393|0x0000000731200000, 0x0000000731200000, 0x0000000731400000|  0%| F|  |TAMS 0x0000000731200000, 0x0000000731200000| Untracked 
| 394|0x0000000731400000, 0x0000000731400000, 0x0000000731600000|  0%| F|  |TAMS 0x0000000731400000, 0x0000000731400000| Untracked 
| 395|0x0000000731600000, 0x0000000731600000, 0x0000000731800000|  0%| F|  |TAMS 0x0000000731600000, 0x0000000731600000| Untracked 
| 396|0x0000000731800000, 0x0000000731800000, 0x0000000731a00000|  0%| F|  |TAMS 0x0000000731800000, 0x0000000731800000| Untracked 
| 397|0x0000000731a00000, 0x0000000731a00000, 0x0000000731c00000|  0%| F|  |TAMS 0x0000000731a00000, 0x0000000731a00000| Untracked 
| 398|0x0000000731c00000, 0x0000000731c00000, 0x0000000731e00000|  0%| F|  |TAMS 0x0000000731c00000, 0x0000000731c00000| Untracked 
| 399|0x0000000731e00000, 0x0000000731e00000, 0x0000000732000000|  0%| F|  |TAMS 0x0000000731e00000, 0x0000000731e00000| Untracked 
| 400|0x0000000732000000, 0x0000000732000000, 0x0000000732200000|  0%| F|  |TAMS 0x0000000732000000, 0x0000000732000000| Untracked 
| 401|0x0000000732200000, 0x0000000732200000, 0x0000000732400000|  0%| F|  |TAMS 0x0000000732200000, 0x0000000732200000| Untracked 
| 402|0x0000000732400000, 0x0000000732400000, 0x0000000732600000|  0%| F|  |TAMS 0x0000000732400000, 0x0000000732400000| Untracked 
| 403|0x0000000732600000, 0x0000000732600000, 0x0000000732800000|  0%| F|  |TAMS 0x0000000732600000, 0x0000000732600000| Untracked 
| 404|0x0000000732800000, 0x0000000732800000, 0x0000000732a00000|  0%| F|  |TAMS 0x0000000732800000, 0x0000000732800000| Untracked 
| 405|0x0000000732a00000, 0x0000000732a00000, 0x0000000732c00000|  0%| F|  |TAMS 0x0000000732a00000, 0x0000000732a00000| Untracked 
| 406|0x0000000732c00000, 0x0000000732c00000, 0x0000000732e00000|  0%| F|  |TAMS 0x0000000732c00000, 0x0000000732c00000| Untracked 
| 407|0x0000000732e00000, 0x0000000732e00000, 0x0000000733000000|  0%| F|  |TAMS 0x0000000732e00000, 0x0000000732e00000| Untracked 
| 408|0x0000000733000000, 0x0000000733000000, 0x0000000733200000|  0%| F|  |TAMS 0x0000000733000000, 0x0000000733000000| Untracked 
| 409|0x0000000733200000, 0x0000000733200000, 0x0000000733400000|  0%| F|  |TAMS 0x0000000733200000, 0x0000000733200000| Untracked 
| 410|0x0000000733400000, 0x0000000733400000, 0x0000000733600000|  0%| F|  |TAMS 0x0000000733400000, 0x0000000733400000| Untracked 
| 411|0x0000000733600000, 0x0000000733600000, 0x0000000733800000|  0%| F|  |TAMS 0x0000000733600000, 0x0000000733600000| Untracked 
| 412|0x0000000733800000, 0x0000000733800000, 0x0000000733a00000|  0%| F|  |TAMS 0x0000000733800000, 0x0000000733800000| Untracked 
| 413|0x0000000733a00000, 0x0000000733a00000, 0x0000000733c00000|  0%| F|  |TAMS 0x0000000733a00000, 0x0000000733a00000| Untracked 
| 414|0x0000000733c00000, 0x0000000733c00000, 0x0000000733e00000|  0%| F|  |TAMS 0x0000000733c00000, 0x0000000733c00000| Untracked 
| 415|0x0000000733e00000, 0x0000000733e00000, 0x0000000734000000|  0%| F|  |TAMS 0x0000000733e00000, 0x0000000733e00000| Untracked 
| 416|0x0000000734000000, 0x0000000734000000, 0x0000000734200000|  0%| F|  |TAMS 0x0000000734000000, 0x0000000734000000| Untracked 
| 417|0x0000000734200000, 0x0000000734200000, 0x0000000734400000|  0%| F|  |TAMS 0x0000000734200000, 0x0000000734200000| Untracked 
| 418|0x0000000734400000, 0x0000000734400000, 0x0000000734600000|  0%| F|  |TAMS 0x0000000734400000, 0x0000000734400000| Untracked 
| 419|0x0000000734600000, 0x0000000734600000, 0x0000000734800000|  0%| F|  |TAMS 0x0000000734600000, 0x0000000734600000| Untracked 
| 420|0x0000000734800000, 0x0000000734800000, 0x0000000734a00000|  0%| F|  |TAMS 0x0000000734800000, 0x0000000734800000| Untracked 
| 421|0x0000000734a00000, 0x0000000734a00000, 0x0000000734c00000|  0%| F|  |TAMS 0x0000000734a00000, 0x0000000734a00000| Untracked 
| 422|0x0000000734c00000, 0x0000000734c00000, 0x0000000734e00000|  0%| F|  |TAMS 0x0000000734c00000, 0x0000000734c00000| Untracked 
| 423|0x0000000734e00000, 0x0000000734e00000, 0x0000000735000000|  0%| F|  |TAMS 0x0000000734e00000, 0x0000000734e00000| Untracked 
| 424|0x0000000735000000, 0x0000000735200000, 0x0000000735200000|100%| E|  |TAMS 0x0000000735000000, 0x0000000735000000| Complete 
| 425|0x0000000735200000, 0x0000000735400000, 0x0000000735400000|100%| E|CS|TAMS 0x0000000735200000, 0x0000000735200000| Complete 
| 426|0x0000000735400000, 0x0000000735600000, 0x0000000735600000|100%| E|CS|TAMS 0x0000000735400000, 0x0000000735400000| Complete 
| 427|0x0000000735600000, 0x0000000735800000, 0x0000000735800000|100%| E|CS|TAMS 0x0000000735600000, 0x0000000735600000| Complete 
| 428|0x0000000735800000, 0x0000000735a00000, 0x0000000735a00000|100%| E|CS|TAMS 0x0000000735800000, 0x0000000735800000| Complete 
| 429|0x0000000735a00000, 0x0000000735c00000, 0x0000000735c00000|100%| E|CS|TAMS 0x0000000735a00000, 0x0000000735a00000| Complete 

Card table byte_map: [0x0000026d7b5c0000,0x0000026d7bdc0000] _byte_map_base: 0x0000026d77dc0000

Marking Bits (Prev, Next): (CMBitMap*) 0x0000026d7aa20370, (CMBitMap*) 0x0000026d7aa20330
 Prev Bits: [0x0000026d1a7f0000, 0x0000026d1e7f0000)
 Next Bits: [0x0000026d167f0000, 0x0000026d1a7f0000)

Polling page: 0x0000026d788a0000

Metaspace:

Usage:
  Non-class:    136.35 MB used.
      Class:     21.27 MB used.
       Both:    157.62 MB used.

Virtual space:
  Non-class space:      192.00 MB reserved,     138.12 MB ( 72%) committed,  3 nodes.
      Class space:        1.00 GB reserved,      22.62 MB (  2%) committed,  1 nodes.
             Both:        1.19 GB reserved,     160.75 MB ( 13%) committed. 

Chunk freelists:
   Non-Class:  5.72 MB
       Class:  9.40 MB
        Both:  15.12 MB

MaxMetaspaceSize: unlimited
CompressedClassSpaceSize: 1.00 GB
Initial GC threshold: 21.00 MB
Current GC threshold: 235.62 MB
CDS: on
MetaspaceReclaimPolicy: balanced
 - commit_granule_bytes: 65536.
 - commit_granule_words: 8192.
 - virtual_space_node_default_size: 8388608.
 - enlarge_chunks_in_place: 1.
 - new_chunks_are_fully_committed: 0.
 - uncommit_free_chunks: 1.
 - use_allocation_guard: 0.
 - handle_deallocations: 1.


Internal statistics:

num_allocs_failed_limit: 30.
num_arena_births: 4096.
num_arena_deaths: 12.
num_vsnodes_births: 4.
num_vsnodes_deaths: 0.
num_space_committed: 2570.
num_space_uncommitted: 0.
num_chunks_returned_to_freelist: 47.
num_chunks_taken_from_freelist: 12135.
num_chunk_merges: 30.
num_chunk_splits: 7455.
num_chunks_enlarged: 4107.
num_inconsistent_stats: 0.

CodeHeap 'non-profiled nmethods': size=120000Kb used=16657Kb max_used=16657Kb free=103342Kb
 bounds [0x0000026d0f2c0000, 0x0000026d10310000, 0x0000026d167f0000]
CodeHeap 'profiled nmethods': size=120000Kb used=44057Kb max_used=44057Kb free=75942Kb
 bounds [0x0000026d077f0000, 0x0000026d0a300000, 0x0000026d0ed20000]
CodeHeap 'non-nmethods': size=5760Kb used=2500Kb max_used=2576Kb free=3259Kb
 bounds [0x0000026d0ed20000, 0x0000026d0efd0000, 0x0000026d0f2c0000]
 total_blobs=24138 nmethods=23087 adapters=962
 compilation: enabled
              stopped_count=0, restarted_count=0
 full_count=0

Compilation events (20 events):
Event: 217.856 Thread 0x0000026d7f001660 28993       3       com.android.aaptcompiler.XmlProcessor::gatherIds (191 bytes)
Event: 217.861 Thread 0x0000026d7f001660 nmethod 28993 0x0000026d0a2e4b90 code [0x0000026d0a2e4fc0, 0x0000026d0a2e6ed8]
Event: 217.862 Thread 0x0000026d7f001660 28994       3       com.android.aaptcompiler.ResourceUtilsKt::parseResourceName (141 bytes)
Event: 217.865 Thread 0x0000026d7f001660 nmethod 28994 0x0000026d0a2e7a10 code [0x0000026d0a2e7e00, 0x0000026d0a2e98b8]
Event: 217.867 Thread 0x0000026d7f001660 28995       3       com.google.protobuf.CodedOutputStream$AbstractBufferedEncoder::buffer (28 bytes)
Event: 217.868 Thread 0x0000026d7f001660 nmethod 28995 0x0000026d0a2ea210 code [0x0000026d0a2ea3a0, 0x0000026d0a2ea4f8]
Event: 217.902 Thread 0x0000026d7effd7a0 28996       4       org.gradle.cache.internal.btree.FreeListBlockStore$FreeListBlock::alloc (240 bytes)
Event: 218.076 Thread 0x0000026d7f001660 28998       3       com.sun.org.apache.xerces.internal.util.ParserConfigurationSettings::getProperty (31 bytes)
Event: 218.077 Thread 0x0000026d7f001660 nmethod 28998 0x0000026d0a2ea610 code [0x0000026d0a2ea7e0, 0x0000026d0a2eab18]
Event: 218.077 Thread 0x0000026d7f001660 28999       1       com.sun.org.apache.xerces.internal.utils.XMLSecurityPropertyManager$Property::defaultValue (5 bytes)
Event: 218.077 Thread 0x0000026d7f001660 nmethod 28999 0x0000026d10303d90 code [0x0000026d10303f20, 0x0000026d10303ff8]
Event: 218.078 Thread 0x0000026d7f001660 29000   !   3       com.sun.org.apache.xerces.internal.parsers.AbstractSAXParser::startElement (318 bytes)
Event: 218.080 Thread 0x0000026d7f001660 nmethod 29000 0x0000026d0a2eac90 code [0x0000026d0a2eaf60, 0x0000026d0a2ec178]
Event: 218.080 Thread 0x0000026d7f001660 29001       3       com.sun.org.apache.xerces.internal.parsers.AbstractSAXParser::startNamespaceMapping (77 bytes)
Event: 218.081 Thread 0x0000026d7f001660 nmethod 29001 0x0000026d0a2ecb90 code [0x0000026d0a2ecd80, 0x0000026d0a2ed398]
Event: 218.082 Thread 0x0000026d7f001660 29002   !   3       com.sun.org.apache.xerces.internal.parsers.AbstractSAXParser::endElement (108 bytes)
Event: 218.082 Thread 0x0000026d7f001660 nmethod 29002 0x0000026d0a2ed710 code [0x0000026d0a2ed900, 0x0000026d0a2ede18]
Event: 218.128 Thread 0x0000026d7f001660 29004       3       com.sun.org.apache.xerces.internal.jaxp.SAXParserImpl$JAXPSAXParser::setFeature0 (7 bytes)
Event: 218.128 Thread 0x0000026d7f001660 nmethod 29004 0x0000026d0a2ee090 code [0x0000026d0a2ee220, 0x0000026d0a2ee368]
Event: 218.157 Thread 0x0000026d7f001660 29005       3       org.gradle.internal.isolated.IsolationScheme$ServicesForIsolatedObject::find (296 bytes)

GC Heap History (20 events):
Event: 105.538 GC heap before
{Heap before GC invocations=87 (full 0):
 garbage-first heap   total 880640K, used 687119K [0x0000000700000000, 0x0000000800000000)
  region size 2048K, 136 young (278528K), 12 survivors (24576K)
 Metaspace       used 143552K, committed 146368K, reserved 1179648K
  class space    used 19855K, committed 21056K, reserved 1048576K
}
Event: 105.603 GC heap after
{Heap after GC invocations=88 (full 0):
 garbage-first heap   total 880640K, used 466169K [0x0000000700000000, 0x0000000800000000)
  region size 2048K, 15 young (30720K), 15 survivors (30720K)
 Metaspace       used 143552K, committed 146368K, reserved 1179648K
  class space    used 19855K, committed 21056K, reserved 1048576K
}
Event: 105.930 GC heap before
{Heap before GC invocations=88 (full 0):
 garbage-first heap   total 880640K, used 478457K [0x0000000700000000, 0x0000000800000000)
  region size 2048K, 21 young (43008K), 15 survivors (30720K)
 Metaspace       used 143785K, committed 146688K, reserved 1179648K
  class space    used 19875K, committed 21120K, reserved 1048576K
}
Event: 105.995 GC heap after
{Heap after GC invocations=89 (full 0):
 garbage-first heap   total 880640K, used 464692K [0x0000000700000000, 0x0000000800000000)
  region size 2048K, 3 young (6144K), 3 survivors (6144K)
 Metaspace       used 143785K, committed 146688K, reserved 1179648K
  class space    used 19875K, committed 21120K, reserved 1048576K
}
Event: 109.004 GC heap before
{Heap before GC invocations=89 (full 0):
 garbage-first heap   total 880640K, used 700212K [0x0000000700000000, 0x0000000800000000)
  region size 2048K, 119 young (243712K), 3 survivors (6144K)
 Metaspace       used 147328K, committed 150144K, reserved 1179648K
  class space    used 20227K, committed 21440K, reserved 1048576K
}
Event: 109.034 GC heap after
{Heap after GC invocations=90 (full 0):
 garbage-first heap   total 880640K, used 474665K [0x0000000700000000, 0x0000000800000000)
  region size 2048K, 8 young (16384K), 8 survivors (16384K)
 Metaspace       used 147328K, committed 150144K, reserved 1179648K
  class space    used 20227K, committed 21440K, reserved 1048576K
}
Event: 112.829 GC heap before
{Heap before GC invocations=90 (full 0):
 garbage-first heap   total 880640K, used 716329K [0x0000000700000000, 0x0000000800000000)
  region size 2048K, 125 young (256000K), 8 survivors (16384K)
 Metaspace       used 152369K, committed 155264K, reserved 1245184K
  class space    used 20634K, committed 21888K, reserved 1048576K
}
Event: 112.852 GC heap after
{Heap after GC invocations=91 (full 0):
 garbage-first heap   total 880640K, used 483083K [0x0000000700000000, 0x0000000800000000)
  region size 2048K, 10 young (20480K), 10 survivors (20480K)
 Metaspace       used 152369K, committed 155264K, reserved 1245184K
  class space    used 20634K, committed 21888K, reserved 1048576K
}
Event: 116.162 GC heap before
{Heap before GC invocations=91 (full 0):
 garbage-first heap   total 880640K, used 722699K [0x0000000700000000, 0x0000000800000000)
  region size 2048K, 128 young (262144K), 10 survivors (20480K)
 Metaspace       used 153142K, committed 156160K, reserved 1245184K
  class space    used 20700K, committed 22016K, reserved 1048576K
}
Event: 116.196 GC heap after
{Heap after GC invocations=92 (full 0):
 garbage-first heap   total 880640K, used 487275K [0x0000000700000000, 0x0000000800000000)
  region size 2048K, 8 young (16384K), 8 survivors (16384K)
 Metaspace       used 153142K, committed 156160K, reserved 1245184K
  class space    used 20700K, committed 22016K, reserved 1048576K
}
Event: 122.171 GC heap before
{Heap before GC invocations=92 (full 0):
 garbage-first heap   total 880640K, used 728939K [0x0000000700000000, 0x0000000800000000)
  region size 2048K, 127 young (260096K), 8 survivors (16384K)
 Metaspace       used 153871K, committed 156864K, reserved 1245184K
  class space    used 20795K, committed 22080K, reserved 1048576K
}
Event: 122.193 GC heap after
{Heap after GC invocations=93 (full 0):
 garbage-first heap   total 880640K, used 491241K [0x0000000700000000, 0x0000000800000000)
  region size 2048K, 10 young (20480K), 10 survivors (20480K)
 Metaspace       used 153871K, committed 156864K, reserved 1245184K
  class space    used 20795K, committed 22080K, reserved 1048576K
}
Event: 162.622 GC heap before
{Heap before GC invocations=93 (full 0):
 garbage-first heap   total 880640K, used 737001K [0x0000000700000000, 0x0000000800000000)
  region size 2048K, 131 young (268288K), 10 survivors (20480K)
 Metaspace       used 154951K, committed 158016K, reserved 1245184K
  class space    used 20934K, committed 22272K, reserved 1048576K
}
Event: 162.786 GC heap after
{Heap after GC invocations=94 (full 0):
 garbage-first heap   total 880640K, used 500135K [0x0000000700000000, 0x0000000800000000)
  region size 2048K, 12 young (24576K), 12 survivors (24576K)
 Metaspace       used 154951K, committed 158016K, reserved 1245184K
  class space    used 20934K, committed 22272K, reserved 1048576K
}
Event: 191.472 GC heap before
{Heap before GC invocations=94 (full 0):
 garbage-first heap   total 880640K, used 739751K [0x0000000700000000, 0x0000000800000000)
  region size 2048K, 130 young (266240K), 12 survivors (24576K)
 Metaspace       used 159472K, committed 162560K, reserved 1245184K
  class space    used 21601K, committed 22912K, reserved 1048576K
}
Event: 191.572 GC heap after
{Heap after GC invocations=95 (full 0):
 garbage-first heap   total 880640K, used 506215K [0x0000000700000000, 0x0000000800000000)
  region size 2048K, 12 young (24576K), 12 survivors (24576K)
 Metaspace       used 159472K, committed 162560K, reserved 1245184K
  class space    used 21601K, committed 22912K, reserved 1048576K
}
Event: 203.001 GC heap before
{Heap before GC invocations=95 (full 0):
 garbage-first heap   total 880640K, used 743783K [0x0000000700000000, 0x0000000800000000)
  region size 2048K, 129 young (264192K), 12 survivors (24576K)
 Metaspace       used 159590K, committed 162752K, reserved 1245184K
  class space    used 21614K, committed 22976K, reserved 1048576K
}
Event: 203.561 GC heap after
{Heap after GC invocations=96 (full 0):
 garbage-first heap   total 880640K, used 517334K [0x0000000700000000, 0x0000000800000000)
  region size 2048K, 12 young (24576K), 12 survivors (24576K)
 Metaspace       used 159590K, committed 162752K, reserved 1245184K
  class space    used 21614K, committed 22976K, reserved 1048576K
}
Event: 205.329 GC heap before
{Heap before GC invocations=96 (full 0):
 garbage-first heap   total 880640K, used 541910K [0x0000000700000000, 0x0000000800000000)
  region size 2048K, 24 young (49152K), 12 survivors (24576K)
 Metaspace       used 159729K, committed 162880K, reserved 1245184K
  class space    used 21634K, committed 22976K, reserved 1048576K
}
Event: 205.380 GC heap after
{Heap after GC invocations=97 (full 0):
 garbage-first heap   total 880640K, used 518647K [0x0000000700000000, 0x0000000800000000)
  region size 2048K, 3 young (6144K), 3 survivors (6144K)
 Metaspace       used 159729K, committed 162880K, reserved 1245184K
  class space    used 21634K, committed 22976K, reserved 1048576K
}

Deoptimization events (20 events):
Event: 210.078 Thread 0x0000026d673b0670 DEOPT PACKING pc=0x0000026d102ae510 sp=0x000000acc58f7f90
Event: 210.078 Thread 0x0000026d673b0670 DEOPT UNPACKING pc=0x0000026d0ed723a3 sp=0x000000acc58f7f38 mode 2
Event: 210.088 Thread 0x0000026d673b0670 DEOPT PACKING pc=0x0000026d09c93038 sp=0x000000acc58f7f80
Event: 210.088 Thread 0x0000026d673b0670 DEOPT UNPACKING pc=0x0000026d0ed72b43 sp=0x000000acc58f74f8 mode 0
Event: 210.088 Thread 0x0000026d673b0670 Uncommon trap: trap_request=0xffffff45 fr.pc=0x0000026d10173c50 relative=0x0000000000000050
Event: 210.088 Thread 0x0000026d673b0670 Uncommon trap: reason=unstable_if action=reinterpret pc=0x0000026d10173c50 method=com.google.protobuf.CodedOutputStream.computeUInt32SizeNoTag(I)I @ 14 c2
Event: 210.088 Thread 0x0000026d673b0670 DEOPT PACKING pc=0x0000026d10173c50 sp=0x000000acc58f8540
Event: 210.088 Thread 0x0000026d673b0670 DEOPT UNPACKING pc=0x0000026d0ed723a3 sp=0x000000acc58f84e0 mode 2
Event: 212.054 Thread 0x0000026d7313d2b0 Uncommon trap: trap_request=0xffffff45 fr.pc=0x0000026d100b1f10 relative=0x00000000000045b0
Event: 212.054 Thread 0x0000026d74e66230 Uncommon trap: trap_request=0xffffff45 fr.pc=0x0000026d100b1f10 relative=0x00000000000045b0
Event: 212.054 Thread 0x0000026d7313d2b0 Uncommon trap: reason=unstable_if action=reinterpret pc=0x0000026d100b1f10 method=sun.nio.cs.StreamDecoder.inReady()Z @ 14 c2
Event: 212.054 Thread 0x0000026d74e66230 Uncommon trap: reason=unstable_if action=reinterpret pc=0x0000026d100b1f10 method=sun.nio.cs.StreamDecoder.inReady()Z @ 14 c2
Event: 212.054 Thread 0x0000026d74e66230 DEOPT PACKING pc=0x0000026d100b1f10 sp=0x000000acc8fff600
Event: 212.055 Thread 0x0000026d7313d2b0 DEOPT PACKING pc=0x0000026d100b1f10 sp=0x000000acc91ff510
Event: 212.055 Thread 0x0000026d7313d2b0 DEOPT UNPACKING pc=0x0000026d0ed723a3 sp=0x000000acc91ff2a0 mode 2
Event: 212.055 Thread 0x0000026d74e66230 DEOPT UNPACKING pc=0x0000026d0ed723a3 sp=0x000000acc8fff390 mode 2
Event: 212.355 Thread 0x0000026d673b1ab0 Uncommon trap: trap_request=0xffffff45 fr.pc=0x0000026d102c99a0 relative=0x0000000000000560
Event: 212.355 Thread 0x0000026d673b1ab0 Uncommon trap: reason=unstable_if action=reinterpret pc=0x0000026d102c99a0 method=com.sun.org.apache.xerces.internal.xni.XMLString.toString()Ljava/lang/String; @ 4 c2
Event: 212.355 Thread 0x0000026d673b1ab0 DEOPT PACKING pc=0x0000026d102c99a0 sp=0x000000acc60fb120
Event: 212.362 Thread 0x0000026d673b1ab0 DEOPT UNPACKING pc=0x0000026d0ed723a3 sp=0x000000acc60fb108 mode 2

Classes unloaded (6 events):
Event: 39.328 Thread 0x0000026d7efd99c0 Unloading class 0x0000026d20b84800 'jdk/internal/reflect/GeneratedSerializationConstructorAccessor60'
Event: 39.328 Thread 0x0000026d7efd99c0 Unloading class 0x0000026d20b58c00 'java/lang/invoke/LambdaForm$DMH+0x0000026d20b58c00'
Event: 39.328 Thread 0x0000026d7efd99c0 Unloading class 0x0000026d20b58400 'java/lang/invoke/LambdaForm$DMH+0x0000026d20b58400'
Event: 39.328 Thread 0x0000026d7efd99c0 Unloading class 0x0000026d20b40000 'java/lang/invoke/LambdaForm$DMH+0x0000026d20b40000'
Event: 39.328 Thread 0x0000026d7efd99c0 Unloading class 0x0000026d20b24c00 'java/lang/invoke/LambdaForm$MH+0x0000026d20b24c00'
Event: 39.328 Thread 0x0000026d7efd99c0 Unloading class 0x0000026d20b24400 'java/lang/invoke/LambdaForm$DMH+0x0000026d20b24400'

Classes redefined (0 events):
No events

Internal exceptions (20 events):
Event: 191.782 Thread 0x0000026d673b0670 Exception <a 'sun/nio/fs/WindowsException'{0x00000007354ec3e0}> (0x00000007354ec3e0) 
thrown [s\open\src\hotspot\share\prims\jni.cpp, line 516]
Event: 191.820 Thread 0x0000026d673b0670 Exception <a 'sun/nio/fs/WindowsException'{0x000000073550d3b0}> (0x000000073550d3b0) 
thrown [s\open\src\hotspot\share\prims\jni.cpp, line 516]
Event: 191.897 Thread 0x0000026d673b0670 Exception <a 'sun/nio/fs/WindowsException'{0x00000007352c4798}> (0x00000007352c4798) 
thrown [s\open\src\hotspot\share\prims\jni.cpp, line 516]
Event: 191.918 Thread 0x0000026d673b0670 Exception <a 'sun/nio/fs/WindowsException'{0x00000007352ddbe0}> (0x00000007352ddbe0) 
thrown [s\open\src\hotspot\share\prims\jni.cpp, line 516]
Event: 192.120 Thread 0x0000026d70f04080 Exception <a 'sun/nio/fs/WindowsException'{0x0000000734e43440}> (0x0000000734e43440) 
thrown [s\open\src\hotspot\share\prims\jni.cpp, line 516]
Event: 192.189 Thread 0x0000026d673af740 Exception <a 'sun/nio/fs/WindowsException'{0x0000000734ec7a80}> (0x0000000734ec7a80) 
thrown [s\open\src\hotspot\share\prims\jni.cpp, line 516]
Event: 192.249 Thread 0x0000026d70f04080 Exception <a 'sun/nio/fs/WindowsException'{0x0000000734fb6a88}> (0x0000000734fb6a88) 
thrown [s\open\src\hotspot\share\prims\jni.cpp, line 516]
Event: 192.293 Thread 0x0000026d673af740 Exception <a 'sun/nio/fs/WindowsException'{0x0000000734eeaa80}> (0x0000000734eeaa80) 
thrown [s\open\src\hotspot\share\prims\jni.cpp, line 516]
Event: 192.330 Thread 0x0000026d70f04080 Exception <a 'sun/nio/fs/WindowsException'{0x0000000734fcf088}> (0x0000000734fcf088) 
thrown [s\open\src\hotspot\share\prims\jni.cpp, line 516]
Event: 192.394 Thread 0x0000026d673af740 Exception <a 'sun/nio/fs/WindowsException'{0x0000000734c0a768}> (0x0000000734c0a768) 
thrown [s\open\src\hotspot\share\prims\jni.cpp, line 516]
Event: 192.478 Thread 0x0000026d70f04080 Exception <a 'sun/nio/fs/WindowsException'{0x0000000734ff1ab8}> (0x0000000734ff1ab8) 
thrown [s\open\src\hotspot\share\prims\jni.cpp, line 516]
Event: 192.528 Thread 0x0000026d673af740 Exception <a 'sun/nio/fs/WindowsException'{0x0000000734c2cb98}> (0x0000000734c2cb98) 
thrown [s\open\src\hotspot\share\prims\jni.cpp, line 516]
Event: 192.537 Thread 0x0000026d70f04080 Exception <a 'sun/nio/fs/WindowsException'{0x0000000734cc50b8}> (0x0000000734cc50b8) 
thrown [s\open\src\hotspot\share\prims\jni.cpp, line 516]
Event: 192.660 Thread 0x0000026d70f04080 Exception <a 'sun/nio/fs/WindowsException'{0x0000000734ccddd0}> (0x0000000734ccddd0) 
thrown [s\open\src\hotspot\share\prims\jni.cpp, line 516]
Event: 192.673 Thread 0x0000026d64926690 Exception <a 'sun/nio/fs/WindowsException'{0x0000000734d56e00}> (0x0000000734d56e00) 
thrown [s\open\src\hotspot\share\prims\jni.cpp, line 516]
Event: 192.789 Thread 0x0000026d673b0670 Exception <a 'sun/nio/fs/WindowsException'{0x0000000734f9a4f0}> (0x0000000734f9a4f0) 
thrown [s\open\src\hotspot\share\prims\jni.cpp, line 516]
Event: 192.818 Thread 0x0000026d64926690 Exception <a 'sun/nio/fs/WindowsException'{0x0000000734d79420}> (0x0000000734d79420) 
thrown [s\open\src\hotspot\share\prims\jni.cpp, line 516]
Event: 192.836 Thread 0x0000026d673af740 Exception <a 'sun/nio/fs/WindowsException'{0x0000000734d31888}> (0x0000000734d31888) 
thrown [s\open\src\hotspot\share\prims\jni.cpp, line 516]
Event: 192.923 Thread 0x0000026d673b0670 Exception <a 'sun/nio/fs/WindowsException'{0x0000000734a0ee98}> (0x0000000734a0ee98) 
thrown [s\open\src\hotspot\share\prims\jni.cpp, line 516]
Event: 192.978 Thread 0x0000026d70f04080 Exception <a 'sun/nio/fs/WindowsException'{0x0000000734cf0570}> (0x0000000734cf0570) 
thrown [s\open\src\hotspot\share\prims\jni.cpp, line 516]

VM Operations (20 events):
Event: 207.506 Executing VM operation: HandshakeAllThreads done
Event: 209.516 Executing VM operation: Cleanup
Event: 209.516 Executing VM operation: Cleanup done
Event: 210.521 Executing VM operation: Cleanup
Event: 210.522 Executing VM operation: Cleanup done
Event: 211.526 Executing VM operation: Cleanup
Event: 211.526 Executing VM operation: Cleanup done
Event: 212.527 Executing VM operation: Cleanup
Event: 212.558 Executing VM operation: Cleanup done
Event: 213.571 Executing VM operation: Cleanup
Event: 213.571 Executing VM operation: Cleanup done
Event: 214.576 Executing VM operation: Cleanup
Event: 214.576 Executing VM operation: Cleanup done
Event: 215.581 Executing VM operation: Cleanup
Event: 215.597 Executing VM operation: Cleanup done
Event: 216.601 Executing VM operation: Cleanup
Event: 216.617 Executing VM operation: Cleanup done
Event: 217.620 Executing VM operation: Cleanup
Event: 217.620 Executing VM operation: Cleanup done
Event: 218.627 Executing VM operation: Cleanup

Events (20 events):
Event: 209.060 loading class com/sun/xml/internal/stream/events/AttributeImpl
Event: 209.062 loading class javax/xml/stream/events/Attribute
Event: 209.063 loading class javax/xml/stream/events/Attribute done
Event: 209.063 loading class com/sun/xml/internal/stream/events/AttributeImpl done
Event: 209.068 loading class com/sun/xml/internal/stream/events/NamespaceImpl
Event: 209.070 loading class javax/xml/stream/events/Namespace
Event: 209.071 loading class javax/xml/stream/events/Namespace done
Event: 209.071 loading class com/sun/xml/internal/stream/events/NamespaceImpl done
Event: 209.836 loading class com/sun/xml/internal/stream/events/CharacterEvent
Event: 209.836 loading class javax/xml/stream/events/Characters
Event: 209.836 loading class javax/xml/stream/events/Characters done
Event: 209.836 loading class com/sun/xml/internal/stream/events/CharacterEvent done
Event: 210.268 loading class java/util/concurrent/Executors$DelegatedScheduledExecutorService
Event: 210.269 loading class java/util/concurrent/Executors$DelegatedScheduledExecutorService done
Event: 210.273 Thread 0x0000026d73cf0e60 Thread added: 0x0000026d73cf0e60
Event: 211.001 Thread 0x0000026d74e66230 Thread added: 0x0000026d74e66230
Event: 211.002 Thread 0x0000026d74e65d20 Thread added: 0x0000026d74e65d20
Event: 211.023 Thread 0x0000026d7313d2b0 Thread added: 0x0000026d7313d2b0
Event: 211.023 Thread 0x0000026d7313ec00 Thread added: 0x0000026d7313ec00
Event: 214.895 Thread 0x0000026d64924830 Thread exited: 0x0000026d64924830


Dynamic libraries:
0x00007ff6cfca0000 - 0x00007ff6cfcb0000 	C:\Program Files\Java\jdk-17\bin\java.exe
0x00007ff9f7ac0000 - 0x00007ff9f7d26000 	C:\WINDOWS\SYSTEM32\ntdll.dll
0x00007ff9f6050000 - 0x00007ff9f6119000 	C:\WINDOWS\System32\KERNEL32.DLL
0x00007ff9f51a0000 - 0x00007ff9f559e000 	C:\WINDOWS\System32\KERNELBASE.dll
0x00007ff9f4ce0000 - 0x00007ff9f4e2c000 	C:\WINDOWS\System32\ucrtbase.dll
0x00007ff9ea690000 - 0x00007ff9ea6a9000 	C:\Program Files\Java\jdk-17\bin\jli.dll
0x00007ff9eaf90000 - 0x00007ff9eafab000 	C:\Program Files\Java\jdk-17\bin\VCRUNTIME140.dll
0x00007ff9f6ea0000 - 0x00007ff9f6f57000 	C:\WINDOWS\System32\ADVAPI32.dll
0x00007ff9f6800000 - 0x00007ff9f68a9000 	C:\WINDOWS\System32\msvcrt.dll
0x00007ff9f6120000 - 0x00007ff9f61ca000 	C:\WINDOWS\System32\sechost.dll
0x00007ff9f58b0000 - 0x00007ff9f59c8000 	C:\WINDOWS\System32\RPCRT4.dll
0x00007ff9f6cd0000 - 0x00007ff9f6e97000 	C:\WINDOWS\System32\USER32.dll
0x00007ff9f5640000 - 0x00007ff9f5667000 	C:\WINDOWS\System32\win32u.dll
0x00007ff9f6c40000 - 0x00007ff9f6c6b000 	C:\WINDOWS\System32\GDI32.dll
0x00007ff9f4fc0000 - 0x00007ff9f50ea000 	C:\WINDOWS\System32\gdi32full.dll
0x00007ff9dfe50000 - 0x00007ff9e00e2000 	C:\WINDOWS\WinSxS\amd64_microsoft.windows.common-controls_6595b64144ccf1df_6.0.26100.8894_none_3e0f749ee32e02ea\COMCTL32.dll
0x00007ff9f50f0000 - 0x00007ff9f5193000 	C:\WINDOWS\System32\msvcp_win.dll
0x00007ff9ec170000 - 0x00007ff9ec17b000 	C:\WINDOWS\SYSTEM32\VERSION.dll
0x00007ff9f6010000 - 0x00007ff9f6042000 	C:\WINDOWS\System32\IMM32.DLL
0x00007ff9eb090000 - 0x00007ff9eb09c000 	C:\Program Files\Java\jdk-17\bin\vcruntime140_1.dll
0x00007ff9cd880000 - 0x00007ff9cd90e000 	C:\Program Files\Java\jdk-17\bin\msvcp140.dll
0x00007ff9a2b00000 - 0x00007ff9a36e0000 	C:\Program Files\Java\jdk-17\bin\server\jvm.dll
0x00007ff9f7030000 - 0x00007ff9f7038000 	C:\WINDOWS\System32\PSAPI.DLL
0x00007ff9dcc10000 - 0x00007ff9dcc1a000 	C:\WINDOWS\SYSTEM32\WSOCK32.dll
0x00007ff9e34a0000 - 0x00007ff9e34d6000 	C:\WINDOWS\SYSTEM32\WINMM.dll
0x00007ff9f5af0000 - 0x00007ff9f5b70000 	C:\WINDOWS\System32\WS2_32.dll
0x00007ff9f39c0000 - 0x00007ff9f39db000 	C:\WINDOWS\SYSTEM32\kernel.appcore.dll
0x00007ff9eaf80000 - 0x00007ff9eaf8a000 	C:\Program Files\Java\jdk-17\bin\jimage.dll
0x00007ff9f2540000 - 0x00007ff9f2782000 	C:\WINDOWS\SYSTEM32\DBGHELP.DLL
0x00007ff9f68b0000 - 0x00007ff9f6c33000 	C:\WINDOWS\System32\combase.dll
0x00007ff9f66b0000 - 0x00007ff9f6789000 	C:\WINDOWS\System32\OLEAUT32.dll
0x00007ff9edf70000 - 0x00007ff9edfab000 	C:\WINDOWS\SYSTEM32\dbgcore.DLL
0x00007ff9f4e40000 - 0x00007ff9f4eec000 	C:\WINDOWS\System32\bcryptPrimitives.dll
0x00007ff9dcd30000 - 0x00007ff9dcd3e000 	C:\Program Files\Java\jdk-17\bin\instrument.dll
0x00007ff9db560000 - 0x00007ff9db585000 	C:\Program Files\Java\jdk-17\bin\java.dll
0x00007ff9be3a0000 - 0x00007ff9be477000 	C:\Program Files\Java\jdk-17\bin\jsvml.dll
0x00007ff9f72e0000 - 0x00007ff9f7a72000 	C:\WINDOWS\System32\SHELL32.dll
0x00007ff9f27c0000 - 0x00007ff9f3052000 	C:\WINDOWS\SYSTEM32\windows.storage.dll
0x00007ff9f71e0000 - 0x00007ff9f72d7000 	C:\WINDOWS\System32\SHCORE.dll
0x00007ff9f6f70000 - 0x00007ff9f6fd7000 	C:\WINDOWS\System32\shlwapi.dll
0x00007ff9f4c00000 - 0x00007ff9f4c29000 	C:\WINDOWS\SYSTEM32\profapi.dll
0x00007ff9dbde0000 - 0x00007ff9dbdf8000 	C:\Program Files\Java\jdk-17\bin\zip.dll
0x00007ff9defd0000 - 0x00007ff9defe9000 	C:\Program Files\Java\jdk-17\bin\net.dll
0x00007ff9e5890000 - 0x00007ff9e59b7000 	C:\WINDOWS\SYSTEM32\WINHTTP.dll
0x00007ff9f3f70000 - 0x00007ff9f3fdc000 	C:\WINDOWS\system32\mswsock.dll
0x00007ff9dd2e0000 - 0x00007ff9dd2f6000 	C:\Program Files\Java\jdk-17\bin\nio.dll
0x00007ff9eaf50000 - 0x00007ff9eaf60000 	C:\Program Files\Java\jdk-17\bin\verify.dll
0x00007ff9d8250000 - 0x00007ff9d8277000 	C:\Users\USER\.gradle\native\1def1411415f61bf3af743bc5b6707747c0891f09f0c88961ee8f79bc544acac\windows-amd64\native-platform.dll
0x00007ff9cd490000 - 0x00007ff9cd508000 	C:\Users\USER\.gradle\native\0.2.7\x86_64-windows-gnu\gradle-fileevents.dll
0x00007ff9ea3c0000 - 0x00007ff9ea3ca000 	C:\Program Files\Java\jdk-17\bin\management.dll
0x00007ff9e31f0000 - 0x00007ff9e31fb000 	C:\Program Files\Java\jdk-17\bin\management_ext.dll
0x00007ff9f3390000 - 0x00007ff9f33c3000 	C:\WINDOWS\SYSTEM32\IPHLPAPI.DLL
0x00007ff9f6f60000 - 0x00007ff9f6f6a000 	C:\WINDOWS\System32\NSI.dll
0x00007ff9e93c0000 - 0x00007ff9e93dd000 	C:\WINDOWS\SYSTEM32\dhcpcsvc6.DLL
0x00007ff9e5860000 - 0x00007ff9e5885000 	C:\WINDOWS\SYSTEM32\dhcpcsvc.DLL
0x00007ff9f3420000 - 0x00007ff9f3576000 	C:\WINDOWS\SYSTEM32\DNSAPI.dll
0x00007ff9f3d70000 - 0x00007ff9f3d7d000 	C:\WINDOWS\SYSTEM32\DSPARSE.dll
0x00007ff9f4270000 - 0x00007ff9f428b000 	C:\WINDOWS\SYSTEM32\CRYPTSP.dll
0x00007ff9f3920000 - 0x00007ff9f3959000 	C:\WINDOWS\system32\rsaenh.dll
0x00007ff9f4030000 - 0x00007ff9f4062000 	C:\WINDOWS\SYSTEM32\USERENV.dll
0x00007ff9f4bd0000 - 0x00007ff9f4bfa000 	C:\WINDOWS\SYSTEM32\bcrypt.dll
0x00007ff9f4290000 - 0x00007ff9f429c000 	C:\WINDOWS\SYSTEM32\CRYPTBASE.dll
0x00007ff9db600000 - 0x00007ff9db60e000 	C:\Program Files\Java\jdk-17\bin\sunmscapi.dll
0x00007ff9f5670000 - 0x00007ff9f57e8000 	C:\WINDOWS\System32\CRYPT32.dll
0x00007ff9f44b0000 - 0x00007ff9f44e0000 	C:\WINDOWS\SYSTEM32\ncrypt.dll
0x00007ff9f4460000 - 0x00007ff9f449f000 	C:\WINDOWS\SYSTEM32\NTASN1.dll
0x00007ff9ce800000 - 0x00007ff9ce808000 	C:\WINDOWS\system32\wshunix.dll
0x00007ff9be480000 - 0x00007ff9be498000 	C:\WINDOWS\system32\napinsp.dll
0x00007ff9be6b0000 - 0x00007ff9be6c3000 	C:\WINDOWS\System32\winrnr.dll
0x00007ff9be6d0000 - 0x00007ff9be6f2000 	C:\WINDOWS\system32\nlansp_c.dll
0x00007ff9e5a80000 - 0x00007ff9e5a96000 	C:\WINDOWS\system32\wshbth.dll
0x00007ff9e2c60000 - 0x00007ff9e2c6b000 	C:\Windows\System32\rasadhlp.dll
0x00007ff9e4f20000 - 0x00007ff9e4fa6000 	C:\WINDOWS\System32\fwpuclnt.dll

dbghelp: loaded successfully - version: 4.0.5 - missing functions: none
symbol engine: initialized successfully - sym options: 0x614 - pdb path: .;C:\Program Files\Java\jdk-17\bin;C:\WINDOWS\SYSTEM32;C:\WINDOWS\WinSxS\amd64_microsoft.windows.common-controls_6595b64144ccf1df_6.0.26100.8894_none_3e0f749ee32e02ea;C:\Program Files\Java\jdk-17\bin\server;C:\Users\USER\.gradle\native\1def1411415f61bf3af743bc5b6707747c0891f09f0c88961ee8f79bc544acac\windows-amd64;C:\Users\USER\.gradle\native\0.2.7\x86_64-windows-gnu

VM Arguments:
jvm_args: --add-opens=java.base/java.lang=ALL-UNNAMED --add-opens=java.base/java.lang.invoke=ALL-UNNAMED --add-opens=java.base/java.util=ALL-UNNAMED --add-opens=java.prefs/java.util.prefs=ALL-UNNAMED --add-exports=jdk.compiler/com.sun.tools.javac.api=ALL-UNNAMED --add-exports=jdk.compiler/com.sun.tools.javac.util=ALL-UNNAMED --add-opens=java.base/java.util=ALL-UNNAMED --add-opens=java.prefs/java.util.prefs=ALL-UNNAMED --add-opens=java.base/java.nio.charset=ALL-UNNAMED --add-opens=java.base/java.net=ALL-UNNAMED --add-opens=java.base/java.util.concurrent.atomic=ALL-UNNAMED --add-opens=java.xml/javax.xml.namespace=ALL-UNNAMED -XX:+HeapDumpOnOutOfMemoryError -Xmx4096m -Dfile.encoding=windows-1252 -Duser.country=US -Duser.language=en -Duser.variant -javaagent:C:\Users\USER\.gradle\wrapper\dists\gradle-8.14.3-bin\cv11ve7ro1n3o1j4so8xd9n66\gradle-8.14.3\lib\agents\gradle-instrumentation-agent-8.14.3.jar 
java_command: org.gradle.launcher.daemon.bootstrap.GradleDaemon 8.14.3
java_class_path (initial): C:\Users\USER\.gradle\wrapper\dists\gradle-8.14.3-bin\cv11ve7ro1n3o1j4so8xd9n66\gradle-8.14.3\lib\gradle-daemon-main-8.14.3.jar
Launcher Type: SUN_STANDARD

[Global flags]
     intx CICompilerCount                          = 4                                         {product} {ergonomic}
     uint ConcGCThreads                            = 2                                         {product} {ergonomic}
     uint G1ConcRefinementThreads                  = 8                                         {product} {ergonomic}
   size_t G1HeapRegionSize                         = 2097152                                   {product} {ergonomic}
    uintx GCDrainStackTargetSize                   = 64                                        {product} {ergonomic}
     bool HeapDumpOnOutOfMemoryError               = true                                   {manageable} {command line}
   size_t InitialHeapSize                          = 134217728                                 {product} {ergonomic}
   size_t MarkStackSize                            = 4194304                                   {product} {ergonomic}
   size_t MaxHeapSize                              = 4294967296                                {product} {command line}
   size_t MaxNewSize                               = 2575302656                                {product} {ergonomic}
   size_t MinHeapDeltaBytes                        = 2097152                                   {product} {ergonomic}
   size_t MinHeapSize                              = 8388608                                   {product} {ergonomic}
    uintx NonNMethodCodeHeapSize                   = 5839372                                {pd product} {ergonomic}
    uintx NonProfiledCodeHeapSize                  = 122909434                              {pd product} {ergonomic}
    uintx ProfiledCodeHeapSize                     = 122909434                              {pd product} {ergonomic}
    uintx ReservedCodeCacheSize                    = 251658240                              {pd product} {ergonomic}
     bool SegmentedCodeCache                       = true                                      {product} {ergonomic}
   size_t SoftMaxHeapSize                          = 4294967296                             {manageable} {ergonomic}
     bool UseCompressedClassPointers               = true                           {product lp64_product} {ergonomic}
     bool UseCompressedOops                        = true                           {product lp64_product} {ergonomic}
     bool UseG1GC                                  = true                                      {product} {ergonomic}
     bool UseLargePagesIndividualAllocation        = false                                  {pd product} {ergonomic}

Logging:
Log output configuration:
 #0: stdout all=warning uptime,level,tags
 #1: stderr all=off uptime,level,tags

Environment Variables:
PATH=c:\Users\USER\AppData\Roaming\Code\User\globalStorage\github.copilot-chat\debugCommand;c:\Users\USER\AppData\Roaming\Code\User\globalStorage\github.copilot-chat\copilotCli;C:\Program Files\Common Files\Oracle\Java\javapath;C:\Python313\Scripts\;C:\Python313\;C:\WINDOWS\system32;C:\WINDOWS;C:\WINDOWS\System32\Wbem;C:\WINDOWS\System32\WindowsPowerShell\v1.0\;C:\WINDOWS\System32\OpenSSH\;C:\ProgramData\chocolatey\bin;C:\Program Files\Intel\WiFi\bin\;C:\Program Files\Common Files\Intel\WirelessCommon\;C:\Program Files\Git\cmd;adb devices;C:\Users\USER\AppData\Local\Android\Sdk\platform-tools;C:\Users\USER\AppData\Local\Android\Sdk\emulator;C:\Users\USER\AppData\Local\Android\Sdk\tools;C:\Users\USER\AppData\Local\Android\Sdk\tools\bin;C:\Program Files\Amazon\AWSCLIV2\;%NVM_HOME%;%NVM_SYMLINK%;C:\Users\USER\AppData\Local\Microsoft\WindowsApps;C:\Users\USER\AppData\Roaming\npm;C:\Users\USER\AppData\Local\Programs\Microsoft VS Code\bin;C:\Users\USER\AppData\Local\Android\Sdk\platform-tools;C:\Users\USER\AppData\Local\Microsoft\WinGet\Packages\chmln.sd_Microsoft.Winget.Source_8wekyb3d8bbwe\sd-v1.0.0-x86_64-pc-windows-msvc;C:\Users\USER\AppData\Local\nvm;C:\nvm4w\nodejs
USERNAME=USER
LANG=en_US.UTF-8
OS=Windows_NT
PROCESSOR_IDENTIFIER=Intel64 Family 6 Model 142 Stepping 10, GenuineIntel



---------------  S Y S T E M  ---------------

OS:
 Windows 11 , 64 bit Build 26100 (10.0.26100.8875)
OS uptime: 10 days 5:01 hours

CPU: total 8 (initial active 8) (4 cores per cpu, 2 threads per core) family 6 model 142 stepping 10 microcode 0xf6, cx8, cmov, fxsr, ht, mmx, 3dnowpref, sse, sse2, sse3, ssse3, sse4.1, sse4.2, popcnt, lzcnt, tsc, tscinvbit, avx, avx2, aes, erms, clmul, bmi1, bmi2, rtm, adx, fma, vzeroupper, clflush, clflushopt

Memory: 4k page, system-wide physical 8067M (55M free)
TotalPageFile size 23317M (AvailPageFile size 0M)
current process WorkingSet (physical memory assigned to process): 605M, peak: 993M
current process commit charge ("private bytes"): 1381M, peak: 1383M

vm_info: Java HotSpot(TM) 64-Bit Server VM (17.0.12+8-LTS-286) for windows-amd64 JRE (17.0.12+8-LTS-286), built on Jun  5 2024 06:46:59 by "mach5one" with MS VC++ 17.6 (VS2022)

END.
