#
# There is insufficient memory for the Java Runtime Environment to continue.
# Native memory allocation (malloc) failed to allocate 1509776 bytes for Chunk::new
# Possible reasons:
#   The system is out of physical RAM or swap space
#   The process is running with CompressedOops enabled, and the Java Heap may be blocking the growth of the native heap
# Possible solutions:
#   Reduce memory load on the system
#   Increase physical memory or swap space
#   Check if swap backing store is full
#   Decrease Java heap size (-Xmx/-Xms)
#   Decrease number of Java threads
#   Decrease Java thread stack sizes (-Xss)
#   Set larger code cache with -XX:ReservedCodeCacheSize=
#   JVM is running with Zero Based Compressed Oops mode in which the Java heap is
#     placed in the first 32GB address space. The Java Heap base address is the
#     maximum limit for the native heap growth. Please use -XX:HeapBaseMinAddress
#     to set the Java Heap base and to place the Java Heap above 32GB virtual address.
# This output file may be truncated or incomplete.
#
#  Out of Memory Error (arena.cpp:189), pid=21144, tid=16256
#
# JRE version: Java(TM) SE Runtime Environment (17.0.12+8) (build 17.0.12+8-LTS-286)
# Java VM: Java HotSpot(TM) 64-Bit Server VM (17.0.12+8-LTS-286, mixed mode, sharing, tiered, compressed oops, compressed class ptrs, g1 gc, windows-amd64)
# No core dump will be written. Minidumps are not enabled by default on client versions of Windows
#

---------------  S U M M A R Y ------------

Command Line: --add-opens=java.base/java.lang=ALL-UNNAMED --add-opens=java.base/java.lang.invoke=ALL-UNNAMED --add-opens=java.base/java.util=ALL-UNNAMED --add-opens=java.prefs/java.util.prefs=ALL-UNNAMED --add-exports=jdk.compiler/com.sun.tools.javac.api=ALL-UNNAMED --add-exports=jdk.compiler/com.sun.tools.javac.util=ALL-UNNAMED --add-opens=java.base/java.util=ALL-UNNAMED --add-opens=java.prefs/java.util.prefs=ALL-UNNAMED --add-opens=java.base/java.nio.charset=ALL-UNNAMED --add-opens=java.base/java.net=ALL-UNNAMED --add-opens=java.base/java.util.concurrent.atomic=ALL-UNNAMED --add-opens=java.xml/javax.xml.namespace=ALL-UNNAMED -XX:+HeapDumpOnOutOfMemoryError -Xmx4096m -Dfile.encoding=windows-1252 -Duser.country=US -Duser.language=en -Duser.variant -javaagent:C:\Users\USER\.gradle\wrapper\dists\gradle-8.14.3-bin\cv11ve7ro1n3o1j4so8xd9n66\gradle-8.14.3\lib\agents\gradle-instrumentation-agent-8.14.3.jar org.gradle.launcher.daemon.bootstrap.GradleDaemon 8.14.3

Host: Intel(R) Core(TM) i5-8350U CPU @ 1.70GHz, 8 cores, 7G,  Windows 11 , 64 bit Build 26100 (10.0.26100.8875)
Time: Fri Jul 31 11:58:20 2026 E. Africa Standard Time elapsed time: 160.794507 seconds (0d 0h 2m 40s)

---------------  T H R E A D  ---------------

Current thread (0x000001db633c13a0):  JavaThread "C2 CompilerThread0" daemon [_thread_in_native, id=16256, stack(0x000000b891c00000,0x000000b891d00000)]


Current CompileTask:
C2: 160795 29628       4       org.gradle.internal.snapshot.impl.SnapshotSerializer::read (619 bytes)

Stack: [0x000000b891c00000,0x000000b891d00000]
Native frames: (J=compiled Java code, j=interpreted, Vv=VM code, C=native code)
V  [jvm.dll+0x67a04a]
V  [jvm.dll+0x7da4ed]
V  [jvm.dll+0x7dbe33]
V  [jvm.dll+0x7dc4a3]
V  [jvm.dll+0x24508f]
V  [jvm.dll+0xab773]
V  [jvm.dll+0xabd3c]
V  [jvm.dll+0x361b9f]
V  [jvm.dll+0x32c431]
V  [jvm.dll+0x32b8ca]
V  [jvm.dll+0x21683f]
V  [jvm.dll+0x215c6f]
V  [jvm.dll+0x1a2960]
V  [jvm.dll+0x22610b]
V  [jvm.dll+0x2242ab]
V  [jvm.dll+0x79075c]
V  [jvm.dll+0x78abea]
V  [jvm.dll+0x678f35]
C  [ucrtbase.dll+0x2cd30]
C  [KERNEL32.DLL+0x2e957]
C  [ntdll.dll+0xaad6c]


---------------  P R O C E S S  ---------------

Threads class SMR info:
_java_thread_list=0x000001dbb4bdffd0, length=166, elements={
0x000001db3e7d56a0, 0x000001db6339f3d0, 0x000001db6339fea0, 0x000001db633b9d00,
0x000001db633ba5d0, 0x000001db633bbeb0, 0x000001db633bc780, 0x000001db633c13a0,
0x000001db633d4a20, 0x000001db633e5af0, 0x000001db6338a4a0, 0x000001db636aab60,
0x000001dbaa4f36f0, 0x000001dba9a418e0, 0x000001dba9d054c0, 0x000001dbaa7bca60,
0x000001dbaa7ec950, 0x000001dba9abf080, 0x000001dba9ac2320, 0x000001dba9ac09d0,
0x000001dba9ac04c0, 0x000001dba9ac0ee0, 0x000001dba9ac13f0, 0x000001dba9abfaa0,
0x000001dba9ac1900, 0x000001dba9ac2830, 0x000001dba9abf590, 0x000001dba9abffb0,
0x000001dbad151c40, 0x000001dbad151220, 0x000001dbad151730, 0x000001dbad153080,
0x000001dbad1544c0, 0x000001dbad153590, 0x000001dbad154ee0, 0x000001dbad153aa0,
0x000001dbad153fb0, 0x000001dbad1553f0, 0x000001dbad155900, 0x000001dbad155e10,
0x000001dbad152660, 0x000001dbad152b70, 0x000001dbad156d40, 0x000001dbad156830,
0x000001dbad157250, 0x000001dbad158690, 0x000001dbad157760, 0x000001dbad157c70,
0x000001dbad158180, 0x000001dbad158ba0, 0x000001dbab140060, 0x000001dbab140a80,
0x000001dbab1414a0, 0x000001dbab140f90, 0x000001dbab1423d0, 0x000001dbab143d20,
0x000001dbab1419b0, 0x000001dbab143810, 0x000001dbab141ec0, 0x000001dbab1428e0,
0x000001dbab142df0, 0x000001dbab143300, 0x000001dbab140570, 0x000001dbab146fc0,
0x000001dbab145670, 0x000001dbab144740, 0x000001dbab144c50, 0x000001dbab1479e0,
0x000001dbab146090, 0x000001dbab1474d0, 0x000001dbab145b80, 0x000001dbab144230,
0x000001dbab145160, 0x000001dbad01a770, 0x000001dbad019d50, 0x000001dbad018910,
0x000001dbad01ac80, 0x000001dbad018e20, 0x000001dbad01bbb0, 0x000001dbad019330,
0x000001dbad019840, 0x000001dbad01b6a0, 0x000001dbad018400, 0x000001dbad01b190,
0x000001dbad01c0c0, 0x000001dbad01c5d0, 0x000001dbad01cff0, 0x000001dbad01d500,
0x000001dbad01da10, 0x000001dbad01a260, 0x000001dbad01e940, 0x000001dbad01df20,
0x000001dbad01e430, 0x000001dbad01ee50, 0x000001dbad01cae0, 0x000001dbad01f360,
0x000001dbad01f870, 0x000001dbabf96640, 0x000001dbabf95200, 0x000001dbabf933a0,
0x000001dbabf92e90, 0x000001dbabf938b0, 0x000001dbabf96130, 0x000001dbabf942d0,
0x000001dbabf93dc0, 0x000001dbabf97f90, 0x000001dbabf95c20, 0x000001dbabf97a80,
0x000001dbabf947e0, 0x000001dbabf99df0, 0x000001dbabf984a0, 0x000001dbabf9a300,
0x000001dbabf989b0, 0x000001dbabf9a810, 0x000001dbabf98ec0, 0x000001dbabf993d0,
0x000001dbabf998e0, 0x000001dbae926260, 0x000001dbae927190, 0x000001dbae923ef0,
0x000001dbae926c80, 0x000001dbae926770, 0x000001dbae924400, 0x000001dbae9239e0,
0x000001dbae9276a0, 0x000001dbae927bb0, 0x000001dbae924e20, 0x000001dbae9280c0,
0x000001dbae924910, 0x000001dbae9285d0, 0x000001dbae928ae0, 0x000001dbae925840,
0x000001dbae925d50, 0x000001dbae925330, 0x000001dbae929500, 0x000001dbae929a10,
0x000001dbae928ff0, 0x000001dbae929f20, 0x000001dbae92ae50, 0x000001dbae92b360,
0x000001dbad9432d0, 0x000001dbad940a50, 0x000001dbad9423a0, 0x000001dbad940030,
0x000001dbad940f60, 0x000001dbad941980, 0x000001dbad9428b0, 0x000001dbadc9fe10,
0x000001dbadc9cb70, 0x000001dbadc9d080, 0x000001dbadc9f900, 0x000001dbadca0830,
0x000001dbadca1250, 0x000001dbb49f7c70, 0x000001dbb49f8690, 0x000001dbb49fb930,
0x000001dbb49fc350, 0x000001dbb49f90b0, 0x000001dbb49fcd70, 0x000001dbb49fdca0,
0x000001dbb49fd280, 0x000001dbb49fe6c0, 0x000001dbb49fc860, 0x000001dbadca1c70,
0x000001dbadca2180, 0x000001dbad941470
}

Java Threads: ( => current thread )
  0x000001db3e7d56a0 JavaThread "main" [_thread_blocked, id=21208, stack(0x000000b890f00000,0x000000b891000000)]
  0x000001db6339f3d0 JavaThread "Reference Handler" daemon [_thread_blocked, id=6792, stack(0x000000b891600000,0x000000b891700000)]
  0x000001db6339fea0 JavaThread "Finalizer" daemon [_thread_blocked, id=15956, stack(0x000000b891700000,0x000000b891800000)]
  0x000001db633b9d00 JavaThread "Signal Dispatcher" daemon [_thread_blocked, id=16596, stack(0x000000b891800000,0x000000b891900000)]
  0x000001db633ba5d0 JavaThread "Attach Listener" daemon [_thread_blocked, id=9880, stack(0x000000b891900000,0x000000b891a00000)]
  0x000001db633bbeb0 JavaThread "Service Thread" daemon [_thread_blocked, id=25692, stack(0x000000b891a00000,0x000000b891b00000)]
  0x000001db633bc780 JavaThread "Monitor Deflation Thread" daemon [_thread_blocked, id=9760, stack(0x000000b891b00000,0x000000b891c00000)]
=>0x000001db633c13a0 JavaThread "C2 CompilerThread0" daemon [_thread_in_native, id=16256, stack(0x000000b891c00000,0x000000b891d00000)]
  0x000001db633d4a20 JavaThread "C1 CompilerThread0" daemon [_thread_blocked, id=27372, stack(0x000000b891d00000,0x000000b891e00000)]
  0x000001db633e5af0 JavaThread "Sweeper thread" daemon [_thread_blocked, id=25316, stack(0x000000b891e00000,0x000000b891f00000)]
  0x000001db6338a4a0 JavaThread "Common-Cleaner" daemon [_thread_blocked, id=2828, stack(0x000000b891f00000,0x000000b892000000)]
  0x000001db636aab60 JavaThread "Notification Thread" daemon [_thread_blocked, id=12416, stack(0x000000b892000000,0x000000b892100000)]
  0x000001dbaa4f36f0 JavaThread "Daemon health stats" [_thread_blocked, id=3068, stack(0x000000b892700000,0x000000b892800000)]
  0x000001dba9a418e0 JavaThread "Incoming local TCP Connector on port 52858" [_thread_in_native, id=6256, stack(0x000000b892400000,0x000000b892500000)]
  0x000001dba9d054c0 JavaThread "Daemon periodic checks" [_thread_blocked, id=20672, stack(0x000000b892800000,0x000000b892900000)]
  0x000001dbaa7bca60 JavaThread "Daemon" [_thread_blocked, id=10820, stack(0x000000b892900000,0x000000b892a00000)]
  0x000001dbaa7ec950 JavaThread "Handler for socket connection from /127.0.0.1:52858 to /127.0.0.1:52859" [_thread_in_native, id=12444, stack(0x000000b892a00000,0x000000b892b00000)]
  0x000001dba9abf080 JavaThread "Cancel handler" [_thread_blocked, id=8816, stack(0x000000b892b00000,0x000000b892c00000)]
  0x000001dba9ac2320 JavaThread "Daemon worker" [_thread_blocked, id=1804, stack(0x000000b892c00000,0x000000b892d00000)]
  0x000001dba9ac09d0 JavaThread "Asynchronous log dispatcher for DefaultDaemonConnection: socket connection from /127.0.0.1:52858 to /127.0.0.1:52859" [_thread_in_native, id=18368, stack(0x000000b892d00000,0x000000b892e00000)]
  0x000001dba9ac04c0 JavaThread "Stdin handler" [_thread_blocked, id=372, stack(0x000000b892e00000,0x000000b892f00000)]
  0x000001dba9ac0ee0 JavaThread "Daemon client event forwarder" [_thread_blocked, id=11628, stack(0x000000b892f00000,0x000000b893000000)]
  0x000001dba9ac13f0 JavaThread "Cache worker for journal cache (C:\Users\USER\.gradle\caches\journal-1)" [_thread_blocked, id=22840, stack(0x000000b893000000,0x000000b893100000)]
  0x000001dba9abfaa0 JavaThread "File lock request listener" [_thread_in_native, id=24988, stack(0x000000b893100000,0x000000b893200000)]
  0x000001dba9ac1900 JavaThread "Cache worker for file hash cache (C:\Users\USER\.gradle\caches\8.14.3\fileHashes)" [_thread_blocked, id=20988, stack(0x000000b893300000,0x000000b893400000)]
  0x000001dba9ac2830 JavaThread "Cache worker for file hash cache (D:\mifedha1a18\android\.gradle\8.14.3\fileHashes)" [_thread_blocked, id=19400, stack(0x000000b893700000,0x000000b893800000)]
  0x000001dba9abf590 JavaThread "Cache worker for Build Output Cleanup Cache (D:\mifedha1a18\android\.gradle\buildOutputCleanup)" [_thread_blocked, id=18052, stack(0x000000b893800000,0x000000b893900000)]
  0x000001dba9abffb0 JavaThread "File watcher server" daemon [_thread_in_native, id=17936, stack(0x000000b893900000,0x000000b893a00000)]
  0x000001dbad151c40 JavaThread "File watcher consumer" daemon [_thread_blocked, id=25868, stack(0x000000b893a00000,0x000000b893b00000)]
  0x000001dbad151220 JavaThread "jar transforms" [_thread_blocked, id=9580, stack(0x000000b893b00000,0x000000b893c00000)]
  0x000001dbad151730 JavaThread "Cache worker for checksums cache (D:\mifedha1a18\android\.gradle\8.14.3\checksums)" [_thread_blocked, id=14432, stack(0x000000b893c00000,0x000000b893d00000)]
  0x000001dbad153080 JavaThread "Cache worker for file content cache (C:\Users\USER\.gradle\caches\8.14.3\fileContent)" [_thread_blocked, id=21800, stack(0x000000b893d00000,0x000000b893e00000)]
  0x000001dbad1544c0 JavaThread "Exec process" [_thread_in_native, id=15424, stack(0x000000b893f00000,0x000000b894000000)]
  0x000001dbad153590 JavaThread "Exec process Thread 2" [_thread_in_native, id=24692, stack(0x000000b894000000,0x000000b894100000)]
  0x000001dbad154ee0 JavaThread "Exec process Thread 3" [_thread_in_native, id=19376, stack(0x000000b894100000,0x000000b894200000)]
  0x000001dbad153aa0 JavaThread "Cache worker for cache directory md-supplier (C:\Users\USER\.gradle\caches\8.14.3\md-supplier)" [_thread_blocked, id=17728, stack(0x000000b894200000,0x000000b894300000)]
  0x000001dbad153fb0 JavaThread "Cache worker for cache directory md-rule (C:\Users\USER\.gradle\caches\8.14.3\md-rule)" [_thread_blocked, id=8452, stack(0x000000b894300000,0x000000b894400000)]
  0x000001dbad1553f0 JavaThread "Cache worker for Build Output Cleanup Cache (D:\mifedha1a18\node_modules\@react-native\gradle-plugin\.gradle\buildOutputCleanup)" [_thread_blocked, id=24176, stack(0x000000b894400000,0x000000b894500000)]
  0x000001dbad155900 JavaThread "Unconstrained build operations" [_thread_blocked, id=11972, stack(0x000000b894500000,0x000000b894600000)]
  0x000001dbad155e10 JavaThread "Unconstrained build operations Thread 2" [_thread_blocked, id=2428, stack(0x000000b894600000,0x000000b894700000)]
  0x000001dbad152660 JavaThread "Unconstrained build operations Thread 3" [_thread_blocked, id=25340, stack(0x000000b894700000,0x000000b894800000)]
  0x000001dbad152b70 JavaThread "Unconstrained build operations Thread 4" [_thread_blocked, id=17144, stack(0x000000b894800000,0x000000b894900000)]
  0x000001dbad156d40 JavaThread "Unconstrained build operations Thread 5" [_thread_blocked, id=7204, stack(0x000000b894900000,0x000000b894a00000)]
  0x000001dbad156830 JavaThread "Unconstrained build operations Thread 6" [_thread_blocked, id=14800, stack(0x000000b894a00000,0x000000b894b00000)]
  0x000001dbad157250 JavaThread "Cache worker for Build Output Cleanup Cache (D:\mifedha1a18\node_modules\expo-modules-autolinking\android\expo-gradle-plugin\.gradle\buildOutputCleanup)" [_thread_blocked, id=13612, stack(0x000000b893e00000,0x000000b893f00000)]
  0x000001dbad158690 JavaThread "Unconstrained build operations Thread 7" [_thread_blocked, id=9724, stack(0x000000b894b00000,0x000000b894c00000)]
  0x000001dbad157760 JavaThread "Unconstrained build operations Thread 8" [_thread_blocked, id=26008, stack(0x000000b894c00000,0x000000b894d00000)]
  0x000001dbad157c70 JavaThread "Unconstrained build operations Thread 9" [_thread_blocked, id=22828, stack(0x000000b894d00000,0x000000b894e00000)]
  0x000001dbad158180 JavaThread "Unconstrained build operations Thread 10" [_thread_blocked, id=6588, stack(0x000000b894e00000,0x000000b894f00000)]
  0x000001dbad158ba0 JavaThread "Unconstrained build operations Thread 11" [_thread_blocked, id=27468, stack(0x000000b894f00000,0x000000b895000000)]
  0x000001dbab140060 JavaThread "Unconstrained build operations Thread 12" [_thread_blocked, id=14548, stack(0x000000b895000000,0x000000b895100000)]
  0x000001dbab140a80 JavaThread "Unconstrained build operations Thread 13" [_thread_blocked, id=16404, stack(0x000000b895100000,0x000000b895200000)]
  0x000001dbab1414a0 JavaThread "Unconstrained build operations Thread 14" [_thread_blocked, id=4292, stack(0x000000b895200000,0x000000b895300000)]
  0x000001dbab140f90 JavaThread "Unconstrained build operations Thread 15" [_thread_blocked, id=25124, stack(0x000000b895300000,0x000000b895400000)]
  0x000001dbab1423d0 JavaThread "Unconstrained build operations Thread 16" [_thread_blocked, id=27288, stack(0x000000b895400000,0x000000b895500000)]
  0x000001dbab143d20 JavaThread "Unconstrained build operations Thread 17" [_thread_blocked, id=3036, stack(0x000000b895500000,0x000000b895600000)]
  0x000001dbab1419b0 JavaThread "Unconstrained build operations Thread 18" [_thread_blocked, id=14768, stack(0x000000b895600000,0x000000b895700000)]
  0x000001dbab143810 JavaThread "Unconstrained build operations Thread 19" [_thread_blocked, id=15220, stack(0x000000b895700000,0x000000b895800000)]
  0x000001dbab141ec0 JavaThread "Unconstrained build operations Thread 20" [_thread_blocked, id=26140, stack(0x000000b895800000,0x000000b895900000)]
  0x000001dbab1428e0 JavaThread "Unconstrained build operations Thread 21" [_thread_blocked, id=15596, stack(0x000000b895900000,0x000000b895a00000)]
  0x000001dbab142df0 JavaThread "Unconstrained build operations Thread 22" [_thread_blocked, id=25616, stack(0x000000b895a00000,0x000000b895b00000)]
  0x000001dbab143300 JavaThread "Unconstrained build operations Thread 23" [_thread_blocked, id=24688, stack(0x000000b895b00000,0x000000b895c00000)]
  0x000001dbab140570 JavaThread "Unconstrained build operations Thread 24" [_thread_blocked, id=22776, stack(0x000000b895c00000,0x000000b895d00000)]
  0x000001dbab146fc0 JavaThread "Unconstrained build operations Thread 25" [_thread_blocked, id=5064, stack(0x000000b895d00000,0x000000b895e00000)]
  0x000001dbab145670 JavaThread "Unconstrained build operations Thread 26" [_thread_blocked, id=4072, stack(0x000000b895e00000,0x000000b895f00000)]
  0x000001dbab144740 JavaThread "Unconstrained build operations Thread 27" [_thread_blocked, id=4820, stack(0x000000b895f00000,0x000000b896000000)]
  0x000001dbab144c50 JavaThread "build event listener" [_thread_blocked, id=26904, stack(0x000000b896000000,0x000000b896100000)]
  0x000001dbab1479e0 JavaThread "Memory manager" [_thread_blocked, id=14636, stack(0x000000b896100000,0x000000b896200000)]
  0x000001dbab146090 JavaThread "Unconstrained build operations Thread 28" [_thread_blocked, id=9428, stack(0x000000b896200000,0x000000b896300000)]
  0x000001dbab1474d0 JavaThread "Unconstrained build operations Thread 29" [_thread_blocked, id=8896, stack(0x000000b896300000,0x000000b896400000)]
  0x000001dbab145b80 JavaThread "Unconstrained build operations Thread 30" [_thread_blocked, id=21360, stack(0x000000b896400000,0x000000b896500000)]
  0x000001dbab144230 JavaThread "Unconstrained build operations Thread 31" [_thread_blocked, id=15636, stack(0x000000b896500000,0x000000b896600000)]
  0x000001dbab145160 JavaThread "Unconstrained build operations Thread 32" [_thread_blocked, id=20920, stack(0x000000b896600000,0x000000b896700000)]
  0x000001dbad01a770 JavaThread "Unconstrained build operations Thread 33" [_thread_blocked, id=16052, stack(0x000000b896700000,0x000000b896800000)]
  0x000001dbad019d50 JavaThread "Unconstrained build operations Thread 34" [_thread_blocked, id=23556, stack(0x000000b896800000,0x000000b896900000)]
  0x000001dbad018910 JavaThread "build event listener" [_thread_blocked, id=14640, stack(0x000000b896900000,0x000000b896a00000)]
  0x000001dbad01ac80 JavaThread "Unconstrained build operations Thread 35" [_thread_blocked, id=19264, stack(0x000000b896a00000,0x000000b896b00000)]
  0x000001dbad018e20 JavaThread "Unconstrained build operations Thread 36" [_thread_blocked, id=19364, stack(0x000000b896b00000,0x000000b896c00000)]
  0x000001dbad01bbb0 JavaThread "Unconstrained build operations Thread 37" [_thread_blocked, id=26300, stack(0x000000b896c00000,0x000000b896d00000)]
  0x000001dbad019330 JavaThread "Unconstrained build operations Thread 38" [_thread_blocked, id=10460, stack(0x000000b896d00000,0x000000b896e00000)]
  0x000001dbad019840 JavaThread "Unconstrained build operations Thread 39" [_thread_blocked, id=10000, stack(0x000000b896e00000,0x000000b896f00000)]
  0x000001dbad01b6a0 JavaThread "Unconstrained build operations Thread 40" [_thread_blocked, id=11716, stack(0x000000b896f00000,0x000000b897000000)]
  0x000001dbad018400 JavaThread "Unconstrained build operations Thread 41" [_thread_blocked, id=6980, stack(0x000000b897000000,0x000000b897100000)]
  0x000001dbad01b190 JavaThread "Unconstrained build operations Thread 42" [_thread_blocked, id=22396, stack(0x000000b897100000,0x000000b897200000)]
  0x000001dbad01c0c0 JavaThread "Unconstrained build operations Thread 43" [_thread_blocked, id=5088, stack(0x000000b897200000,0x000000b897300000)]
  0x000001dbad01c5d0 JavaThread "Unconstrained build operations Thread 44" [_thread_blocked, id=5200, stack(0x000000b897300000,0x000000b897400000)]
  0x000001dbad01cff0 JavaThread "Unconstrained build operations Thread 45" [_thread_blocked, id=22176, stack(0x000000b897400000,0x000000b897500000)]
  0x000001dbad01d500 JavaThread "Unconstrained build operations Thread 46" [_thread_blocked, id=12028, stack(0x000000b897500000,0x000000b897600000)]
  0x000001dbad01da10 JavaThread "Unconstrained build operations Thread 47" [_thread_blocked, id=16424, stack(0x000000b897600000,0x000000b897700000)]
  0x000001dbad01a260 JavaThread "Unconstrained build operations Thread 48" [_thread_blocked, id=26268, stack(0x000000b897700000,0x000000b897800000)]
  0x000001dbad01e940 JavaThread "Unconstrained build operations Thread 49" [_thread_blocked, id=15936, stack(0x000000b897800000,0x000000b897900000)]
  0x000001dbad01df20 JavaThread "Unconstrained build operations Thread 50" [_thread_blocked, id=4704, stack(0x000000b897900000,0x000000b897a00000)]
  0x000001dbad01e430 JavaThread "Unconstrained build operations Thread 51" [_thread_blocked, id=8900, stack(0x000000b897a00000,0x000000b897b00000)]
  0x000001dbad01ee50 JavaThread "Unconstrained build operations Thread 52" [_thread_blocked, id=18636, stack(0x000000b897b00000,0x000000b897c00000)]
  0x000001dbad01cae0 JavaThread "Unconstrained build operations Thread 53" [_thread_blocked, id=15208, stack(0x000000b897c00000,0x000000b897d00000)]
  0x000001dbad01f360 JavaThread "Unconstrained build operations Thread 54" [_thread_blocked, id=23760, stack(0x000000b897d00000,0x000000b897e00000)]
  0x000001dbad01f870 JavaThread "Unconstrained build operations Thread 55" [_thread_blocked, id=12172, stack(0x000000b897e00000,0x000000b897f00000)]
  0x000001dbabf96640 JavaThread "ForkJoinPool.commonPool-worker-1" daemon [_thread_blocked, id=12104, stack(0x000000b898100000,0x000000b898200000)]
  0x000001dbabf95200 JavaThread "ForkJoinPool.commonPool-worker-2" daemon [_thread_blocked, id=10900, stack(0x000000b898200000,0x000000b898300000)]
  0x000001dbabf933a0 JavaThread "ForkJoinPool.commonPool-worker-3" daemon [_thread_blocked, id=25460, stack(0x000000b898300000,0x000000b898400000)]
  0x000001dbabf92e90 JavaThread "ForkJoinPool.commonPool-worker-4" daemon [_thread_blocked, id=25764, stack(0x000000b898400000,0x000000b898500000)]
  0x000001dbabf938b0 JavaThread "ForkJoinPool.commonPool-worker-5" daemon [_thread_blocked, id=18964, stack(0x000000b898500000,0x000000b898600000)]
  0x000001dbabf96130 JavaThread "ForkJoinPool.commonPool-worker-7" daemon [_thread_blocked, id=27596, stack(0x000000b898700000,0x000000b898800000)]
  0x000001dbabf942d0 JavaThread "Execution worker" [_thread_blocked, id=15092, stack(0x000000b898a00000,0x000000b898b00000)]
  0x000001dbabf93dc0 JavaThread "Execution worker Thread 2" [_thread_in_Java, id=26064, stack(0x000000b898b00000,0x000000b898c00000)]
  0x000001dbabf97f90 JavaThread "Execution worker Thread 3" [_thread_blocked, id=10388, stack(0x000000b898c00000,0x000000b898d00000)]
  0x000001dbabf95c20 JavaThread "Execution worker Thread 4" [_thread_blocked, id=19040, stack(0x000000b898d00000,0x000000b898e00000)]
  0x000001dbabf97a80 JavaThread "Execution worker Thread 5" [_thread_blocked, id=25744, stack(0x000000b898e00000,0x000000b898f00000)]
  0x000001dbabf947e0 JavaThread "Execution worker Thread 6" [_thread_blocked, id=23808, stack(0x000000b898f00000,0x000000b899000000)]
  0x000001dbabf99df0 JavaThread "Execution worker Thread 7" [_thread_blocked, id=13084, stack(0x000000b899000000,0x000000b899100000)]
  0x000001dbabf984a0 JavaThread "Cache worker for execution history cache (D:\mifedha1a18\node_modules\@react-native\gradle-plugin\.gradle\8.14.3\executionHistory)" [_thread_blocked, id=5980, stack(0x000000b899100000,0x000000b899200000)]
  0x000001dbabf9a300 JavaThread "Cache worker for execution history cache (D:\mifedha1a18\node_modules\expo-modules-autolinking\android\expo-gradle-plugin\.gradle\8.14.3\executionHistory)" [_thread_blocked, id=5224, stack(0x000000b899200000,0x000000b899300000)]
  0x000001dbabf989b0 JavaThread "Unconstrained build operations Thread 56" [_thread_blocked, id=16420, stack(0x000000b899300000,0x000000b899400000)]
  0x000001dbabf9a810 JavaThread "Unconstrained build operations Thread 57" [_thread_blocked, id=20124, stack(0x000000b899400000,0x000000b899500000)]
  0x000001dbabf98ec0 JavaThread "Unconstrained build operations Thread 58" [_thread_blocked, id=27040, stack(0x000000b899500000,0x000000b899600000)]
  0x000001dbabf993d0 JavaThread "Unconstrained build operations Thread 59" [_thread_in_native, id=23036, stack(0x000000b899600000,0x000000b899700000)]
  0x000001dbabf998e0 JavaThread "Unconstrained build operations Thread 60" [_thread_blocked, id=26332, stack(0x000000b899700000,0x000000b899800000)]
  0x000001dbae926260 JavaThread "Unconstrained build operations Thread 61" [_thread_blocked, id=15072, stack(0x000000b899800000,0x000000b899900000)]
  0x000001dbae927190 JavaThread "Unconstrained build operations Thread 62" [_thread_blocked, id=16160, stack(0x000000b899900000,0x000000b899a00000)]
  0x000001dbae923ef0 JavaThread "Unconstrained build operations Thread 63" [_thread_blocked, id=10588, stack(0x000000b899a00000,0x000000b899b00000)]
  0x000001dbae926c80 JavaThread "Unconstrained build operations Thread 64" [_thread_blocked, id=14680, stack(0x000000b899b00000,0x000000b899c00000)]
  0x000001dbae926770 JavaThread "Unconstrained build operations Thread 65" [_thread_blocked, id=12700, stack(0x000000b899c00000,0x000000b899d00000)]
  0x000001dbae924400 JavaThread "Unconstrained build operations Thread 66" [_thread_blocked, id=9228, stack(0x000000b899d00000,0x000000b899e00000)]
  0x000001dbae9239e0 JavaThread "Unconstrained build operations Thread 67" [_thread_blocked, id=25584, stack(0x000000b899e00000,0x000000b899f00000)]
  0x000001dbae9276a0 JavaThread "Unconstrained build operations Thread 68" [_thread_blocked, id=14932, stack(0x000000b899f00000,0x000000b89a000000)]
  0x000001dbae927bb0 JavaThread "Unconstrained build operations Thread 69" [_thread_blocked, id=11136, stack(0x000000b89a000000,0x000000b89a100000)]
  0x000001dbae924e20 JavaThread "Unconstrained build operations Thread 70" [_thread_blocked, id=12180, stack(0x000000b89a100000,0x000000b89a200000)]
  0x000001dbae9280c0 JavaThread "Unconstrained build operations Thread 71" [_thread_blocked, id=8688, stack(0x000000b89a200000,0x000000b89a300000)]
  0x000001dbae924910 JavaThread "Unconstrained build operations Thread 72" [_thread_blocked, id=27620, stack(0x000000b89a300000,0x000000b89a400000)]
  0x000001dbae9285d0 JavaThread "Unconstrained build operations Thread 73" [_thread_blocked, id=20004, stack(0x000000b89a400000,0x000000b89a500000)]
  0x000001dbae928ae0 JavaThread "Unconstrained build operations Thread 74" [_thread_blocked, id=14412, stack(0x000000b89a500000,0x000000b89a600000)]
  0x000001dbae925840 JavaThread "Unconstrained build operations Thread 75" [_thread_blocked, id=3112, stack(0x000000b89a600000,0x000000b89a700000)]
  0x000001dbae925d50 JavaThread "Unconstrained build operations Thread 76" [_thread_blocked, id=5216, stack(0x000000b89a700000,0x000000b89a800000)]
  0x000001dbae925330 JavaThread "Unconstrained build operations Thread 77" [_thread_blocked, id=27300, stack(0x000000b89a800000,0x000000b89a900000)]
  0x000001dbae929500 JavaThread "Unconstrained build operations Thread 78" [_thread_blocked, id=25304, stack(0x000000b89a900000,0x000000b89aa00000)]
  0x000001dbae929a10 JavaThread "Unconstrained build operations Thread 79" [_thread_blocked, id=21988, stack(0x000000b89aa00000,0x000000b89ab00000)]
  0x000001dbae928ff0 JavaThread "Unconstrained build operations Thread 80" [_thread_blocked, id=21884, stack(0x000000b89ab00000,0x000000b89ac00000)]
  0x000001dbae929f20 JavaThread "jar transforms Thread 2" [_thread_blocked, id=14632, stack(0x000000b89ac00000,0x000000b89ad00000)]
  0x000001dbae92ae50 JavaThread "Cache worker for Build Output Cleanup Cache (D:\mifedha1a18\node_modules\expo-modules-core\expo-module-gradle-plugin\.gradle\buildOutputCleanup)" [_thread_blocked, id=23664, stack(0x000000b89ad00000,0x000000b89ae00000)]
  0x000001dbae92b360 JavaThread "Cache worker for Build Output Cleanup Cache (D:\mifedha1a18\node_modules\expo-updates\expo-updates-gradle-plugin\.gradle\buildOutputCleanup)" [_thread_blocked, id=14380, stack(0x000000b89ae00000,0x000000b89af00000)]
  0x000001dbad9432d0 JavaThread "build event listener" [_thread_blocked, id=1712, stack(0x000000b89af00000,0x000000b89b000000)]
  0x000001dbad940a50 JavaThread "build event listener" [_thread_blocked, id=24748, stack(0x000000b89b000000,0x000000b89b100000)]
  0x000001dbad9423a0 JavaThread "jar transforms Thread 3" [_thread_blocked, id=25972, stack(0x000000b89b100000,0x000000b89b200000)]
  0x000001dbad940030 JavaThread "included builds Thread 3" [_thread_blocked, id=1472, stack(0x000000b89b200000,0x000000b89b300000)]
  0x000001dbad940f60 JavaThread "Cache worker for execution history cache (D:\mifedha1a18\node_modules\expo-modules-core\expo-module-gradle-plugin\.gradle\8.14.3\executionHistory)" [_thread_blocked, id=27140, stack(0x000000b89b400000,0x000000b89b500000)]
  0x000001dbad941980 JavaThread "Cache worker for execution history cache (D:\mifedha1a18\node_modules\expo-updates\expo-updates-gradle-plugin\.gradle\8.14.3\executionHistory)" [_thread_blocked, id=7404, stack(0x000000b89b500000,0x000000b89b600000)]
  0x000001dbad9428b0 JavaThread "jar transforms Thread 4" [_thread_blocked, id=11224, stack(0x000000b89b600000,0x000000b89b700000)]
  0x000001dbadc9fe10 JavaThread "jar transforms Thread 5" [_thread_blocked, id=24776, stack(0x000000b89b700000,0x000000b89b800000)]
  0x000001dbadc9cb70 JavaThread "jar transforms Thread 6" [_thread_blocked, id=21040, stack(0x000000b89b800000,0x000000b89b900000)]
  0x000001dbadc9d080 JavaThread "build event listener" [_thread_blocked, id=12596, stack(0x000000b89ba00000,0x000000b89bb00000)]
  0x000001dbadc9f900 JavaThread "jar transforms Thread 7" [_thread_blocked, id=14208, stack(0x000000b890d00000,0x000000b890e00000)]
  0x000001dbadca0830 JavaThread "jar transforms Thread 8" [_thread_blocked, id=22056, stack(0x000000b890e00000,0x000000b890f00000)]
  0x000001dbadca1250 JavaThread "Problems report writer" [_thread_blocked, id=27084, stack(0x000000b89bb00000,0x000000b89bc00000)]
  0x000001dbb49f7c70 JavaThread "ForkJoinPool.commonPool-worker-8" daemon [_thread_blocked, id=16360, stack(0x000000b890c00000,0x000000b890d00000)]
  0x000001dbb49f8690 JavaThread "pool-3-thread-1" [_thread_blocked, id=15468, stack(0x000000b898600000,0x000000b898700000)]
  0x000001dbb49fb930 JavaThread "build event listener" [_thread_blocked, id=9044, stack(0x000000b89bc00000,0x000000b89bd00000)]
  0x000001dbb49fc350 JavaThread "Cache worker for execution history cache (D:\mifedha1a18\android\.gradle\8.14.3\executionHistory)" [_thread_in_Java, id=4772, stack(0x000000b89bd00000,0x000000b89be00000)]
  0x000001dbb49f90b0 JavaThread "Exec process Thread 4" [_thread_in_native, id=25924, stack(0x000000b89be00000,0x000000b89bf00000)]
  0x000001dbb49fcd70 JavaThread "Exec process Thread 5" [_thread_in_native, id=26248, stack(0x000000b89bf00000,0x000000b89c000000)]
  0x000001dbb49fdca0 JavaThread "Exec process Thread 6" [_thread_in_native, id=24332, stack(0x000000b89c000000,0x000000b89c100000)]
  0x000001dbb49fd280 JavaThread "Exec process Thread 7" [_thread_in_native, id=24216, stack(0x000000b89c100000,0x000000b89c200000)]
  0x000001dbb49fe6c0 JavaThread "Exec process Thread 8" [_thread_in_native, id=25116, stack(0x000000b89c200000,0x000000b89c300000)]
  0x000001dbb49fc860 JavaThread "Exec process Thread 9" [_thread_in_native, id=26236, stack(0x000000b89c300000,0x000000b89c400000)]
  0x000001dbadca1c70 JavaThread "Exec process Thread 10" [_thread_in_native, id=6984, stack(0x000000b898800000,0x000000b898900000)]
  0x000001dbadca2180 JavaThread "Exec process Thread 11" [_thread_in_native, id=3152, stack(0x000000b898900000,0x000000b898a00000)]
  0x000001dbad941470 JavaThread "Exec process Thread 12" [_thread_in_native, id=1772, stack(0x000000b89b300000,0x000000b89b400000)]

Other Threads:
  0x000001db6339ad70 VMThread "VM Thread" [stack: 0x000000b891500000,0x000000b891600000] [id=9140]
  0x000001db63676cd0 WatcherThread [stack: 0x000000b892100000,0x000000b892200000] [id=26096]
  0x000001db3e842540 GCTaskThread "GC Thread#0" [stack: 0x000000b891000000,0x000000b891100000] [id=25232]
  0x000001dba911bf10 GCTaskThread "GC Thread#1" [stack: 0x000000b892200000,0x000000b892300000] [id=17540]
  0x000001dba911c1d0 GCTaskThread "GC Thread#2" [stack: 0x000000b892300000,0x000000b892400000] [id=18036]
  0x000001dba94fbcd0 GCTaskThread "GC Thread#3" [stack: 0x000000b892500000,0x000000b892600000] [id=15008]
  0x000001dbaa085fa0 GCTaskThread "GC Thread#4" [stack: 0x000000b892600000,0x000000b892700000] [id=22952]
  0x000001dbab3dcb60 GCTaskThread "GC Thread#5" [stack: 0x000000b893200000,0x000000b893300000] [id=6724]
  0x000001dbaa3612a0 GCTaskThread "GC Thread#6" [stack: 0x000000b893400000,0x000000b893500000] [id=24172]
  0x000001dbaa55cff0 GCTaskThread "GC Thread#7" [stack: 0x000000b893500000,0x000000b893600000] [id=17596]
  0x000001db3e8533a0 ConcurrentGCThread "G1 Main Marker" [stack: 0x000000b891100000,0x000000b891200000] [id=9532]
  0x000001db3e853cc0 ConcurrentGCThread "G1 Conc#0" [stack: 0x000000b891200000,0x000000b891300000] [id=15356]
  0x000001dbaadeb760 ConcurrentGCThread "G1 Conc#1" [stack: 0x000000b893600000,0x000000b893700000] [id=24308]
  0x000001db3e89ecc0 ConcurrentGCThread "G1 Refine#0" [stack: 0x000000b891300000,0x000000b891400000] [id=22768]
  0x000001dbada6af80 ConcurrentGCThread "G1 Refine#1" [stack: 0x000000b89b900000,0x000000b89ba00000] [id=3636]
  0x000001db63247d70 ConcurrentGCThread "G1 Service" [stack: 0x000000b891400000,0x000000b891500000] [id=8308]

Threads with active compile tasks:
C2 CompilerThread0   161070 29628       4       org.gradle.internal.snapshot.impl.SnapshotSerializer::read (619 bytes)

VM state: not at safepoint (normal execution)

VM Mutex/Monitor currently owned by a thread: None

Heap address: 0x0000000700000000, size: 4096 MB, Compressed Oops mode: Zero based, Oop shift amount: 3

CDS archive(s) mapped at: [0x000001db64000000-0x000001db64bd0000-0x000001db64bd0000), size 12386304, SharedBaseAddress: 0x000001db64000000, ArchiveRelocationMode: 1.
Compressed class space mapped at: 0x000001db65000000-0x000001dba5000000, reserved size: 1073741824
Narrow klass base: 0x000001db64000000, Narrow klass shift: 0, Narrow klass range: 0x100000000

GC Precious Log:
 CPUs: 8 total, 8 available
 Memory: 8067M
 Large Page Support: Disabled
 NUMA Support: Disabled
 Compressed Oops: Enabled (Zero based)
 Heap Region Size: 2M
 Heap Min Capacity: 8M
 Heap Initial Capacity: 128M
 Heap Max Capacity: 4G
 Pre-touch: Disabled
 Parallel Workers: 8
 Concurrent Workers: 2
 Concurrent Refinement Workers: 8
 Periodic GC: Disabled

Heap:
 garbage-first heap   total 1005568K, used 627493K [0x0000000700000000, 0x0000000800000000)
  region size 2048K, 70 young (143360K), 14 survivors (28672K)
 Metaspace       used 153470K, committed 156544K, reserved 1245184K
  class space    used 20701K, committed 22080K, reserved 1048576K

Heap Regions: E=young(eden), S=young(survivor), O=old, HS=humongous(starts), HC=humongous(continues), CS=collection set, F=free, OA=open archive, CA=closed archive, TAMS=top-at-mark-start (previous, next)
|   0|0x0000000700000000, 0x0000000700200000, 0x0000000700200000|100%|HS|  |TAMS 0x0000000700200000, 0x0000000700000000| Complete 
|   1|0x0000000700200000, 0x0000000700400000, 0x0000000700400000|100%|HC|  |TAMS 0x0000000700400000, 0x0000000700200000| Complete 
|   2|0x0000000700400000, 0x0000000700600000, 0x0000000700600000|100%| O|  |TAMS 0x0000000700600000, 0x0000000700400000| Untracked 
|   3|0x0000000700600000, 0x0000000700800000, 0x0000000700800000|100%| O|  |TAMS 0x0000000700800000, 0x0000000700600000| Untracked 
|   4|0x0000000700800000, 0x0000000700a00000, 0x0000000700a00000|100%| O|  |TAMS 0x0000000700a00000, 0x0000000700800000| Untracked 
|   5|0x0000000700a00000, 0x0000000700c00000, 0x0000000700c00000|100%| O|  |TAMS 0x0000000700c00000, 0x0000000700a00000| Untracked 
|   6|0x0000000700c00000, 0x0000000700e00000, 0x0000000700e00000|100%| O|  |TAMS 0x0000000700e00000, 0x0000000700c00000| Untracked 
|   7|0x0000000700e00000, 0x0000000701000000, 0x0000000701000000|100%| O|  |TAMS 0x0000000701000000, 0x0000000700e00000| Untracked 
|   8|0x0000000701000000, 0x0000000701200000, 0x0000000701200000|100%| O|  |TAMS 0x0000000701200000, 0x0000000701000000| Untracked 
|   9|0x0000000701200000, 0x0000000701400000, 0x0000000701400000|100%| O|  |TAMS 0x0000000701400000, 0x0000000701200000| Untracked 
|  10|0x0000000701400000, 0x0000000701600000, 0x0000000701600000|100%| O|  |TAMS 0x0000000701600000, 0x0000000701400000| Untracked 
|  11|0x0000000701600000, 0x0000000701800000, 0x0000000701800000|100%| O|  |TAMS 0x0000000701800000, 0x0000000701600000| Untracked 
|  12|0x0000000701800000, 0x0000000701a00000, 0x0000000701a00000|100%| O|  |TAMS 0x0000000701a00000, 0x0000000701800000| Untracked 
|  13|0x0000000701a00000, 0x0000000701c00000, 0x0000000701c00000|100%| O|  |TAMS 0x0000000701c00000, 0x0000000701a00000| Untracked 
|  14|0x0000000701c00000, 0x0000000701e00000, 0x0000000701e00000|100%| O|  |TAMS 0x0000000701e00000, 0x0000000701c00000| Untracked 
|  15|0x0000000701e00000, 0x0000000702000000, 0x0000000702000000|100%| O|  |TAMS 0x0000000702000000, 0x0000000701e00000| Untracked 
|  16|0x0000000702000000, 0x0000000702200000, 0x0000000702200000|100%| O|  |TAMS 0x0000000702200000, 0x0000000702000000| Untracked 
|  17|0x0000000702200000, 0x0000000702400000, 0x0000000702400000|100%| O|  |TAMS 0x0000000702400000, 0x0000000702200000| Untracked 
|  18|0x0000000702400000, 0x0000000702600000, 0x0000000702600000|100%| O|  |TAMS 0x0000000702600000, 0x0000000702400000| Untracked 
|  19|0x0000000702600000, 0x0000000702800000, 0x0000000702800000|100%| O|  |TAMS 0x0000000702800000, 0x0000000702600000| Untracked 
|  20|0x0000000702800000, 0x0000000702a00000, 0x0000000702a00000|100%|HS|  |TAMS 0x0000000702a00000, 0x0000000702800000| Complete 
|  21|0x0000000702a00000, 0x0000000702c00000, 0x0000000702c00000|100%|HC|  |TAMS 0x0000000702c00000, 0x0000000702a00000| Complete 
|  22|0x0000000702c00000, 0x0000000702e00000, 0x0000000702e00000|100%| O|  |TAMS 0x0000000702e00000, 0x0000000702c00000| Untracked 
|  23|0x0000000702e00000, 0x0000000703000000, 0x0000000703000000|100%| O|  |TAMS 0x0000000702e00000, 0x0000000702e00000| Untracked 
|  24|0x0000000703000000, 0x0000000703200000, 0x0000000703200000|100%|HS|  |TAMS 0x0000000703200000, 0x0000000703000000| Complete 
|  25|0x0000000703200000, 0x0000000703400000, 0x0000000703400000|100%|HC|  |TAMS 0x0000000703400000, 0x0000000703200000| Complete 
|  26|0x0000000703400000, 0x0000000703600000, 0x0000000703600000|100%| O|  |TAMS 0x0000000703600000, 0x0000000703400000| Untracked 
|  27|0x0000000703600000, 0x0000000703800000, 0x0000000703800000|100%| O|  |TAMS 0x0000000703800000, 0x0000000703600000| Untracked 
|  28|0x0000000703800000, 0x0000000703a00000, 0x0000000703a00000|100%| O|  |TAMS 0x0000000703a00000, 0x0000000703800000| Untracked 
|  29|0x0000000703a00000, 0x0000000703c00000, 0x0000000703c00000|100%| O|  |TAMS 0x0000000703c00000, 0x0000000703a00000| Untracked 
|  30|0x0000000703c00000, 0x0000000703e00000, 0x0000000703e00000|100%| O|  |TAMS 0x0000000703e00000, 0x0000000703c00000| Untracked 
|  31|0x0000000703e00000, 0x0000000704000000, 0x0000000704000000|100%| O|  |TAMS 0x0000000704000000, 0x0000000703e00000| Untracked 
|  32|0x0000000704000000, 0x0000000704200000, 0x0000000704200000|100%| O|  |TAMS 0x0000000704000000, 0x0000000704000000| Untracked 
|  33|0x0000000704200000, 0x0000000704400000, 0x0000000704400000|100%| O|  |TAMS 0x0000000704400000, 0x0000000704200000| Untracked 
|  34|0x0000000704400000, 0x0000000704600000, 0x0000000704600000|100%| O|  |TAMS 0x0000000704600000, 0x0000000704400000| Untracked 
|  35|0x0000000704600000, 0x0000000704800000, 0x0000000704800000|100%| O|  |TAMS 0x0000000704800000, 0x0000000704600000| Untracked 
|  36|0x0000000704800000, 0x0000000704a00000, 0x0000000704a00000|100%| O|  |TAMS 0x0000000704800000, 0x0000000704800000| Untracked 
|  37|0x0000000704a00000, 0x0000000704c00000, 0x0000000704c00000|100%| O|  |TAMS 0x0000000704a00000, 0x0000000704a00000| Untracked 
|  38|0x0000000704c00000, 0x0000000704e00000, 0x0000000704e00000|100%| O|  |TAMS 0x0000000704e00000, 0x0000000704c00000| Untracked 
|  39|0x0000000704e00000, 0x0000000705000000, 0x0000000705000000|100%| O|  |TAMS 0x0000000705000000, 0x0000000704e00000| Untracked 
|  40|0x0000000705000000, 0x0000000705200000, 0x0000000705200000|100%| O|  |TAMS 0x0000000705200000, 0x0000000705000000| Untracked 
|  41|0x0000000705200000, 0x0000000705400000, 0x0000000705400000|100%| O|  |TAMS 0x0000000705200000, 0x0000000705200000| Untracked 
|  42|0x0000000705400000, 0x0000000705600000, 0x0000000705600000|100%| O|  |TAMS 0x0000000705400000, 0x0000000705400000| Untracked 
|  43|0x0000000705600000, 0x0000000705800000, 0x0000000705800000|100%| O|  |TAMS 0x0000000705800000, 0x0000000705600000| Untracked 
|  44|0x0000000705800000, 0x0000000705a00000, 0x0000000705a00000|100%| O|  |TAMS 0x0000000705a00000, 0x0000000705800000| Untracked 
|  45|0x0000000705a00000, 0x0000000705c00000, 0x0000000705c00000|100%|HS|  |TAMS 0x0000000705c00000, 0x0000000705a00000| Complete 
|  46|0x0000000705c00000, 0x0000000705e00000, 0x0000000705e00000|100%|HS|  |TAMS 0x0000000705e00000, 0x0000000705c00000| Complete 
|  47|0x0000000705e00000, 0x0000000706000000, 0x0000000706000000|100%|HS|  |TAMS 0x0000000706000000, 0x0000000705e00000| Complete 
|  48|0x0000000706000000, 0x0000000706200000, 0x0000000706200000|100%|HC|  |TAMS 0x0000000706200000, 0x0000000706000000| Complete 
|  49|0x0000000706200000, 0x0000000706400000, 0x0000000706400000|100%|HS|  |TAMS 0x0000000706400000, 0x0000000706200000| Complete 
|  50|0x0000000706400000, 0x0000000706600000, 0x0000000706600000|100%|HC|  |TAMS 0x0000000706600000, 0x0000000706400000| Complete 
|  51|0x0000000706600000, 0x0000000706800000, 0x0000000706800000|100%| O|  |TAMS 0x0000000706800000, 0x0000000706600000| Untracked 
|  52|0x0000000706800000, 0x0000000706a00000, 0x0000000706a00000|100%| O|  |TAMS 0x0000000706a00000, 0x0000000706800000| Untracked 
|  53|0x0000000706a00000, 0x0000000706c00000, 0x0000000706c00000|100%| O|  |TAMS 0x0000000706c00000, 0x0000000706a00000| Untracked 
|  54|0x0000000706c00000, 0x0000000706e00000, 0x0000000706e00000|100%| O|  |TAMS 0x0000000706e00000, 0x0000000706c00000| Untracked 
|  55|0x0000000706e00000, 0x0000000707000000, 0x0000000707000000|100%| O|  |TAMS 0x0000000707000000, 0x0000000706e00000| Untracked 
|  56|0x0000000707000000, 0x0000000707200000, 0x0000000707200000|100%| O|  |TAMS 0x0000000707200000, 0x0000000707000000| Untracked 
|  57|0x0000000707200000, 0x0000000707400000, 0x0000000707400000|100%| O|  |TAMS 0x0000000707400000, 0x0000000707200000| Untracked 
|  58|0x0000000707400000, 0x0000000707600000, 0x0000000707600000|100%| O|  |TAMS 0x0000000707600000, 0x0000000707400000| Untracked 
|  59|0x0000000707600000, 0x0000000707800000, 0x0000000707800000|100%| O|  |TAMS 0x0000000707800000, 0x0000000707600000| Untracked 
|  60|0x0000000707800000, 0x0000000707a00000, 0x0000000707a00000|100%| O|  |TAMS 0x0000000707a00000, 0x0000000707800000| Untracked 
|  61|0x0000000707a00000, 0x0000000707c00000, 0x0000000707c00000|100%| O|  |TAMS 0x0000000707c00000, 0x0000000707a00000| Untracked 
|  62|0x0000000707c00000, 0x0000000707e00000, 0x0000000707e00000|100%| O|  |TAMS 0x0000000707e00000, 0x0000000707c00000| Untracked 
|  63|0x0000000707e00000, 0x0000000708000000, 0x0000000708000000|100%| O|  |TAMS 0x0000000708000000, 0x0000000707e00000| Untracked 
|  64|0x0000000708000000, 0x0000000708200000, 0x0000000708200000|100%| O|  |TAMS 0x0000000708200000, 0x0000000708000000| Untracked 
|  65|0x0000000708200000, 0x0000000708400000, 0x0000000708400000|100%| O|  |TAMS 0x0000000708400000, 0x0000000708200000| Untracked 
|  66|0x0000000708400000, 0x0000000708600000, 0x0000000708600000|100%| O|  |TAMS 0x0000000708600000, 0x0000000708400000| Untracked 
|  67|0x0000000708600000, 0x0000000708800000, 0x0000000708800000|100%| O|  |TAMS 0x0000000708800000, 0x0000000708600000| Untracked 
|  68|0x0000000708800000, 0x0000000708a00000, 0x0000000708a00000|100%|HS|  |TAMS 0x0000000708a00000, 0x0000000708800000| Complete 
|  69|0x0000000708a00000, 0x0000000708c00000, 0x0000000708c00000|100%|HC|  |TAMS 0x0000000708c00000, 0x0000000708a00000| Complete 
|  70|0x0000000708c00000, 0x0000000708e00000, 0x0000000708e00000|100%| O|  |TAMS 0x0000000708e00000, 0x0000000708c00000| Untracked 
|  71|0x0000000708e00000, 0x0000000709000000, 0x0000000709000000|100%| O|  |TAMS 0x0000000709000000, 0x0000000708e00000| Untracked 
|  72|0x0000000709000000, 0x0000000709200000, 0x0000000709200000|100%| O|  |TAMS 0x0000000709200000, 0x0000000709000000| Untracked 
|  73|0x0000000709200000, 0x0000000709400000, 0x0000000709400000|100%| O|  |TAMS 0x0000000709400000, 0x0000000709200000| Untracked 
|  74|0x0000000709400000, 0x0000000709600000, 0x0000000709600000|100%| O|  |TAMS 0x0000000709600000, 0x0000000709400000| Untracked 
|  75|0x0000000709600000, 0x0000000709800000, 0x0000000709800000|100%| O|  |TAMS 0x0000000709800000, 0x0000000709600000| Untracked 
|  76|0x0000000709800000, 0x0000000709a00000, 0x0000000709a00000|100%| O|  |TAMS 0x0000000709a00000, 0x0000000709800000| Untracked 
|  77|0x0000000709a00000, 0x0000000709c00000, 0x0000000709c00000|100%| O|  |TAMS 0x0000000709c00000, 0x0000000709a00000| Untracked 
|  78|0x0000000709c00000, 0x0000000709e00000, 0x0000000709e00000|100%| O|  |TAMS 0x0000000709e00000, 0x0000000709c00000| Untracked 
|  79|0x0000000709e00000, 0x000000070a000000, 0x000000070a000000|100%| O|  |TAMS 0x000000070a000000, 0x0000000709e00000| Untracked 
|  80|0x000000070a000000, 0x000000070a200000, 0x000000070a200000|100%| O|  |TAMS 0x000000070a200000, 0x000000070a000000| Untracked 
|  81|0x000000070a200000, 0x000000070a400000, 0x000000070a400000|100%| O|  |TAMS 0x000000070a400000, 0x000000070a200000| Untracked 
|  82|0x000000070a400000, 0x000000070a600000, 0x000000070a600000|100%| O|  |TAMS 0x000000070a600000, 0x000000070a400000| Untracked 
|  83|0x000000070a600000, 0x000000070a800000, 0x000000070a800000|100%| O|  |TAMS 0x000000070a800000, 0x000000070a600000| Untracked 
|  84|0x000000070a800000, 0x000000070aa00000, 0x000000070aa00000|100%| O|  |TAMS 0x000000070aa00000, 0x000000070a800000| Untracked 
|  85|0x000000070aa00000, 0x000000070ac00000, 0x000000070ac00000|100%| O|  |TAMS 0x000000070ac00000, 0x000000070aa00000| Untracked 
|  86|0x000000070ac00000, 0x000000070ae00000, 0x000000070ae00000|100%| O|  |TAMS 0x000000070ae00000, 0x000000070ac00000| Untracked 
|  87|0x000000070ae00000, 0x000000070b000000, 0x000000070b000000|100%| O|  |TAMS 0x000000070b000000, 0x000000070ae00000| Untracked 
|  88|0x000000070b000000, 0x000000070b200000, 0x000000070b200000|100%| O|  |TAMS 0x000000070b200000, 0x000000070b000000| Untracked 
|  89|0x000000070b200000, 0x000000070b400000, 0x000000070b400000|100%| O|  |TAMS 0x000000070b400000, 0x000000070b200000| Untracked 
|  90|0x000000070b400000, 0x000000070b600000, 0x000000070b600000|100%| O|  |TAMS 0x000000070b600000, 0x000000070b400000| Untracked 
|  91|0x000000070b600000, 0x000000070b800000, 0x000000070b800000|100%| O|  |TAMS 0x000000070b800000, 0x000000070b600000| Untracked 
|  92|0x000000070b800000, 0x000000070ba00000, 0x000000070ba00000|100%| O|  |TAMS 0x000000070ba00000, 0x000000070b800000| Untracked 
|  93|0x000000070ba00000, 0x000000070bc00000, 0x000000070bc00000|100%| O|  |TAMS 0x000000070bc00000, 0x000000070ba00000| Untracked 
|  94|0x000000070bc00000, 0x000000070be00000, 0x000000070be00000|100%| O|  |TAMS 0x000000070be00000, 0x000000070bc00000| Untracked 
|  95|0x000000070be00000, 0x000000070c000000, 0x000000070c000000|100%| O|  |TAMS 0x000000070c000000, 0x000000070be00000| Untracked 
|  96|0x000000070c000000, 0x000000070c200000, 0x000000070c200000|100%| O|  |TAMS 0x000000070c200000, 0x000000070c000000| Untracked 
|  97|0x000000070c200000, 0x000000070c400000, 0x000000070c400000|100%| O|  |TAMS 0x000000070c200000, 0x000000070c200000| Untracked 
|  98|0x000000070c400000, 0x000000070c600000, 0x000000070c600000|100%| O|  |TAMS 0x000000070c600000, 0x000000070c400000| Untracked 
|  99|0x000000070c600000, 0x000000070c800000, 0x000000070c800000|100%| O|  |TAMS 0x000000070c800000, 0x000000070c600000| Untracked 
| 100|0x000000070c800000, 0x000000070ca00000, 0x000000070ca00000|100%| O|  |TAMS 0x000000070ca00000, 0x000000070c800000| Untracked 
| 101|0x000000070ca00000, 0x000000070cc00000, 0x000000070cc00000|100%| O|  |TAMS 0x000000070cc00000, 0x000000070ca00000| Untracked 
| 102|0x000000070cc00000, 0x000000070ce00000, 0x000000070ce00000|100%| O|  |TAMS 0x000000070ce00000, 0x000000070cc00000| Untracked 
| 103|0x000000070ce00000, 0x000000070d000000, 0x000000070d000000|100%| O|  |TAMS 0x000000070d000000, 0x000000070ce00000| Untracked 
| 104|0x000000070d000000, 0x000000070d200000, 0x000000070d200000|100%| O|  |TAMS 0x000000070d200000, 0x000000070d000000| Untracked 
| 105|0x000000070d200000, 0x000000070d400000, 0x000000070d400000|100%| O|  |TAMS 0x000000070d400000, 0x000000070d200000| Untracked 
| 106|0x000000070d400000, 0x000000070d600000, 0x000000070d600000|100%| O|  |TAMS 0x000000070d400000, 0x000000070d400000| Untracked 
| 107|0x000000070d600000, 0x000000070d800000, 0x000000070d800000|100%| O|  |TAMS 0x000000070d600000, 0x000000070d600000| Untracked 
| 108|0x000000070d800000, 0x000000070da00000, 0x000000070da00000|100%| O|  |TAMS 0x000000070da00000, 0x000000070d800000| Untracked 
| 109|0x000000070da00000, 0x000000070dc00000, 0x000000070dc00000|100%| O|  |TAMS 0x000000070dc00000, 0x000000070da00000| Untracked 
| 110|0x000000070dc00000, 0x000000070de00000, 0x000000070de00000|100%| O|  |TAMS 0x000000070de00000, 0x000000070dc00000| Untracked 
| 111|0x000000070de00000, 0x000000070e000000, 0x000000070e000000|100%| O|  |TAMS 0x000000070e000000, 0x000000070de00000| Untracked 
| 112|0x000000070e000000, 0x000000070e200000, 0x000000070e200000|100%|HS|  |TAMS 0x000000070e200000, 0x000000070e000000| Complete 
| 113|0x000000070e200000, 0x000000070e400000, 0x000000070e400000|100%|HC|  |TAMS 0x000000070e400000, 0x000000070e200000| Complete 
| 114|0x000000070e400000, 0x000000070e600000, 0x000000070e600000|100%|HS|  |TAMS 0x000000070e600000, 0x000000070e400000| Complete 
| 115|0x000000070e600000, 0x000000070e800000, 0x000000070e800000|100%| O|  |TAMS 0x000000070e800000, 0x000000070e600000| Untracked 
| 116|0x000000070e800000, 0x000000070ea00000, 0x000000070ea00000|100%| O|  |TAMS 0x000000070ea00000, 0x000000070e800000| Untracked 
| 117|0x000000070ea00000, 0x000000070ec00000, 0x000000070ec00000|100%| O|  |TAMS 0x000000070ec00000, 0x000000070ea00000| Untracked 
| 118|0x000000070ec00000, 0x000000070ee00000, 0x000000070ee00000|100%| O|  |TAMS 0x000000070ee00000, 0x000000070ec00000| Untracked 
| 119|0x000000070ee00000, 0x000000070f000000, 0x000000070f000000|100%| O|  |TAMS 0x000000070f000000, 0x000000070ee00000| Untracked 
| 120|0x000000070f000000, 0x000000070f200000, 0x000000070f200000|100%| O|  |TAMS 0x000000070f200000, 0x000000070f000000| Untracked 
| 121|0x000000070f200000, 0x000000070f400000, 0x000000070f400000|100%| O|  |TAMS 0x000000070f400000, 0x000000070f200000| Untracked 
| 122|0x000000070f400000, 0x000000070f600000, 0x000000070f600000|100%| O|  |TAMS 0x000000070f600000, 0x000000070f400000| Untracked 
| 123|0x000000070f600000, 0x000000070f800000, 0x000000070f800000|100%| O|  |TAMS 0x000000070f600000, 0x000000070f600000| Untracked 
| 124|0x000000070f800000, 0x000000070fa00000, 0x000000070fa00000|100%| O|  |TAMS 0x000000070fa00000, 0x000000070f800000| Untracked 
| 125|0x000000070fa00000, 0x000000070fc00000, 0x000000070fc00000|100%| O|  |TAMS 0x000000070fc00000, 0x000000070fa00000| Untracked 
| 126|0x000000070fc00000, 0x000000070fe00000, 0x000000070fe00000|100%| O|  |TAMS 0x000000070fe00000, 0x000000070fc00000| Untracked 
| 127|0x000000070fe00000, 0x0000000710000000, 0x0000000710000000|100%| O|  |TAMS 0x0000000710000000, 0x000000070fe00000| Untracked 
| 128|0x0000000710000000, 0x0000000710200000, 0x0000000710200000|100%| O|  |TAMS 0x0000000710000000, 0x0000000710000000| Untracked 
| 129|0x0000000710200000, 0x0000000710400000, 0x0000000710400000|100%| O|  |TAMS 0x0000000710200000, 0x0000000710200000| Untracked 
| 130|0x0000000710400000, 0x0000000710600000, 0x0000000710600000|100%| O|  |TAMS 0x0000000710600000, 0x0000000710400000| Untracked 
| 131|0x0000000710600000, 0x0000000710800000, 0x0000000710800000|100%| O|  |TAMS 0x0000000710800000, 0x0000000710600000| Untracked 
| 132|0x0000000710800000, 0x0000000710a00000, 0x0000000710a00000|100%| O|  |TAMS 0x0000000710800000, 0x0000000710800000| Untracked 
| 133|0x0000000710a00000, 0x0000000710c00000, 0x0000000710c00000|100%| O|  |TAMS 0x0000000710c00000, 0x0000000710a00000| Untracked 
| 134|0x0000000710c00000, 0x0000000710e00000, 0x0000000710e00000|100%| O|  |TAMS 0x0000000710e00000, 0x0000000710c00000| Untracked 
| 135|0x0000000710e00000, 0x0000000711000000, 0x0000000711000000|100%| O|  |TAMS 0x0000000711000000, 0x0000000710e00000| Untracked 
| 136|0x0000000711000000, 0x0000000711200000, 0x0000000711200000|100%| O|  |TAMS 0x0000000711200000, 0x0000000711000000| Untracked 
| 137|0x0000000711200000, 0x0000000711400000, 0x0000000711400000|100%| O|  |TAMS 0x0000000711400000, 0x0000000711200000| Untracked 
| 138|0x0000000711400000, 0x0000000711600000, 0x0000000711600000|100%| O|  |TAMS 0x0000000711600000, 0x0000000711400000| Untracked 
| 139|0x0000000711600000, 0x0000000711800000, 0x0000000711800000|100%| O|  |TAMS 0x0000000711800000, 0x0000000711600000| Untracked 
| 140|0x0000000711800000, 0x0000000711a00000, 0x0000000711a00000|100%| O|  |TAMS 0x0000000711a00000, 0x0000000711800000| Untracked 
| 141|0x0000000711a00000, 0x0000000711c00000, 0x0000000711c00000|100%| O|  |TAMS 0x0000000711c00000, 0x0000000711a00000| Untracked 
| 142|0x0000000711c00000, 0x0000000711e00000, 0x0000000711e00000|100%| O|  |TAMS 0x0000000711e00000, 0x0000000711c00000| Untracked 
| 143|0x0000000711e00000, 0x0000000712000000, 0x0000000712000000|100%| O|  |TAMS 0x0000000711e00000, 0x0000000711e00000| Untracked 
| 144|0x0000000712000000, 0x0000000712200000, 0x0000000712200000|100%| O|  |TAMS 0x0000000712200000, 0x0000000712000000| Untracked 
| 145|0x0000000712200000, 0x0000000712400000, 0x0000000712400000|100%| O|  |TAMS 0x0000000712400000, 0x0000000712200000| Untracked 
| 146|0x0000000712400000, 0x0000000712600000, 0x0000000712600000|100%| O|  |TAMS 0x0000000712600000, 0x0000000712400000| Untracked 
| 147|0x0000000712600000, 0x0000000712800000, 0x0000000712800000|100%| O|  |TAMS 0x0000000712800000, 0x0000000712600000| Untracked 
| 148|0x0000000712800000, 0x0000000712a00000, 0x0000000712a00000|100%| O|  |TAMS 0x0000000712a00000, 0x0000000712800000| Untracked 
| 149|0x0000000712a00000, 0x0000000712c00000, 0x0000000712c00000|100%| O|  |TAMS 0x0000000712c00000, 0x0000000712a00000| Untracked 
| 150|0x0000000712c00000, 0x0000000712e00000, 0x0000000712e00000|100%| O|  |TAMS 0x0000000712e00000, 0x0000000712c00000| Untracked 
| 151|0x0000000712e00000, 0x0000000713000000, 0x0000000713000000|100%| O|  |TAMS 0x0000000713000000, 0x0000000712e00000| Untracked 
| 152|0x0000000713000000, 0x0000000713200000, 0x0000000713200000|100%|HS|  |TAMS 0x0000000713200000, 0x0000000713000000| Complete 
| 153|0x0000000713200000, 0x0000000713400000, 0x0000000713400000|100%| O|  |TAMS 0x0000000713200000, 0x0000000713200000| Untracked 
| 154|0x0000000713400000, 0x0000000713600000, 0x0000000713600000|100%| O|  |TAMS 0x0000000713600000, 0x0000000713400000| Untracked 
| 155|0x0000000713600000, 0x0000000713800000, 0x0000000713800000|100%| O|  |TAMS 0x0000000713800000, 0x0000000713600000| Untracked 
| 156|0x0000000713800000, 0x0000000713a00000, 0x0000000713a00000|100%| O|  |TAMS 0x0000000713a00000, 0x0000000713800000| Untracked 
| 157|0x0000000713a00000, 0x0000000713c00000, 0x0000000713c00000|100%| O|  |TAMS 0x0000000713c00000, 0x0000000713a00000| Untracked 
| 158|0x0000000713c00000, 0x0000000713e00000, 0x0000000713e00000|100%| O|  |TAMS 0x0000000713e00000, 0x0000000713c00000| Untracked 
| 159|0x0000000713e00000, 0x0000000714000000, 0x0000000714000000|100%| O|  |TAMS 0x0000000714000000, 0x0000000713e00000| Untracked 
| 160|0x0000000714000000, 0x0000000714200000, 0x0000000714200000|100%| O|  |TAMS 0x0000000714000000, 0x0000000714000000| Untracked 
| 161|0x0000000714200000, 0x0000000714400000, 0x0000000714400000|100%| O|  |TAMS 0x0000000714400000, 0x0000000714200000| Untracked 
| 162|0x0000000714400000, 0x0000000714600000, 0x0000000714600000|100%| O|  |TAMS 0x0000000714600000, 0x0000000714400000| Untracked 
| 163|0x0000000714600000, 0x0000000714800000, 0x0000000714800000|100%| O|  |TAMS 0x0000000714800000, 0x0000000714600000| Untracked 
| 164|0x0000000714800000, 0x0000000714a00000, 0x0000000714a00000|100%| O|  |TAMS 0x0000000714a00000, 0x0000000714800000| Untracked 
| 165|0x0000000714a00000, 0x0000000714c00000, 0x0000000714c00000|100%| O|  |TAMS 0x0000000714c00000, 0x0000000714a00000| Untracked 
| 166|0x0000000714c00000, 0x0000000714e00000, 0x0000000714e00000|100%| O|  |TAMS 0x0000000714e00000, 0x0000000714c00000| Untracked 
| 167|0x0000000714e00000, 0x0000000715000000, 0x0000000715000000|100%| O|  |TAMS 0x0000000715000000, 0x0000000714e00000| Untracked 
| 168|0x0000000715000000, 0x0000000715200000, 0x0000000715200000|100%| O|  |TAMS 0x0000000715200000, 0x0000000715000000| Untracked 
| 169|0x0000000715200000, 0x0000000715400000, 0x0000000715400000|100%| O|  |TAMS 0x0000000715400000, 0x0000000715200000| Untracked 
| 170|0x0000000715400000, 0x0000000715600000, 0x0000000715600000|100%| O|  |TAMS 0x0000000715600000, 0x0000000715400000| Untracked 
| 171|0x0000000715600000, 0x0000000715800000, 0x0000000715800000|100%| O|  |TAMS 0x0000000715800000, 0x0000000715600000| Untracked 
| 172|0x0000000715800000, 0x0000000715a00000, 0x0000000715a00000|100%| O|  |TAMS 0x0000000715a00000, 0x0000000715800000| Untracked 
| 173|0x0000000715a00000, 0x0000000715c00000, 0x0000000715c00000|100%| O|  |TAMS 0x0000000715c00000, 0x0000000715a00000| Untracked 
| 174|0x0000000715c00000, 0x0000000715e00000, 0x0000000715e00000|100%| O|  |TAMS 0x0000000715e00000, 0x0000000715c00000| Untracked 
| 175|0x0000000715e00000, 0x0000000716000000, 0x0000000716000000|100%| O|  |TAMS 0x0000000716000000, 0x0000000715e00000| Untracked 
| 176|0x0000000716000000, 0x0000000716200000, 0x0000000716200000|100%| O|  |TAMS 0x0000000716200000, 0x0000000716000000| Untracked 
| 177|0x0000000716200000, 0x0000000716400000, 0x0000000716400000|100%| O|  |TAMS 0x0000000716400000, 0x0000000716200000| Untracked 
| 178|0x0000000716400000, 0x0000000716600000, 0x0000000716600000|100%| O|  |TAMS 0x0000000716600000, 0x0000000716400000| Untracked 
| 179|0x0000000716600000, 0x0000000716800000, 0x0000000716800000|100%| O|  |TAMS 0x0000000716800000, 0x0000000716600000| Untracked 
| 180|0x0000000716800000, 0x0000000716a00000, 0x0000000716a00000|100%| O|  |TAMS 0x0000000716a00000, 0x0000000716800000| Untracked 
| 181|0x0000000716a00000, 0x0000000716c00000, 0x0000000716c00000|100%| O|  |TAMS 0x0000000716c00000, 0x0000000716a00000| Untracked 
| 182|0x0000000716c00000, 0x0000000716e00000, 0x0000000716e00000|100%| O|  |TAMS 0x0000000716e00000, 0x0000000716c00000| Untracked 
| 183|0x0000000716e00000, 0x0000000717000000, 0x0000000717000000|100%| O|  |TAMS 0x0000000717000000, 0x0000000716e00000| Untracked 
| 184|0x0000000717000000, 0x0000000717200000, 0x0000000717200000|100%| O|  |TAMS 0x0000000717000000, 0x0000000717000000| Untracked 
| 185|0x0000000717200000, 0x0000000717400000, 0x0000000717400000|100%| O|  |TAMS 0x0000000717400000, 0x0000000717200000| Untracked 
| 186|0x0000000717400000, 0x0000000717600000, 0x0000000717600000|100%| O|  |TAMS 0x0000000717600000, 0x0000000717400000| Untracked 
| 187|0x0000000717600000, 0x0000000717800000, 0x0000000717800000|100%| O|  |TAMS 0x0000000717800000, 0x0000000717600000| Untracked 
| 188|0x0000000717800000, 0x0000000717a00000, 0x0000000717a00000|100%| O|  |TAMS 0x0000000717a00000, 0x0000000717800000| Untracked 
| 189|0x0000000717a00000, 0x0000000717c00000, 0x0000000717c00000|100%| O|  |TAMS 0x0000000717c00000, 0x0000000717a00000| Untracked 
| 190|0x0000000717c00000, 0x0000000717e00000, 0x0000000717e00000|100%| O|  |TAMS 0x0000000717e00000, 0x0000000717c00000| Untracked 
| 191|0x0000000717e00000, 0x0000000718000000, 0x0000000718000000|100%| O|  |TAMS 0x0000000718000000, 0x0000000717e00000| Untracked 
| 192|0x0000000718000000, 0x0000000718200000, 0x0000000718200000|100%| O|  |TAMS 0x0000000718200000, 0x0000000718000000| Untracked 
| 193|0x0000000718200000, 0x0000000718400000, 0x0000000718400000|100%| O|  |TAMS 0x0000000718400000, 0x0000000718200000| Untracked 
| 194|0x0000000718400000, 0x0000000718600000, 0x0000000718600000|100%| O|  |TAMS 0x0000000718600000, 0x0000000718400000| Untracked 
| 195|0x0000000718600000, 0x0000000718800000, 0x0000000718800000|100%| O|  |TAMS 0x0000000718800000, 0x0000000718600000| Untracked 
| 196|0x0000000718800000, 0x0000000718a00000, 0x0000000718a00000|100%| O|  |TAMS 0x0000000718a00000, 0x0000000718800000| Untracked 
| 197|0x0000000718a00000, 0x0000000718c00000, 0x0000000718c00000|100%| O|  |TAMS 0x0000000718c00000, 0x0000000718a00000| Untracked 
| 198|0x0000000718c00000, 0x0000000718e00000, 0x0000000718e00000|100%| O|  |TAMS 0x0000000718dd3a00, 0x0000000718c00000| Untracked 
| 199|0x0000000718e00000, 0x0000000719000000, 0x0000000719000000|100%| O|  |TAMS 0x0000000718e00000, 0x0000000718e00000| Untracked 
| 200|0x0000000719000000, 0x0000000719200000, 0x0000000719200000|100%| O|  |TAMS 0x0000000719000000, 0x0000000719000000| Untracked 
| 201|0x0000000719200000, 0x0000000719400000, 0x0000000719400000|100%| O|  |TAMS 0x0000000719200000, 0x0000000719200000| Untracked 
| 202|0x0000000719400000, 0x0000000719600000, 0x0000000719600000|100%| O|  |TAMS 0x0000000719400000, 0x0000000719400000| Untracked 
| 203|0x0000000719600000, 0x0000000719800000, 0x0000000719800000|100%| O|  |TAMS 0x0000000719600000, 0x0000000719600000| Untracked 
| 204|0x0000000719800000, 0x0000000719a00000, 0x0000000719a00000|100%| O|  |TAMS 0x0000000719800000, 0x0000000719800000| Untracked 
| 205|0x0000000719a00000, 0x0000000719c00000, 0x0000000719c00000|100%| O|  |TAMS 0x0000000719a00000, 0x0000000719a00000| Untracked 
| 206|0x0000000719c00000, 0x0000000719e00000, 0x0000000719e00000|100%| O|  |TAMS 0x0000000719c00000, 0x0000000719c00000| Untracked 
| 207|0x0000000719e00000, 0x000000071a000000, 0x000000071a000000|100%| O|  |TAMS 0x0000000719e00000, 0x0000000719e00000| Untracked 
| 208|0x000000071a000000, 0x000000071a200000, 0x000000071a200000|100%| O|  |TAMS 0x000000071a000000, 0x000000071a000000| Untracked 
| 209|0x000000071a200000, 0x000000071a400000, 0x000000071a400000|100%| O|  |TAMS 0x000000071a200000, 0x000000071a200000| Untracked 
| 210|0x000000071a400000, 0x000000071a600000, 0x000000071a600000|100%| O|  |TAMS 0x000000071a400000, 0x000000071a400000| Untracked 
| 211|0x000000071a600000, 0x000000071a800000, 0x000000071a800000|100%| O|  |TAMS 0x000000071a600000, 0x000000071a600000| Untracked 
| 212|0x000000071a800000, 0x000000071aa00000, 0x000000071aa00000|100%| O|  |TAMS 0x000000071a800000, 0x000000071a800000| Untracked 
| 213|0x000000071aa00000, 0x000000071ac00000, 0x000000071ac00000|100%| O|  |TAMS 0x000000071aa00000, 0x000000071aa00000| Untracked 
| 214|0x000000071ac00000, 0x000000071ae00000, 0x000000071ae00000|100%| O|  |TAMS 0x000000071ac00000, 0x000000071ac00000| Untracked 
| 215|0x000000071ae00000, 0x000000071b000000, 0x000000071b000000|100%| O|  |TAMS 0x000000071ae00000, 0x000000071ae00000| Untracked 
| 216|0x000000071b000000, 0x000000071b200000, 0x000000071b200000|100%| O|  |TAMS 0x000000071b000000, 0x000000071b000000| Untracked 
| 217|0x000000071b200000, 0x000000071b400000, 0x000000071b400000|100%| O|  |TAMS 0x000000071b200000, 0x000000071b200000| Untracked 
| 218|0x000000071b400000, 0x000000071b600000, 0x000000071b600000|100%| O|  |TAMS 0x000000071b400000, 0x000000071b400000| Untracked 
| 219|0x000000071b600000, 0x000000071b800000, 0x000000071b800000|100%| O|  |TAMS 0x000000071b600000, 0x000000071b600000| Untracked 
| 220|0x000000071b800000, 0x000000071ba00000, 0x000000071ba00000|100%| O|  |TAMS 0x000000071b800000, 0x000000071b800000| Untracked 
| 221|0x000000071ba00000, 0x000000071bc00000, 0x000000071bc00000|100%| O|  |TAMS 0x000000071ba00000, 0x000000071ba00000| Untracked 
| 222|0x000000071bc00000, 0x000000071be00000, 0x000000071be00000|100%| O|  |TAMS 0x000000071bc00000, 0x000000071bc00000| Untracked 
| 223|0x000000071be00000, 0x000000071c000000, 0x000000071c000000|100%| O|  |TAMS 0x000000071be00000, 0x000000071be00000| Untracked 
| 224|0x000000071c000000, 0x000000071c200000, 0x000000071c200000|100%| O|  |TAMS 0x000000071c000000, 0x000000071c000000| Untracked 
| 225|0x000000071c200000, 0x000000071c400000, 0x000000071c400000|100%| O|  |TAMS 0x000000071c200000, 0x000000071c200000| Untracked 
| 226|0x000000071c400000, 0x000000071c600000, 0x000000071c600000|100%|HS|  |TAMS 0x000000071c400000, 0x000000071c400000| Complete 
| 227|0x000000071c600000, 0x000000071c800000, 0x000000071c800000|100%|HC|  |TAMS 0x000000071c600000, 0x000000071c600000| Complete 
| 228|0x000000071c800000, 0x000000071ca00000, 0x000000071ca00000|100%| O|  |TAMS 0x000000071c800000, 0x000000071c800000| Untracked 
| 229|0x000000071ca00000, 0x000000071cc00000, 0x000000071cc00000|100%| O|  |TAMS 0x000000071ca00000, 0x000000071ca00000| Untracked 
| 230|0x000000071cc00000, 0x000000071ce00000, 0x000000071ce00000|100%| O|  |TAMS 0x000000071cc00000, 0x000000071cc00000| Untracked 
| 231|0x000000071ce00000, 0x000000071d000000, 0x000000071d000000|100%| O|  |TAMS 0x000000071ce00000, 0x000000071ce00000| Untracked 
| 232|0x000000071d000000, 0x000000071d200000, 0x000000071d200000|100%| O|  |TAMS 0x000000071d000000, 0x000000071d000000| Untracked 
| 233|0x000000071d200000, 0x000000071d400000, 0x000000071d400000|100%| O|  |TAMS 0x000000071d200000, 0x000000071d200000| Untracked 
| 234|0x000000071d400000, 0x000000071d600000, 0x000000071d600000|100%| O|  |TAMS 0x000000071d400000, 0x000000071d400000| Untracked 
| 235|0x000000071d600000, 0x000000071d800000, 0x000000071d800000|100%| O|  |TAMS 0x000000071d600000, 0x000000071d600000| Untracked 
| 236|0x000000071d800000, 0x000000071da00000, 0x000000071da00000|100%| O|  |TAMS 0x000000071d800000, 0x000000071d800000| Untracked 
| 237|0x000000071da00000, 0x000000071dc00000, 0x000000071dc00000|100%| O|  |TAMS 0x000000071da00000, 0x000000071da00000| Untracked 
| 238|0x000000071dc00000, 0x000000071dd81800, 0x000000071de00000| 75%| O|  |TAMS 0x000000071dc00000, 0x000000071dc00000| Untracked 
| 239|0x000000071de00000, 0x000000071de00000, 0x000000071e000000|  0%| F|  |TAMS 0x000000071de00000, 0x000000071de00000| Untracked 
| 240|0x000000071e000000, 0x000000071e000000, 0x000000071e200000|  0%| F|  |TAMS 0x000000071e000000, 0x000000071e000000| Untracked 
| 241|0x000000071e200000, 0x000000071e200000, 0x000000071e400000|  0%| F|  |TAMS 0x000000071e200000, 0x000000071e200000| Untracked 
| 242|0x000000071e400000, 0x000000071e400000, 0x000000071e600000|  0%| F|  |TAMS 0x000000071e400000, 0x000000071e400000| Untracked 
| 243|0x000000071e600000, 0x000000071e600000, 0x000000071e800000|  0%| F|  |TAMS 0x000000071e600000, 0x000000071e600000| Untracked 
| 244|0x000000071e800000, 0x000000071e800000, 0x000000071ea00000|  0%| F|  |TAMS 0x000000071e800000, 0x000000071e800000| Untracked 
| 245|0x000000071ea00000, 0x000000071ea00000, 0x000000071ec00000|  0%| F|  |TAMS 0x000000071ea00000, 0x000000071ea00000| Untracked 
| 246|0x000000071ec00000, 0x000000071ec00000, 0x000000071ee00000|  0%| F|  |TAMS 0x000000071ec00000, 0x000000071ec00000| Untracked 
| 247|0x000000071ee00000, 0x000000071ee00000, 0x000000071f000000|  0%| F|  |TAMS 0x000000071ee00000, 0x000000071ee00000| Untracked 
| 248|0x000000071f000000, 0x000000071f000000, 0x000000071f200000|  0%| F|  |TAMS 0x000000071f000000, 0x000000071f000000| Untracked 
| 249|0x000000071f200000, 0x000000071f200000, 0x000000071f400000|  0%| F|  |TAMS 0x000000071f200000, 0x000000071f200000| Untracked 
| 250|0x000000071f400000, 0x000000071f400000, 0x000000071f600000|  0%| F|  |TAMS 0x000000071f400000, 0x000000071f400000| Untracked 
| 251|0x000000071f600000, 0x000000071f600000, 0x000000071f800000|  0%| F|  |TAMS 0x000000071f600000, 0x000000071f600000| Untracked 
| 252|0x000000071f800000, 0x000000071f800000, 0x000000071fa00000|  0%| F|  |TAMS 0x000000071f800000, 0x000000071f800000| Untracked 
| 253|0x000000071fa00000, 0x000000071fa00000, 0x000000071fc00000|  0%| F|  |TAMS 0x000000071fa00000, 0x000000071fa00000| Untracked 
| 254|0x000000071fc00000, 0x000000071fc00000, 0x000000071fe00000|  0%| F|  |TAMS 0x000000071fc00000, 0x000000071fc00000| Untracked 
| 255|0x000000071fe00000, 0x000000071fe00000, 0x0000000720000000|  0%| F|  |TAMS 0x000000071fe00000, 0x000000071fe00000| Untracked 
| 256|0x0000000720000000, 0x0000000720000000, 0x0000000720200000|  0%| F|  |TAMS 0x0000000720000000, 0x0000000720000000| Untracked 
| 257|0x0000000720200000, 0x0000000720200000, 0x0000000720400000|  0%| F|  |TAMS 0x0000000720200000, 0x0000000720200000| Untracked 
| 258|0x0000000720400000, 0x0000000720400000, 0x0000000720600000|  0%| F|  |TAMS 0x0000000720400000, 0x0000000720400000| Untracked 
| 259|0x0000000720600000, 0x0000000720600000, 0x0000000720800000|  0%| F|  |TAMS 0x0000000720600000, 0x0000000720600000| Untracked 
| 260|0x0000000720800000, 0x0000000720800000, 0x0000000720a00000|  0%| F|  |TAMS 0x0000000720800000, 0x0000000720800000| Untracked 
| 261|0x0000000720a00000, 0x0000000720a00000, 0x0000000720c00000|  0%| F|  |TAMS 0x0000000720a00000, 0x0000000720a00000| Untracked 
| 262|0x0000000720c00000, 0x0000000720c00000, 0x0000000720e00000|  0%| F|  |TAMS 0x0000000720c00000, 0x0000000720c00000| Untracked 
| 263|0x0000000720e00000, 0x0000000720e00000, 0x0000000721000000|  0%| F|  |TAMS 0x0000000720e00000, 0x0000000720e00000| Untracked 
| 264|0x0000000721000000, 0x0000000721000000, 0x0000000721200000|  0%| F|  |TAMS 0x0000000721000000, 0x0000000721000000| Untracked 
| 265|0x0000000721200000, 0x0000000721200000, 0x0000000721400000|  0%| F|  |TAMS 0x0000000721200000, 0x0000000721200000| Untracked 
| 266|0x0000000721400000, 0x0000000721400000, 0x0000000721600000|  0%| F|  |TAMS 0x0000000721400000, 0x0000000721400000| Untracked 
| 267|0x0000000721600000, 0x0000000721600000, 0x0000000721800000|  0%| F|  |TAMS 0x0000000721600000, 0x0000000721600000| Untracked 
| 268|0x0000000721800000, 0x0000000721800000, 0x0000000721a00000|  0%| F|  |TAMS 0x0000000721800000, 0x0000000721800000| Untracked 
| 269|0x0000000721a00000, 0x0000000721a00000, 0x0000000721c00000|  0%| F|  |TAMS 0x0000000721a00000, 0x0000000721a00000| Untracked 
| 270|0x0000000721c00000, 0x0000000721c00000, 0x0000000721e00000|  0%| F|  |TAMS 0x0000000721c00000, 0x0000000721c00000| Untracked 
| 271|0x0000000721e00000, 0x0000000721e00000, 0x0000000722000000|  0%| F|  |TAMS 0x0000000721e00000, 0x0000000721e00000| Untracked 
| 272|0x0000000722000000, 0x0000000722000000, 0x0000000722200000|  0%| F|  |TAMS 0x0000000722000000, 0x0000000722000000| Untracked 
| 273|0x0000000722200000, 0x0000000722200000, 0x0000000722400000|  0%| F|  |TAMS 0x0000000722200000, 0x0000000722200000| Untracked 
| 274|0x0000000722400000, 0x0000000722400000, 0x0000000722600000|  0%| F|  |TAMS 0x0000000722400000, 0x0000000722400000| Untracked 
| 275|0x0000000722600000, 0x0000000722600000, 0x0000000722800000|  0%| F|  |TAMS 0x0000000722600000, 0x0000000722600000| Untracked 
| 276|0x0000000722800000, 0x0000000722800000, 0x0000000722a00000|  0%| F|  |TAMS 0x0000000722800000, 0x0000000722800000| Untracked 
| 277|0x0000000722a00000, 0x0000000722a00000, 0x0000000722c00000|  0%| F|  |TAMS 0x0000000722a00000, 0x0000000722a00000| Untracked 
| 278|0x0000000722c00000, 0x0000000722c00000, 0x0000000722e00000|  0%| F|  |TAMS 0x0000000722c00000, 0x0000000722c00000| Untracked 
| 279|0x0000000722e00000, 0x0000000722e00000, 0x0000000723000000|  0%| F|  |TAMS 0x0000000722e00000, 0x0000000722e00000| Untracked 
| 280|0x0000000723000000, 0x0000000723000000, 0x0000000723200000|  0%| F|  |TAMS 0x0000000723000000, 0x0000000723000000| Untracked 
| 281|0x0000000723200000, 0x0000000723200000, 0x0000000723400000|  0%| F|  |TAMS 0x0000000723200000, 0x0000000723200000| Untracked 
| 282|0x0000000723400000, 0x0000000723400000, 0x0000000723600000|  0%| F|  |TAMS 0x0000000723400000, 0x0000000723400000| Untracked 
| 283|0x0000000723600000, 0x0000000723600000, 0x0000000723800000|  0%| F|  |TAMS 0x0000000723600000, 0x0000000723600000| Untracked 
| 284|0x0000000723800000, 0x0000000723800000, 0x0000000723a00000|  0%| F|  |TAMS 0x0000000723800000, 0x0000000723800000| Untracked 
| 285|0x0000000723a00000, 0x0000000723a00000, 0x0000000723c00000|  0%| F|  |TAMS 0x0000000723a00000, 0x0000000723a00000| Untracked 
| 286|0x0000000723c00000, 0x0000000723c00000, 0x0000000723e00000|  0%| F|  |TAMS 0x0000000723c00000, 0x0000000723c00000| Untracked 
| 287|0x0000000723e00000, 0x0000000723e00000, 0x0000000724000000|  0%| F|  |TAMS 0x0000000723e00000, 0x0000000723e00000| Untracked 
| 288|0x0000000724000000, 0x0000000724000000, 0x0000000724200000|  0%| F|  |TAMS 0x0000000724000000, 0x0000000724000000| Untracked 
| 289|0x0000000724200000, 0x0000000724200000, 0x0000000724400000|  0%| F|  |TAMS 0x0000000724200000, 0x0000000724200000| Untracked 
| 290|0x0000000724400000, 0x0000000724400000, 0x0000000724600000|  0%| F|  |TAMS 0x0000000724400000, 0x0000000724400000| Untracked 
| 291|0x0000000724600000, 0x0000000724600000, 0x0000000724800000|  0%| F|  |TAMS 0x0000000724600000, 0x0000000724600000| Untracked 
| 292|0x0000000724800000, 0x0000000724800000, 0x0000000724a00000|  0%| F|  |TAMS 0x0000000724800000, 0x0000000724800000| Untracked 
| 293|0x0000000724a00000, 0x0000000724a00000, 0x0000000724c00000|  0%| F|  |TAMS 0x0000000724a00000, 0x0000000724a00000| Untracked 
| 294|0x0000000724c00000, 0x0000000724c00000, 0x0000000724e00000|  0%| F|  |TAMS 0x0000000724c00000, 0x0000000724c00000| Untracked 
| 295|0x0000000724e00000, 0x0000000724e00000, 0x0000000725000000|  0%| F|  |TAMS 0x0000000724e00000, 0x0000000724e00000| Untracked 
| 296|0x0000000725000000, 0x0000000725000000, 0x0000000725200000|  0%| F|  |TAMS 0x0000000725000000, 0x0000000725000000| Untracked 
| 297|0x0000000725200000, 0x0000000725200000, 0x0000000725400000|  0%| F|  |TAMS 0x0000000725200000, 0x0000000725200000| Untracked 
| 298|0x0000000725400000, 0x0000000725400000, 0x0000000725600000|  0%| F|  |TAMS 0x0000000725400000, 0x0000000725400000| Untracked 
| 299|0x0000000725600000, 0x0000000725600000, 0x0000000725800000|  0%| F|  |TAMS 0x0000000725600000, 0x0000000725600000| Untracked 
| 300|0x0000000725800000, 0x0000000725800000, 0x0000000725a00000|  0%| F|  |TAMS 0x0000000725800000, 0x0000000725800000| Untracked 
| 301|0x0000000725a00000, 0x0000000725b47d10, 0x0000000725c00000| 64%| S|CS|TAMS 0x0000000725a00000, 0x0000000725a00000| Complete 
| 302|0x0000000725c00000, 0x0000000725e00000, 0x0000000725e00000|100%| S|CS|TAMS 0x0000000725c00000, 0x0000000725c00000| Complete 
| 303|0x0000000725e00000, 0x0000000726000000, 0x0000000726000000|100%| S|CS|TAMS 0x0000000725e00000, 0x0000000725e00000| Complete 
| 304|0x0000000726000000, 0x0000000726200000, 0x0000000726200000|100%| S|CS|TAMS 0x0000000726000000, 0x0000000726000000| Complete 
| 305|0x0000000726200000, 0x0000000726200000, 0x0000000726400000|  0%| F|  |TAMS 0x0000000726200000, 0x0000000726200000| Untracked 
| 306|0x0000000726400000, 0x0000000726400000, 0x0000000726600000|  0%| F|  |TAMS 0x0000000726400000, 0x0000000726400000| Untracked 
| 307|0x0000000726600000, 0x0000000726600000, 0x0000000726800000|  0%| F|  |TAMS 0x0000000726600000, 0x0000000726600000| Untracked 
| 308|0x0000000726800000, 0x0000000726800000, 0x0000000726a00000|  0%| F|  |TAMS 0x0000000726800000, 0x0000000726800000| Untracked 
| 309|0x0000000726a00000, 0x0000000726c00000, 0x0000000726c00000|100%| S|CS|TAMS 0x0000000726a00000, 0x0000000726a00000| Complete 
| 310|0x0000000726c00000, 0x0000000726e00000, 0x0000000726e00000|100%| S|CS|TAMS 0x0000000726c00000, 0x0000000726c00000| Complete 
| 311|0x0000000726e00000, 0x0000000727000000, 0x0000000727000000|100%| S|CS|TAMS 0x0000000726e00000, 0x0000000726e00000| Complete 
| 312|0x0000000727000000, 0x0000000727200000, 0x0000000727200000|100%| S|CS|TAMS 0x0000000727000000, 0x0000000727000000| Complete 
| 313|0x0000000727200000, 0x0000000727400000, 0x0000000727400000|100%| S|CS|TAMS 0x0000000727200000, 0x0000000727200000| Complete 
| 314|0x0000000727400000, 0x0000000727600000, 0x0000000727600000|100%| S|CS|TAMS 0x0000000727400000, 0x0000000727400000| Complete 
| 315|0x0000000727600000, 0x0000000727600000, 0x0000000727800000|  0%| F|  |TAMS 0x0000000727600000, 0x0000000727600000| Untracked 
| 316|0x0000000727800000, 0x0000000727800000, 0x0000000727a00000|  0%| F|  |TAMS 0x0000000727800000, 0x0000000727800000| Untracked 
| 317|0x0000000727a00000, 0x0000000727a00000, 0x0000000727c00000|  0%| F|  |TAMS 0x0000000727a00000, 0x0000000727a00000| Untracked 
| 318|0x0000000727c00000, 0x0000000727c00000, 0x0000000727e00000|  0%| F|  |TAMS 0x0000000727c00000, 0x0000000727c00000| Untracked 
| 319|0x0000000727e00000, 0x0000000727e00000, 0x0000000728000000|  0%| F|  |TAMS 0x0000000727e00000, 0x0000000727e00000| Untracked 
| 320|0x0000000728000000, 0x0000000728000000, 0x0000000728200000|  0%| F|  |TAMS 0x0000000728000000, 0x0000000728000000| Untracked 
| 321|0x0000000728200000, 0x0000000728200000, 0x0000000728400000|  0%| F|  |TAMS 0x0000000728200000, 0x0000000728200000| Untracked 
| 322|0x0000000728400000, 0x0000000728400000, 0x0000000728600000|  0%| F|  |TAMS 0x0000000728400000, 0x0000000728400000| Untracked 
| 323|0x0000000728600000, 0x0000000728600000, 0x0000000728800000|  0%| F|  |TAMS 0x0000000728600000, 0x0000000728600000| Untracked 
| 324|0x0000000728800000, 0x0000000728800000, 0x0000000728a00000|  0%| F|  |TAMS 0x0000000728800000, 0x0000000728800000| Untracked 
| 325|0x0000000728a00000, 0x0000000728a00000, 0x0000000728c00000|  0%| F|  |TAMS 0x0000000728a00000, 0x0000000728a00000| Untracked 
| 326|0x0000000728c00000, 0x0000000728e00000, 0x0000000728e00000|100%| S|CS|TAMS 0x0000000728c00000, 0x0000000728c00000| Complete 
| 327|0x0000000728e00000, 0x0000000729000000, 0x0000000729000000|100%| S|CS|TAMS 0x0000000728e00000, 0x0000000728e00000| Complete 
| 328|0x0000000729000000, 0x0000000729200000, 0x0000000729200000|100%| S|CS|TAMS 0x0000000729000000, 0x0000000729000000| Complete 
| 329|0x0000000729200000, 0x0000000729400000, 0x0000000729400000|100%| S|CS|TAMS 0x0000000729200000, 0x0000000729200000| Complete 
| 330|0x0000000729400000, 0x0000000729400000, 0x0000000729600000|  0%| F|  |TAMS 0x0000000729400000, 0x0000000729400000| Untracked 
| 331|0x0000000729600000, 0x0000000729600000, 0x0000000729800000|  0%| F|  |TAMS 0x0000000729600000, 0x0000000729600000| Untracked 
| 332|0x0000000729800000, 0x0000000729800000, 0x0000000729a00000|  0%| F|  |TAMS 0x0000000729800000, 0x0000000729800000| Untracked 
| 333|0x0000000729a00000, 0x0000000729a00000, 0x0000000729c00000|  0%| F|  |TAMS 0x0000000729a00000, 0x0000000729a00000| Untracked 
| 334|0x0000000729c00000, 0x0000000729c00000, 0x0000000729e00000|  0%| F|  |TAMS 0x0000000729c00000, 0x0000000729c00000| Untracked 
| 335|0x0000000729e00000, 0x0000000729e00000, 0x000000072a000000|  0%| F|  |TAMS 0x0000000729e00000, 0x0000000729e00000| Untracked 
| 336|0x000000072a000000, 0x000000072a000000, 0x000000072a200000|  0%| F|  |TAMS 0x000000072a000000, 0x000000072a000000| Untracked 
| 337|0x000000072a200000, 0x000000072a200000, 0x000000072a400000|  0%| F|  |TAMS 0x000000072a200000, 0x000000072a200000| Untracked 
| 338|0x000000072a400000, 0x000000072a400000, 0x000000072a600000|  0%| F|  |TAMS 0x000000072a400000, 0x000000072a400000| Untracked 
| 339|0x000000072a600000, 0x000000072a600000, 0x000000072a800000|  0%| F|  |TAMS 0x000000072a600000, 0x000000072a600000| Untracked 
| 340|0x000000072a800000, 0x000000072a800000, 0x000000072aa00000|  0%| F|  |TAMS 0x000000072a800000, 0x000000072a800000| Untracked 
| 341|0x000000072aa00000, 0x000000072aa00000, 0x000000072ac00000|  0%| F|  |TAMS 0x000000072aa00000, 0x000000072aa00000| Untracked 
| 342|0x000000072ac00000, 0x000000072ac00000, 0x000000072ae00000|  0%| F|  |TAMS 0x000000072ac00000, 0x000000072ac00000| Untracked 
| 343|0x000000072ae00000, 0x000000072ae00000, 0x000000072b000000|  0%| F|  |TAMS 0x000000072ae00000, 0x000000072ae00000| Untracked 
| 344|0x000000072b000000, 0x000000072b000000, 0x000000072b200000|  0%| F|  |TAMS 0x000000072b000000, 0x000000072b000000| Untracked 
| 345|0x000000072b200000, 0x000000072b200000, 0x000000072b400000|  0%| F|  |TAMS 0x000000072b200000, 0x000000072b200000| Untracked 
| 346|0x000000072b400000, 0x000000072b400000, 0x000000072b600000|  0%| F|  |TAMS 0x000000072b400000, 0x000000072b400000| Untracked 
| 347|0x000000072b600000, 0x000000072b600000, 0x000000072b800000|  0%| F|  |TAMS 0x000000072b600000, 0x000000072b600000| Untracked 
| 348|0x000000072b800000, 0x000000072b800000, 0x000000072ba00000|  0%| F|  |TAMS 0x000000072b800000, 0x000000072b800000| Untracked 
| 349|0x000000072ba00000, 0x000000072ba00000, 0x000000072bc00000|  0%| F|  |TAMS 0x000000072ba00000, 0x000000072ba00000| Untracked 
| 350|0x000000072bc00000, 0x000000072bc00000, 0x000000072be00000|  0%| F|  |TAMS 0x000000072bc00000, 0x000000072bc00000| Untracked 
| 351|0x000000072be00000, 0x000000072be00000, 0x000000072c000000|  0%| F|  |TAMS 0x000000072be00000, 0x000000072be00000| Untracked 
| 352|0x000000072c000000, 0x000000072c000000, 0x000000072c200000|  0%| F|  |TAMS 0x000000072c000000, 0x000000072c000000| Untracked 
| 353|0x000000072c200000, 0x000000072c200000, 0x000000072c400000|  0%| F|  |TAMS 0x000000072c200000, 0x000000072c200000| Untracked 
| 354|0x000000072c400000, 0x000000072c400000, 0x000000072c600000|  0%| F|  |TAMS 0x000000072c400000, 0x000000072c400000| Untracked 
| 355|0x000000072c600000, 0x000000072c600000, 0x000000072c800000|  0%| F|  |TAMS 0x000000072c600000, 0x000000072c600000| Untracked 
| 356|0x000000072c800000, 0x000000072c800000, 0x000000072ca00000|  0%| F|  |TAMS 0x000000072c800000, 0x000000072c800000| Untracked 
| 357|0x000000072ca00000, 0x000000072ca00000, 0x000000072cc00000|  0%| F|  |TAMS 0x000000072ca00000, 0x000000072ca00000| Untracked 
| 358|0x000000072cc00000, 0x000000072cc00000, 0x000000072ce00000|  0%| F|  |TAMS 0x000000072cc00000, 0x000000072cc00000| Untracked 
| 359|0x000000072ce00000, 0x000000072ce00000, 0x000000072d000000|  0%| F|  |TAMS 0x000000072ce00000, 0x000000072ce00000| Untracked 
| 360|0x000000072d000000, 0x000000072d000000, 0x000000072d200000|  0%| F|  |TAMS 0x000000072d000000, 0x000000072d000000| Untracked 
| 361|0x000000072d200000, 0x000000072d200000, 0x000000072d400000|  0%| F|  |TAMS 0x000000072d200000, 0x000000072d200000| Untracked 
| 362|0x000000072d400000, 0x000000072d400000, 0x000000072d600000|  0%| F|  |TAMS 0x000000072d400000, 0x000000072d400000| Untracked 
| 363|0x000000072d600000, 0x000000072d600000, 0x000000072d800000|  0%| F|  |TAMS 0x000000072d600000, 0x000000072d600000| Untracked 
| 364|0x000000072d800000, 0x000000072d800000, 0x000000072da00000|  0%| F|  |TAMS 0x000000072d800000, 0x000000072d800000| Untracked 
| 365|0x000000072da00000, 0x000000072da00000, 0x000000072dc00000|  0%| F|  |TAMS 0x000000072da00000, 0x000000072da00000| Untracked 
| 366|0x000000072dc00000, 0x000000072dc00000, 0x000000072de00000|  0%| F|  |TAMS 0x000000072dc00000, 0x000000072dc00000| Untracked 
| 367|0x000000072de00000, 0x000000072de00000, 0x000000072e000000|  0%| F|  |TAMS 0x000000072de00000, 0x000000072de00000| Untracked 
| 368|0x000000072e000000, 0x000000072e000000, 0x000000072e200000|  0%| F|  |TAMS 0x000000072e000000, 0x000000072e000000| Untracked 
| 369|0x000000072e200000, 0x000000072e200000, 0x000000072e400000|  0%| F|  |TAMS 0x000000072e200000, 0x000000072e200000| Untracked 
| 370|0x000000072e400000, 0x000000072e400000, 0x000000072e600000|  0%| F|  |TAMS 0x000000072e400000, 0x000000072e400000| Untracked 
| 371|0x000000072e600000, 0x000000072e600000, 0x000000072e800000|  0%| F|  |TAMS 0x000000072e600000, 0x000000072e600000| Untracked 
| 372|0x000000072e800000, 0x000000072e800000, 0x000000072ea00000|  0%| F|  |TAMS 0x000000072e800000, 0x000000072e800000| Untracked 
| 373|0x000000072ea00000, 0x000000072ea00000, 0x000000072ec00000|  0%| F|  |TAMS 0x000000072ea00000, 0x000000072ea00000| Untracked 
| 374|0x000000072ec00000, 0x000000072ec00000, 0x000000072ee00000|  0%| F|  |TAMS 0x000000072ec00000, 0x000000072ec00000| Untracked 
| 375|0x000000072ee00000, 0x000000072ee00000, 0x000000072f000000|  0%| F|  |TAMS 0x000000072ee00000, 0x000000072ee00000| Untracked 
| 376|0x000000072f000000, 0x000000072f000000, 0x000000072f200000|  0%| F|  |TAMS 0x000000072f000000, 0x000000072f000000| Untracked 
| 377|0x000000072f200000, 0x000000072f200000, 0x000000072f400000|  0%| F|  |TAMS 0x000000072f200000, 0x000000072f200000| Untracked 
| 378|0x000000072f400000, 0x000000072f400000, 0x000000072f600000|  0%| F|  |TAMS 0x000000072f400000, 0x000000072f400000| Untracked 
| 379|0x000000072f600000, 0x000000072f600000, 0x000000072f800000|  0%| F|  |TAMS 0x000000072f600000, 0x000000072f600000| Untracked 
| 380|0x000000072f800000, 0x000000072f800000, 0x000000072fa00000|  0%| F|  |TAMS 0x000000072f800000, 0x000000072f800000| Untracked 
| 381|0x000000072fa00000, 0x000000072fa00000, 0x000000072fc00000|  0%| F|  |TAMS 0x000000072fa00000, 0x000000072fa00000| Untracked 
| 382|0x000000072fc00000, 0x000000072fc00000, 0x000000072fe00000|  0%| F|  |TAMS 0x000000072fc00000, 0x000000072fc00000| Untracked 
| 383|0x000000072fe00000, 0x000000072fe00000, 0x0000000730000000|  0%| F|  |TAMS 0x000000072fe00000, 0x000000072fe00000| Untracked 
| 384|0x0000000730000000, 0x0000000730000000, 0x0000000730200000|  0%| F|  |TAMS 0x0000000730000000, 0x0000000730000000| Untracked 
| 385|0x0000000730200000, 0x0000000730200000, 0x0000000730400000|  0%| F|  |TAMS 0x0000000730200000, 0x0000000730200000| Untracked 
| 386|0x0000000730400000, 0x0000000730400000, 0x0000000730600000|  0%| F|  |TAMS 0x0000000730400000, 0x0000000730400000| Untracked 
| 387|0x0000000730600000, 0x0000000730600000, 0x0000000730800000|  0%| F|  |TAMS 0x0000000730600000, 0x0000000730600000| Untracked 
| 388|0x0000000730800000, 0x0000000730800000, 0x0000000730a00000|  0%| F|  |TAMS 0x0000000730800000, 0x0000000730800000| Untracked 
| 389|0x0000000730a00000, 0x0000000730a00000, 0x0000000730c00000|  0%| F|  |TAMS 0x0000000730a00000, 0x0000000730a00000| Untracked 
| 390|0x0000000730c00000, 0x0000000730c00000, 0x0000000730e00000|  0%| F|  |TAMS 0x0000000730c00000, 0x0000000730c00000| Untracked 
| 391|0x0000000730e00000, 0x0000000730e00000, 0x0000000731000000|  0%| F|  |TAMS 0x0000000730e00000, 0x0000000730e00000| Untracked 
| 392|0x0000000731000000, 0x0000000731000000, 0x0000000731200000|  0%| F|  |TAMS 0x0000000731000000, 0x0000000731000000| Untracked 
| 393|0x0000000731200000, 0x0000000731200000, 0x0000000731400000|  0%| F|  |TAMS 0x0000000731200000, 0x0000000731200000| Untracked 
| 394|0x0000000731400000, 0x0000000731400000, 0x0000000731600000|  0%| F|  |TAMS 0x0000000731400000, 0x0000000731400000| Untracked 
| 395|0x0000000731600000, 0x0000000731600000, 0x0000000731800000|  0%| F|  |TAMS 0x0000000731600000, 0x0000000731600000| Untracked 
| 396|0x0000000731800000, 0x0000000731800000, 0x0000000731a00000|  0%| F|  |TAMS 0x0000000731800000, 0x0000000731800000| Untracked 
| 397|0x0000000731a00000, 0x0000000731a00000, 0x0000000731c00000|  0%| F|  |TAMS 0x0000000731a00000, 0x0000000731a00000| Untracked 
| 398|0x0000000731c00000, 0x0000000731c00000, 0x0000000731e00000|  0%| F|  |TAMS 0x0000000731c00000, 0x0000000731c00000| Untracked 
| 399|0x0000000731e00000, 0x0000000731e00000, 0x0000000732000000|  0%| F|  |TAMS 0x0000000731e00000, 0x0000000731e00000| Untracked 
| 400|0x0000000732000000, 0x0000000732000000, 0x0000000732200000|  0%| F|  |TAMS 0x0000000732000000, 0x0000000732000000| Untracked 
| 401|0x0000000732200000, 0x0000000732200000, 0x0000000732400000|  0%| F|  |TAMS 0x0000000732200000, 0x0000000732200000| Untracked 
| 402|0x0000000732400000, 0x0000000732400000, 0x0000000732600000|  0%| F|  |TAMS 0x0000000732400000, 0x0000000732400000| Untracked 
| 403|0x0000000732600000, 0x0000000732600000, 0x0000000732800000|  0%| F|  |TAMS 0x0000000732600000, 0x0000000732600000| Untracked 
| 404|0x0000000732800000, 0x0000000732800000, 0x0000000732a00000|  0%| F|  |TAMS 0x0000000732800000, 0x0000000732800000| Untracked 
| 405|0x0000000732a00000, 0x0000000732a00000, 0x0000000732c00000|  0%| F|  |TAMS 0x0000000732a00000, 0x0000000732a00000| Untracked 
| 406|0x0000000732c00000, 0x0000000732c00000, 0x0000000732e00000|  0%| F|  |TAMS 0x0000000732c00000, 0x0000000732c00000| Untracked 
| 407|0x0000000732e00000, 0x0000000732e00000, 0x0000000733000000|  0%| F|  |TAMS 0x0000000732e00000, 0x0000000732e00000| Untracked 
| 408|0x0000000733000000, 0x0000000733000000, 0x0000000733200000|  0%| F|  |TAMS 0x0000000733000000, 0x0000000733000000| Untracked 
| 409|0x0000000733200000, 0x0000000733200000, 0x0000000733400000|  0%| F|  |TAMS 0x0000000733200000, 0x0000000733200000| Untracked 
| 410|0x0000000733400000, 0x0000000733400000, 0x0000000733600000|  0%| F|  |TAMS 0x0000000733400000, 0x0000000733400000| Untracked 
| 411|0x0000000733600000, 0x0000000733600000, 0x0000000733800000|  0%| F|  |TAMS 0x0000000733600000, 0x0000000733600000| Untracked 
| 412|0x0000000733800000, 0x0000000733800000, 0x0000000733a00000|  0%| F|  |TAMS 0x0000000733800000, 0x0000000733800000| Untracked 
| 413|0x0000000733a00000, 0x0000000733a00000, 0x0000000733c00000|  0%| F|  |TAMS 0x0000000733a00000, 0x0000000733a00000| Untracked 
| 414|0x0000000733c00000, 0x0000000733c00000, 0x0000000733e00000|  0%| F|  |TAMS 0x0000000733c00000, 0x0000000733c00000| Untracked 
| 415|0x0000000733e00000, 0x0000000733e00000, 0x0000000734000000|  0%| F|  |TAMS 0x0000000733e00000, 0x0000000733e00000| Untracked 
| 416|0x0000000734000000, 0x0000000734000000, 0x0000000734200000|  0%| F|  |TAMS 0x0000000734000000, 0x0000000734000000| Untracked 
| 417|0x0000000734200000, 0x0000000734200000, 0x0000000734400000|  0%| F|  |TAMS 0x0000000734200000, 0x0000000734200000| Untracked 
| 418|0x0000000734400000, 0x0000000734400000, 0x0000000734600000|  0%| F|  |TAMS 0x0000000734400000, 0x0000000734400000| Untracked 
| 419|0x0000000734600000, 0x0000000734600000, 0x0000000734800000|  0%| F|  |TAMS 0x0000000734600000, 0x0000000734600000| Untracked 
| 420|0x0000000734800000, 0x0000000734800000, 0x0000000734a00000|  0%| F|  |TAMS 0x0000000734800000, 0x0000000734800000| Untracked 
| 421|0x0000000734a00000, 0x0000000734a00000, 0x0000000734c00000|  0%| F|  |TAMS 0x0000000734a00000, 0x0000000734a00000| Untracked 
| 422|0x0000000734c00000, 0x0000000734c00000, 0x0000000734e00000|  0%| F|  |TAMS 0x0000000734c00000, 0x0000000734c00000| Untracked 
| 423|0x0000000734e00000, 0x0000000734e00000, 0x0000000735000000|  0%| F|  |TAMS 0x0000000734e00000, 0x0000000734e00000| Untracked 
| 424|0x0000000735000000, 0x0000000735000000, 0x0000000735200000|  0%| F|  |TAMS 0x0000000735000000, 0x0000000735000000| Untracked 
| 425|0x0000000735200000, 0x0000000735200000, 0x0000000735400000|  0%| F|  |TAMS 0x0000000735200000, 0x0000000735200000| Untracked 
| 426|0x0000000735400000, 0x0000000735400000, 0x0000000735600000|  0%| F|  |TAMS 0x0000000735400000, 0x0000000735400000| Untracked 
| 427|0x0000000735600000, 0x0000000735600000, 0x0000000735800000|  0%| F|  |TAMS 0x0000000735600000, 0x0000000735600000| Untracked 
| 428|0x0000000735800000, 0x0000000735800000, 0x0000000735a00000|  0%| F|  |TAMS 0x0000000735800000, 0x0000000735800000| Untracked 
| 429|0x0000000735a00000, 0x0000000735a00000, 0x0000000735c00000|  0%| F|  |TAMS 0x0000000735a00000, 0x0000000735a00000| Untracked 
| 430|0x0000000735c00000, 0x0000000735c00000, 0x0000000735e00000|  0%| F|  |TAMS 0x0000000735c00000, 0x0000000735c00000| Untracked 
| 431|0x0000000735e00000, 0x0000000735e00000, 0x0000000736000000|  0%| F|  |TAMS 0x0000000735e00000, 0x0000000735e00000| Untracked 
| 432|0x0000000736000000, 0x0000000736000000, 0x0000000736200000|  0%| F|  |TAMS 0x0000000736000000, 0x0000000736000000| Untracked 
| 433|0x0000000736200000, 0x0000000736200000, 0x0000000736400000|  0%| F|  |TAMS 0x0000000736200000, 0x0000000736200000| Untracked 
| 434|0x0000000736400000, 0x0000000736499108, 0x0000000736600000| 29%| E|  |TAMS 0x0000000736400000, 0x0000000736400000| Complete 
| 435|0x0000000736600000, 0x0000000736800000, 0x0000000736800000|100%| E|CS|TAMS 0x0000000736600000, 0x0000000736600000| Complete 
| 436|0x0000000736800000, 0x0000000736a00000, 0x0000000736a00000|100%| E|CS|TAMS 0x0000000736800000, 0x0000000736800000| Complete 
| 437|0x0000000736a00000, 0x0000000736c00000, 0x0000000736c00000|100%| E|CS|TAMS 0x0000000736a00000, 0x0000000736a00000| Complete 
| 438|0x0000000736c00000, 0x0000000736e00000, 0x0000000736e00000|100%| E|CS|TAMS 0x0000000736c00000, 0x0000000736c00000| Complete 
| 439|0x0000000736e00000, 0x0000000737000000, 0x0000000737000000|100%| E|CS|TAMS 0x0000000736e00000, 0x0000000736e00000| Complete 
| 440|0x0000000737000000, 0x0000000737200000, 0x0000000737200000|100%| E|CS|TAMS 0x0000000737000000, 0x0000000737000000| Complete 
| 441|0x0000000737200000, 0x0000000737400000, 0x0000000737400000|100%| E|CS|TAMS 0x0000000737200000, 0x0000000737200000| Complete 
| 442|0x0000000737400000, 0x0000000737600000, 0x0000000737600000|100%| E|CS|TAMS 0x0000000737400000, 0x0000000737400000| Complete 
| 443|0x0000000737600000, 0x0000000737800000, 0x0000000737800000|100%| E|CS|TAMS 0x0000000737600000, 0x0000000737600000| Complete 
| 444|0x0000000737800000, 0x0000000737a00000, 0x0000000737a00000|100%| E|CS|TAMS 0x0000000737800000, 0x0000000737800000| Complete 
| 445|0x0000000737a00000, 0x0000000737c00000, 0x0000000737c00000|100%| E|CS|TAMS 0x0000000737a00000, 0x0000000737a00000| Complete 
| 446|0x0000000737c00000, 0x0000000737e00000, 0x0000000737e00000|100%| E|CS|TAMS 0x0000000737c00000, 0x0000000737c00000| Complete 
| 447|0x0000000737e00000, 0x0000000738000000, 0x0000000738000000|100%| E|CS|TAMS 0x0000000737e00000, 0x0000000737e00000| Complete 
| 448|0x0000000738000000, 0x0000000738200000, 0x0000000738200000|100%| E|CS|TAMS 0x0000000738000000, 0x0000000738000000| Complete 
| 449|0x0000000738200000, 0x0000000738400000, 0x0000000738400000|100%| E|CS|TAMS 0x0000000738200000, 0x0000000738200000| Complete 
| 450|0x0000000738400000, 0x0000000738600000, 0x0000000738600000|100%| E|CS|TAMS 0x0000000738400000, 0x0000000738400000| Complete 
| 451|0x0000000738600000, 0x0000000738800000, 0x0000000738800000|100%| E|CS|TAMS 0x0000000738600000, 0x0000000738600000| Complete 
| 452|0x0000000738800000, 0x0000000738a00000, 0x0000000738a00000|100%| E|CS|TAMS 0x0000000738800000, 0x0000000738800000| Complete 
| 453|0x0000000738a00000, 0x0000000738c00000, 0x0000000738c00000|100%| E|CS|TAMS 0x0000000738a00000, 0x0000000738a00000| Complete 
| 454|0x0000000738c00000, 0x0000000738e00000, 0x0000000738e00000|100%| E|CS|TAMS 0x0000000738c00000, 0x0000000738c00000| Complete 
| 455|0x0000000738e00000, 0x0000000739000000, 0x0000000739000000|100%| E|CS|TAMS 0x0000000738e00000, 0x0000000738e00000| Complete 
| 456|0x0000000739000000, 0x0000000739200000, 0x0000000739200000|100%| E|CS|TAMS 0x0000000739000000, 0x0000000739000000| Complete 
| 457|0x0000000739200000, 0x0000000739400000, 0x0000000739400000|100%| E|CS|TAMS 0x0000000739200000, 0x0000000739200000| Complete 
| 458|0x0000000739400000, 0x0000000739600000, 0x0000000739600000|100%| E|CS|TAMS 0x0000000739400000, 0x0000000739400000| Complete 
| 459|0x0000000739600000, 0x0000000739800000, 0x0000000739800000|100%| E|CS|TAMS 0x0000000739600000, 0x0000000739600000| Complete 
| 460|0x0000000739800000, 0x0000000739a00000, 0x0000000739a00000|100%| E|CS|TAMS 0x0000000739800000, 0x0000000739800000| Complete 
| 461|0x0000000739a00000, 0x0000000739c00000, 0x0000000739c00000|100%| E|CS|TAMS 0x0000000739a00000, 0x0000000739a00000| Complete 
| 462|0x0000000739c00000, 0x0000000739e00000, 0x0000000739e00000|100%| E|CS|TAMS 0x0000000739c00000, 0x0000000739c00000| Complete 
| 463|0x0000000739e00000, 0x000000073a000000, 0x000000073a000000|100%| E|CS|TAMS 0x0000000739e00000, 0x0000000739e00000| Complete 
| 464|0x000000073a000000, 0x000000073a200000, 0x000000073a200000|100%| E|CS|TAMS 0x000000073a000000, 0x000000073a000000| Complete 
| 465|0x000000073a200000, 0x000000073a400000, 0x000000073a400000|100%| E|CS|TAMS 0x000000073a200000, 0x000000073a200000| Complete 
| 466|0x000000073a400000, 0x000000073a600000, 0x000000073a600000|100%| E|CS|TAMS 0x000000073a400000, 0x000000073a400000| Complete 
| 467|0x000000073a600000, 0x000000073a800000, 0x000000073a800000|100%| E|CS|TAMS 0x000000073a600000, 0x000000073a600000| Complete 
| 468|0x000000073a800000, 0x000000073aa00000, 0x000000073aa00000|100%| E|CS|TAMS 0x000000073a800000, 0x000000073a800000| Complete 
| 469|0x000000073aa00000, 0x000000073ac00000, 0x000000073ac00000|100%| E|CS|TAMS 0x000000073aa00000, 0x000000073aa00000| Complete 
| 470|0x000000073ac00000, 0x000000073ae00000, 0x000000073ae00000|100%| E|CS|TAMS 0x000000073ac00000, 0x000000073ac00000| Complete 
| 471|0x000000073ae00000, 0x000000073b000000, 0x000000073b000000|100%| E|CS|TAMS 0x000000073ae00000, 0x000000073ae00000| Complete 
| 472|0x000000073b000000, 0x000000073b200000, 0x000000073b200000|100%| E|  |TAMS 0x000000073b000000, 0x000000073b000000| Complete 
| 473|0x000000073b200000, 0x000000073b400000, 0x000000073b400000|100%| E|CS|TAMS 0x000000073b200000, 0x000000073b200000| Complete 
| 474|0x000000073b400000, 0x000000073b600000, 0x000000073b600000|100%| E|CS|TAMS 0x000000073b400000, 0x000000073b400000| Complete 
| 475|0x000000073b600000, 0x000000073b800000, 0x000000073b800000|100%| E|CS|TAMS 0x000000073b600000, 0x000000073b600000| Complete 
| 476|0x000000073b800000, 0x000000073ba00000, 0x000000073ba00000|100%| E|CS|TAMS 0x000000073b800000, 0x000000073b800000| Complete 
| 477|0x000000073ba00000, 0x000000073bc00000, 0x000000073bc00000|100%| E|CS|TAMS 0x000000073ba00000, 0x000000073ba00000| Complete 
| 478|0x000000073bc00000, 0x000000073be00000, 0x000000073be00000|100%| E|CS|TAMS 0x000000073bc00000, 0x000000073bc00000| Complete 
| 479|0x000000073be00000, 0x000000073c000000, 0x000000073c000000|100%| E|CS|TAMS 0x000000073be00000, 0x000000073be00000| Complete 
| 480|0x000000073c000000, 0x000000073c200000, 0x000000073c200000|100%| E|CS|TAMS 0x000000073c000000, 0x000000073c000000| Complete 
| 481|0x000000073c200000, 0x000000073c400000, 0x000000073c400000|100%| E|CS|TAMS 0x000000073c200000, 0x000000073c200000| Complete 
| 482|0x000000073c400000, 0x000000073c600000, 0x000000073c600000|100%| E|CS|TAMS 0x000000073c400000, 0x000000073c400000| Complete 
| 483|0x000000073c600000, 0x000000073c800000, 0x000000073c800000|100%| E|CS|TAMS 0x000000073c600000, 0x000000073c600000| Complete 
| 484|0x000000073c800000, 0x000000073ca00000, 0x000000073ca00000|100%| E|CS|TAMS 0x000000073c800000, 0x000000073c800000| Complete 
| 485|0x000000073ca00000, 0x000000073cc00000, 0x000000073cc00000|100%| E|CS|TAMS 0x000000073ca00000, 0x000000073ca00000| Complete 
| 486|0x000000073cc00000, 0x000000073ce00000, 0x000000073ce00000|100%| E|CS|TAMS 0x000000073cc00000, 0x000000073cc00000| Complete 
| 487|0x000000073ce00000, 0x000000073d000000, 0x000000073d000000|100%| E|CS|TAMS 0x000000073ce00000, 0x000000073ce00000| Complete 
| 488|0x000000073d000000, 0x000000073d200000, 0x000000073d200000|100%| E|CS|TAMS 0x000000073d000000, 0x000000073d000000| Complete 
| 489|0x000000073d200000, 0x000000073d400000, 0x000000073d400000|100%| E|CS|TAMS 0x000000073d200000, 0x000000073d200000| Complete 
| 490|0x000000073d400000, 0x000000073d600000, 0x000000073d600000|100%| E|CS|TAMS 0x000000073d400000, 0x000000073d400000| Complete 

Card table byte_map: [0x000001db578f0000,0x000001db580f0000] _byte_map_base: 0x000001db540f0000

Marking Bits (Prev, Next): (CMBitMap*) 0x000001db3e842a70, (CMBitMap*) 0x000001db3e842ab0
 Prev Bits: [0x000001db588f0000, 0x000001db5c8f0000)
 Next Bits: [0x000001db5c8f0000, 0x000001db608f0000)

Polling page: 0x000001db3e530000

Metaspace:

Usage:
  Non-class:    129.66 MB used.
      Class:     20.22 MB used.
       Both:    149.87 MB used.

Virtual space:
  Non-class space:      192.00 MB reserved,     131.31 MB ( 68%) committed,  3 nodes.
      Class space:        1.00 GB reserved,      21.56 MB (  2%) committed,  1 nodes.
             Both:        1.19 GB reserved,     152.88 MB ( 13%) committed. 

Chunk freelists:
   Non-Class:  12.39 MB
       Class:  10.40 MB
        Both:  22.79 MB

MaxMetaspaceSize: unlimited
CompressedClassSpaceSize: 1.00 GB
Initial GC threshold: 21.00 MB
Current GC threshold: 230.31 MB
CDS: on
MetaspaceReclaimPolicy: balanced
 - commit_granule_bytes: 65536.
 - commit_granule_words: 8192.
 - virtual_space_node_default_size: 8388608.
 - enlarge_chunks_in_place: 1.
 - new_chunks_are_fully_committed: 0.
 - uncommit_free_chunks: 1.
 - use_allocation_guard: 0.
 - handle_deallocations: 1.


Internal statistics:

num_allocs_failed_limit: 21.
num_arena_births: 4016.
num_arena_deaths: 8.
num_vsnodes_births: 4.
num_vsnodes_deaths: 0.
num_space_committed: 2445.
num_space_uncommitted: 0.
num_chunks_returned_to_freelist: 32.
num_chunks_taken_from_freelist: 11775.
num_chunk_merges: 6.
num_chunk_splits: 7162.
num_chunks_enlarged: 3886.
num_inconsistent_stats: 0.

CodeHeap 'non-profiled nmethods': size=120000Kb used=16761Kb max_used=17154Kb free=103238Kb
 bounds [0x000001db4f160000, 0x000001db50230000, 0x000001db56690000]
CodeHeap 'profiled nmethods': size=120000Kb used=43049Kb max_used=44060Kb free=76950Kb
 bounds [0x000001db47690000, 0x000001db4a1a0000, 0x000001db4ebc0000]
CodeHeap 'non-nmethods': size=5760Kb used=2488Kb max_used=2579Kb free=3271Kb
 bounds [0x000001db4ebc0000, 0x000001db4ee60000, 0x000001db4f160000]
 total_blobs=23523 nmethods=22484 adapters=950
 compilation: enabled
              stopped_count=0, restarted_count=0
 full_count=0

Compilation events (20 events):
Event: 159.439 Thread 0x000001db633d4a20 29640 %     3       org.gradle.internal.execution.history.impl.FileCollectionFingerprintSerializer::readRootHashes @ 22 (78 bytes)
Event: 159.441 Thread 0x000001db633d4a20 nmethod 29640% 0x000001db48bdc010 code [0x000001db48bdc280, 0x000001db48bdcfd8]
Event: 159.456 Thread 0x000001db633d4a20 29641       3       org.gradle.internal.fingerprint.classpath.impl.ClasspathFingerprintingStrategy::collectFingerprints (41 bytes)
Event: 159.458 Thread 0x000001db633d4a20 nmethod 29641 0x000001db494ed390 code [0x000001db494ed620, 0x000001db494ee718]
Event: 159.458 Thread 0x000001db633d4a20 29642       3       org.gradle.internal.fingerprint.classpath.impl.ClasspathFingerprintingStrategy$ClasspathFingerprintingVisitor::<init> (20 bytes)
Event: 159.458 Thread 0x000001db633d4a20 nmethod 29642 0x000001db47ab2510 code [0x000001db47ab26c0, 0x000001db47ab2958]
Event: 159.615 Thread 0x000001db633d4a20 29644       1       org.gradle.api.internal.provider.sources.EnvironmentVariableValueSource$Parameters_Decorated::isImmutable (3 bytes)
Event: 159.616 Thread 0x000001db633d4a20 nmethod 29644 0x000001db4f45ce10 code [0x000001db4f45cfa0, 0x000001db4f45d078]
Event: 159.616 Thread 0x000001db633d4a20 29645       1       org.gradle.api.internal.provider.sources.EnvironmentVariableValueSource$Parameters_Decorated::publicType (3 bytes)
Event: 159.617 Thread 0x000001db633d4a20 nmethod 29645 0x000001db4fd04e90 code [0x000001db4fd05020, 0x000001db4fd050f8]
Event: 159.617 Thread 0x000001db633d4a20 29646       3       org.gradle.api.internal.provider.sources.EnvironmentVariableValueSource$Inject::getParameters (31 bytes)
Event: 159.617 Thread 0x000001db633d4a20 nmethod 29646 0x000001db4770ab90 code [0x000001db4770ad60, 0x000001db4770b238]
Event: 159.617 Thread 0x000001db633d4a20 29647       3       org.gradle.api.internal.provider.sources.EnvironmentVariableValueSource$Parameters$Inject::getVariableName (34 bytes)
Event: 159.618 Thread 0x000001db633d4a20 nmethod 29647 0x000001db48942a10 code [0x000001db48942be0, 0x000001db48942ff8]
Event: 159.618 Thread 0x000001db633d4a20 29648       3       org.gradle.api.internal.provider.sources.EnvironmentVariableValueSource::variableNameOrNull (21 bytes)
Event: 159.619 Thread 0x000001db633d4a20 nmethod 29648 0x000001db48714810 code [0x000001db48714a40, 0x000001db48715528]
Event: 159.624 Thread 0x000001db633d4a20 29649       3       org.gradle.api.internal.provider.DefaultListProperty::emptyCollection (5 bytes)
Event: 159.625 Thread 0x000001db633d4a20 nmethod 29649 0x000001db47a72210 code [0x000001db47a723c0, 0x000001db47a72598]
Event: 159.625 Thread 0x000001db633d4a20 29650       3       org.gradle.api.internal.provider.DefaultListProperty::emptyCollection (4 bytes)
Event: 159.625 Thread 0x000001db633d4a20 nmethod 29650 0x000001db47c78d90 code [0x000001db47c78f20, 0x000001db47c79098]

GC Heap History (20 events):
Event: 100.082 GC heap before
{Heap before GC invocations=90 (full 0):
 garbage-first heap   total 665600K, used 416684K [0x0000000700000000, 0x0000000800000000)
  region size 2048K, 16 young (32768K), 6 survivors (12288K)
 Metaspace       used 133351K, committed 135616K, reserved 1179648K
  class space    used 18466K, committed 19520K, reserved 1048576K
}
Event: 100.122 GC heap after
{Heap after GC invocations=91 (full 0):
 garbage-first heap   total 665600K, used 390990K [0x0000000700000000, 0x0000000800000000)
  region size 2048K, 2 young (4096K), 2 survivors (4096K)
 Metaspace       used 133351K, committed 135616K, reserved 1179648K
  class space    used 18466K, committed 19520K, reserved 1048576K
}
Event: 102.591 GC heap before
{Heap before GC invocations=91 (full 0):
 garbage-first heap   total 665600K, used 544590K [0x0000000700000000, 0x0000000800000000)
  region size 2048K, 77 young (157696K), 2 survivors (4096K)
 Metaspace       used 138128K, committed 140544K, reserved 1179648K
  class space    used 19158K, committed 20224K, reserved 1048576K
}
Event: 102.622 GC heap after
{Heap after GC invocations=92 (full 0):
 garbage-first heap   total 665600K, used 412940K [0x0000000700000000, 0x0000000800000000)
  region size 2048K, 10 young (20480K), 10 survivors (20480K)
 Metaspace       used 138128K, committed 140544K, reserved 1179648K
  class space    used 19158K, committed 20224K, reserved 1048576K
}
Event: 104.557 GC heap before
{Heap before GC invocations=93 (full 0):
 garbage-first heap   total 755712K, used 541964K [0x0000000700000000, 0x0000000800000000)
  region size 2048K, 73 young (149504K), 10 survivors (20480K)
 Metaspace       used 139202K, committed 141696K, reserved 1179648K
  class space    used 19278K, committed 20416K, reserved 1048576K
}
Event: 104.594 GC heap after
{Heap after GC invocations=94 (full 0):
 garbage-first heap   total 755712K, used 429099K [0x0000000700000000, 0x0000000800000000)
  region size 2048K, 8 young (16384K), 8 survivors (16384K)
 Metaspace       used 139202K, committed 141696K, reserved 1179648K
  class space    used 19278K, committed 20416K, reserved 1048576K
}
Event: 104.873 GC heap before
{Heap before GC invocations=94 (full 0):
 garbage-first heap   total 755712K, used 449579K [0x0000000700000000, 0x0000000800000000)
  region size 2048K, 18 young (36864K), 8 survivors (16384K)
 Metaspace       used 139238K, committed 141760K, reserved 1179648K
  class space    used 19281K, committed 20416K, reserved 1048576K
}
Event: 104.903 GC heap after
{Heap after GC invocations=95 (full 0):
 garbage-first heap   total 1005568K, used 429481K [0x0000000700000000, 0x0000000800000000)
  region size 2048K, 3 young (6144K), 3 survivors (6144K)
 Metaspace       used 139238K, committed 141760K, reserved 1179648K
  class space    used 19281K, committed 20416K, reserved 1048576K
}
Event: 108.432 GC heap before
{Heap before GC invocations=95 (full 0):
 garbage-first heap   total 1005568K, used 753065K [0x0000000700000000, 0x0000000800000000)
  region size 2048K, 162 young (331776K), 3 survivors (6144K)
 Metaspace       used 142057K, committed 144896K, reserved 1179648K
  class space    used 19633K, committed 20928K, reserved 1048576K
}
Event: 108.478 GC heap after
{Heap after GC invocations=96 (full 0):
 garbage-first heap   total 1005568K, used 462706K [0x0000000700000000, 0x0000000800000000)
  region size 2048K, 19 young (38912K), 19 survivors (38912K)
 Metaspace       used 142057K, committed 144896K, reserved 1179648K
  class space    used 19633K, committed 20928K, reserved 1048576K
}
Event: 111.928 GC heap before
{Heap before GC invocations=96 (full 0):
 garbage-first heap   total 1005568K, used 761714K [0x0000000700000000, 0x0000000800000000)
  region size 2048K, 166 young (339968K), 19 survivors (38912K)
 Metaspace       used 144823K, committed 147648K, reserved 1179648K
  class space    used 19900K, committed 21184K, reserved 1048576K
}
Event: 111.993 GC heap after
{Heap after GC invocations=97 (full 0):
 garbage-first heap   total 1005568K, used 482802K [0x0000000700000000, 0x0000000800000000)
  region size 2048K, 10 young (20480K), 10 survivors (20480K)
 Metaspace       used 144823K, committed 147648K, reserved 1179648K
  class space    used 19900K, committed 21184K, reserved 1048576K
}
Event: 114.410 GC heap before
{Heap before GC invocations=97 (full 0):
 garbage-first heap   total 1005568K, used 794098K [0x0000000700000000, 0x0000000800000000)
  region size 2048K, 161 young (329728K), 10 survivors (20480K)
 Metaspace       used 148694K, committed 151680K, reserved 1179648K
  class space    used 20240K, committed 21568K, reserved 1048576K
}
Event: 114.439 GC heap after
{Heap after GC invocations=98 (full 0):
 garbage-first heap   total 1005568K, used 495604K [0x0000000700000000, 0x0000000800000000)
  region size 2048K, 15 young (30720K), 15 survivors (30720K)
 Metaspace       used 148694K, committed 151680K, reserved 1179648K
  class space    used 20240K, committed 21568K, reserved 1048576K
}
Event: 119.220 GC heap before
{Heap before GC invocations=98 (full 0):
 garbage-first heap   total 1005568K, used 810996K [0x0000000700000000, 0x0000000800000000)
  region size 2048K, 170 young (348160K), 15 survivors (30720K)
 Metaspace       used 151423K, committed 154432K, reserved 1245184K
  class space    used 20478K, committed 21824K, reserved 1048576K
}
Event: 119.262 GC heap after
{Heap after GC invocations=99 (full 0):
 garbage-first heap   total 1005568K, used 502782K [0x0000000700000000, 0x0000000800000000)
  region size 2048K, 12 young (24576K), 12 survivors (24576K)
 Metaspace       used 151423K, committed 154432K, reserved 1245184K
  class space    used 20478K, committed 21824K, reserved 1048576K
}
Event: 131.107 GC heap before
{Heap before GC invocations=99 (full 0):
 garbage-first heap   total 1005568K, used 826366K [0x0000000700000000, 0x0000000800000000)
  region size 2048K, 171 young (350208K), 12 survivors (24576K)
 Metaspace       used 153090K, committed 156096K, reserved 1245184K
  class space    used 20655K, committed 22016K, reserved 1048576K
}
Event: 131.135 GC heap after
{Heap after GC invocations=100 (full 0):
 garbage-first heap   total 1005568K, used 509323K [0x0000000700000000, 0x0000000800000000)
  region size 2048K, 15 young (30720K), 15 survivors (30720K)
 Metaspace       used 153090K, committed 156096K, reserved 1245184K
  class space    used 20655K, committed 22016K, reserved 1048576K
}
Event: 148.981 GC heap before
{Heap before GC invocations=100 (full 0):
 garbage-first heap   total 1005568K, used 837003K [0x0000000700000000, 0x0000000800000000)
  region size 2048K, 176 young (360448K), 15 survivors (30720K)
 Metaspace       used 153244K, committed 156352K, reserved 1245184K
  class space    used 20676K, committed 22080K, reserved 1048576K
}
Event: 149.186 GC heap after
{Heap after GC invocations=101 (full 0):
 garbage-first heap   total 1005568K, used 516901K [0x0000000700000000, 0x0000000800000000)
  region size 2048K, 14 young (28672K), 14 survivors (28672K)
 Metaspace       used 153244K, committed 156352K, reserved 1245184K
  class space    used 20676K, committed 22080K, reserved 1048576K
}

Deoptimization events (20 events):
Event: 145.010 Thread 0x000001dbabf93dc0 DEOPT PACKING pc=0x000001db4f6bda7c sp=0x000000b898bfc780
Event: 145.010 Thread 0x000001dbabf93dc0 DEOPT UNPACKING pc=0x000001db4ec123a3 sp=0x000000b898bfc798 mode 2
Event: 145.379 Thread 0x000001dbabf93dc0 Uncommon trap: trap_request=0xffffffc6 fr.pc=0x000001db4f6bda7c relative=0x000000000000143c
Event: 145.379 Thread 0x000001dbabf93dc0 Uncommon trap: reason=bimorphic_or_optimized_type_check action=maybe_recompile pc=0x000001db4f6bda7c method=org.gradle.internal.fingerprint.classpath.impl.ClasspathFingerprintingStrategy$ClasspathFingerprintingVisitor.visitEntry(Lorg/gradle/internal/snaps
Event: 145.379 Thread 0x000001dbabf93dc0 DEOPT PACKING pc=0x000001db4f6bda7c sp=0x000000b898bfc780
Event: 145.379 Thread 0x000001dbabf93dc0 DEOPT UNPACKING pc=0x000001db4ec123a3 sp=0x000000b898bfc798 mode 2
Event: 147.142 Thread 0x000001dbabf97a80 DEOPT PACKING pc=0x000001db488553fe sp=0x000000b898efb9f0
Event: 147.143 Thread 0x000001dbabf97a80 DEOPT UNPACKING pc=0x000001db4ec12b43 sp=0x000000b898efae88 mode 0
Event: 152.739 Thread 0x000001dbad01ac80 DEOPT PACKING pc=0x000001db49e86a9d sp=0x000000b896afb980
Event: 152.739 Thread 0x000001dbad01ac80 DEOPT UNPACKING pc=0x000001db4ec12b43 sp=0x000000b896afae10 mode 0
Event: 154.240 Thread 0x000001dbb49fc350 DEOPT PACKING pc=0x000001db49d7f287 sp=0x000000b89bdfe590
Event: 154.240 Thread 0x000001dbb49fc350 DEOPT UNPACKING pc=0x000001db4ec12b43 sp=0x000000b89bdfda58 mode 0
Event: 154.276 Thread 0x000001dbad01b6a0 DEOPT PACKING pc=0x000001db49ee53ab sp=0x000000b896ffb800
Event: 154.276 Thread 0x000001dbad01b6a0 DEOPT UNPACKING pc=0x000001db4ec12b43 sp=0x000000b896ffad00 mode 0
Event: 154.375 Thread 0x000001dbad01b6a0 DEOPT PACKING pc=0x000001db49e9369a sp=0x000000b896ffb820
Event: 154.375 Thread 0x000001dbad01b6a0 DEOPT UNPACKING pc=0x000001db4ec12b43 sp=0x000000b896ffad08 mode 0
Event: 154.523 Thread 0x000001dbad01b6a0 Uncommon trap: trap_request=0xffffff45 fr.pc=0x000001db501cc008 relative=0x00000000000063e8
Event: 154.523 Thread 0x000001dbad01b6a0 Uncommon trap: reason=unstable_if action=reinterpret pc=0x000001db501cc008 method=org.jetbrains.org.objectweb.asm.ClassReader.readElementValue(Lorg/jetbrains/org/objectweb/asm/AnnotationVisitor;ILjava/lang/String;[C)I @ 102 c2
Event: 154.523 Thread 0x000001dbad01b6a0 DEOPT PACKING pc=0x000001db501cc008 sp=0x000000b896ffb720
Event: 154.523 Thread 0x000001dbad01b6a0 DEOPT UNPACKING pc=0x000001db4ec123a3 sp=0x000000b896ffb6c0 mode 2

Classes unloaded (4 events):
Event: 97.788 Thread 0x000001db6339ad70 Unloading class 0x000001db65b58400 'java/lang/invoke/LambdaForm$DMH+0x000001db65b58400'
Event: 97.788 Thread 0x000001db6339ad70 Unloading class 0x000001db65b40000 'java/lang/invoke/LambdaForm$DMH+0x000001db65b40000'
Event: 97.788 Thread 0x000001db6339ad70 Unloading class 0x000001db65b24c00 'java/lang/invoke/LambdaForm$MH+0x000001db65b24c00'
Event: 97.788 Thread 0x000001db6339ad70 Unloading class 0x000001db65b24000 'java/lang/invoke/LambdaForm$DMH+0x000001db65b24000'

Classes redefined (0 events):
No events

Internal exceptions (20 events):
Event: 154.527 Thread 0x000001dbabf97a80 Exception <a 'sun/nio/fs/WindowsException'{0x000000073ab83670}> (0x000000073ab83670) 
thrown [s\open\src\hotspot\share\prims\jni.cpp, line 516]
Event: 154.654 Thread 0x000001dbabf97a80 Exception <a 'sun/nio/fs/WindowsException'{0x000000073a812e00}> (0x000000073a812e00) 
thrown [s\open\src\hotspot\share\prims\jni.cpp, line 516]
Event: 154.696 Thread 0x000001dbabf93dc0 Exception <a 'sun/nio/fs/WindowsException'{0x000000073a8b75e0}> (0x000000073a8b75e0) 
thrown [s\open\src\hotspot\share\prims\jni.cpp, line 516]
Event: 154.935 Thread 0x000001dbabf93dc0 Exception <a 'sun/nio/fs/WindowsException'{0x000000073a75a5e0}> (0x000000073a75a5e0) 
thrown [s\open\src\hotspot\share\prims\jni.cpp, line 516]
Event: 155.022 Thread 0x000001dbad940030 Exception <a 'sun/nio/fs/WindowsException'{0x000000073a55a4f8}> (0x000000073a55a4f8) 
thrown [s\open\src\hotspot\share\prims\jni.cpp, line 516]
Event: 155.110 Thread 0x000001dbabf93dc0 Exception <a 'sun/nio/fs/WindowsException'{0x000000073a7767a0}> (0x000000073a7767a0) 
thrown [s\open\src\hotspot\share\prims\jni.cpp, line 516]
Event: 155.236 Thread 0x000001dbad940030 Exception <a 'sun/nio/fs/WindowsException'{0x000000073a57c788}> (0x000000073a57c788) 
thrown [s\open\src\hotspot\share\prims\jni.cpp, line 516]
Event: 155.360 Thread 0x000001dbad940030 Exception <a 'sun/nio/fs/WindowsException'{0x000000073a59aa48}> (0x000000073a59aa48) 
thrown [s\open\src\hotspot\share\prims\jni.cpp, line 516]
Event: 155.627 Thread 0x000001dbad940030 Exception <a 'sun/nio/fs/WindowsException'{0x0000000739d32240}> (0x0000000739d32240) 
thrown [s\open\src\hotspot\share\prims\jni.cpp, line 516]
Event: 155.683 Thread 0x000001dbad940030 Exception <a 'sun/nio/fs/WindowsException'{0x0000000739df9f68}> (0x0000000739df9f68) 
thrown [s\open\src\hotspot\share\prims\jni.cpp, line 516]
Event: 156.543 Thread 0x000001dbabf97a80 Exception <a 'sun/nio/fs/WindowsException'{0x00000007396e9008}> (0x00000007396e9008) 
thrown [s\open\src\hotspot\share\prims\jni.cpp, line 516]
Event: 156.813 Thread 0x000001dbabf97a80 Exception <a 'sun/nio/fs/WindowsException'{0x00000007394728b8}> (0x00000007394728b8) 
thrown [s\open\src\hotspot\share\prims\jni.cpp, line 516]
Event: 156.898 Thread 0x000001dbabf93dc0 Exception <a 'sun/nio/fs/WindowsException'{0x000000073950e178}> (0x000000073950e178) 
thrown [s\open\src\hotspot\share\prims\jni.cpp, line 516]
Event: 157.074 Thread 0x000001dbabf93dc0 Exception <a 'sun/nio/fs/WindowsException'{0x000000073952afd0}> (0x000000073952afd0) 
thrown [s\open\src\hotspot\share\prims\jni.cpp, line 516]
Event: 157.176 Thread 0x000001dbabf97a80 Exception <a 'sun/nio/fs/WindowsException'{0x0000000739494a98}> (0x0000000739494a98) 
thrown [s\open\src\hotspot\share\prims\jni.cpp, line 516]
Event: 157.310 Thread 0x000001dbabf97a80 Exception <a 'sun/nio/fs/WindowsException'{0x00000007390bd568}> (0x00000007390bd568) 
thrown [s\open\src\hotspot\share\prims\jni.cpp, line 516]
Event: 157.523 Thread 0x000001dbabf93dc0 Exception <a 'sun/nio/fs/WindowsException'{0x0000000738ebd0a0}> (0x0000000738ebd0a0) 
thrown [s\open\src\hotspot\share\prims\jni.cpp, line 516]
Event: 157.580 Thread 0x000001dbabf93dc0 Exception <a 'sun/nio/fs/WindowsException'{0x0000000738ed9110}> (0x0000000738ed9110) 
thrown [s\open\src\hotspot\share\prims\jni.cpp, line 516]
Event: 157.600 Thread 0x000001dbabf97a80 Exception <a 'sun/nio/fs/WindowsException'{0x0000000738f5f948}> (0x0000000738f5f948) 
thrown [s\open\src\hotspot\share\prims\jni.cpp, line 516]
Event: 157.841 Thread 0x000001dbabf97a80 Exception <a 'sun/nio/fs/WindowsException'{0x0000000738c17d40}> (0x0000000738c17d40) 
thrown [s\open\src\hotspot\share\prims\jni.cpp, line 516]

VM Operations (20 events):
Event: 151.225 Executing VM operation: Cleanup
Event: 151.257 Executing VM operation: Cleanup done
Event: 153.263 Executing VM operation: Cleanup
Event: 153.417 Executing VM operation: Cleanup done
Event: 154.420 Executing VM operation: Cleanup
Event: 154.483 Executing VM operation: Cleanup done
Event: 155.495 Executing VM operation: Cleanup
Event: 155.517 Executing VM operation: Cleanup done
Event: 156.526 Executing VM operation: Cleanup
Event: 156.542 Executing VM operation: Cleanup done
Event: 157.551 Executing VM operation: Cleanup
Event: 157.577 Executing VM operation: Cleanup done
Event: 157.986 Executing VM operation: HandshakeAllThreads
Event: 158.006 Executing VM operation: HandshakeAllThreads done
Event: 159.012 Executing VM operation: Cleanup
Event: 159.047 Executing VM operation: Cleanup done
Event: 159.191 Executing VM operation: HandshakeAllThreads
Event: 159.232 Executing VM operation: HandshakeAllThreads done
Event: 160.239 Executing VM operation: Cleanup
Event: 160.271 Executing VM operation: Cleanup done

Events (20 events):
Event: 159.340 Thread 0x000001db633e5af0 flushing nmethod 0x000001db49d2b590
Event: 159.341 Thread 0x000001db633e5af0 flushing nmethod 0x000001db49d5c310
Event: 159.341 Thread 0x000001db633e5af0 flushing nmethod 0x000001db49d69310
Event: 159.341 Thread 0x000001db633e5af0 flushing nmethod 0x000001db49d6c690
Event: 159.341 Thread 0x000001db633e5af0 flushing nmethod 0x000001db49d6db10
Event: 159.341 Thread 0x000001db633e5af0 flushing nmethod 0x000001db49d77590
Event: 159.342 Thread 0x000001db633e5af0 flushing nmethod 0x000001db49df8090
Event: 159.342 Thread 0x000001db633e5af0 flushing nmethod 0x000001db49df9b90
Event: 159.342 Thread 0x000001db633e5af0 flushing nmethod 0x000001db49dfe090
Event: 159.342 Thread 0x000001db633e5af0 flushing nmethod 0x000001db49e0e190
Event: 159.342 Thread 0x000001db633e5af0 flushing nmethod 0x000001db49e0e490
Event: 159.342 Thread 0x000001db633e5af0 flushing nmethod 0x000001db49e15a90
Event: 159.342 Thread 0x000001db633e5af0 flushing nmethod 0x000001db49e17b90
Event: 159.342 Thread 0x000001db633e5af0 flushing nmethod 0x000001db49e39590
Event: 159.343 Thread 0x000001db633e5af0 flushing nmethod 0x000001db49ea0810
Event: 159.344 Thread 0x000001db633e5af0 flushing nmethod 0x000001db49ef4b90
Event: 159.345 Thread 0x000001db633e5af0 flushing nmethod 0x000001db49f12f10
Event: 159.345 Thread 0x000001db633e5af0 flushing nmethod 0x000001db49f82210
Event: 159.345 Thread 0x000001db633e5af0 flushing nmethod 0x000001db49f89010
Event: 159.347 Thread 0x000001db633e5af0 flushing nmethod 0x000001db4a0a9410


Dynamic libraries:
0x00007ff6cfca0000 - 0x00007ff6cfcb0000 	C:\Program Files\Java\jdk-17\bin\java.exe
0x00007ff9f7ac0000 - 0x00007ff9f7d26000 	C:\WINDOWS\SYSTEM32\ntdll.dll
0x00007ff9f6050000 - 0x00007ff9f6119000 	C:\WINDOWS\System32\KERNEL32.DLL
0x00007ff9f51a0000 - 0x00007ff9f559e000 	C:\WINDOWS\System32\KERNELBASE.dll
0x00007ff9f4ce0000 - 0x00007ff9f4e2c000 	C:\WINDOWS\System32\ucrtbase.dll
0x00007ff9defd0000 - 0x00007ff9defe9000 	C:\Program Files\Java\jdk-17\bin\jli.dll
0x00007ff9dd2e0000 - 0x00007ff9dd2fb000 	C:\Program Files\Java\jdk-17\bin\VCRUNTIME140.dll
0x00007ff9f6ea0000 - 0x00007ff9f6f57000 	C:\WINDOWS\System32\ADVAPI32.dll
0x00007ff9f6800000 - 0x00007ff9f68a9000 	C:\WINDOWS\System32\msvcrt.dll
0x00007ff9f6120000 - 0x00007ff9f61ca000 	C:\WINDOWS\System32\sechost.dll
0x00007ff9f58b0000 - 0x00007ff9f59c8000 	C:\WINDOWS\System32\RPCRT4.dll
0x00007ff9f6cd0000 - 0x00007ff9f6e97000 	C:\WINDOWS\System32\USER32.dll
0x00007ff9dfe50000 - 0x00007ff9e00e2000 	C:\WINDOWS\WinSxS\amd64_microsoft.windows.common-controls_6595b64144ccf1df_6.0.26100.8894_none_3e0f749ee32e02ea\COMCTL32.dll
0x00007ff9f5640000 - 0x00007ff9f5667000 	C:\WINDOWS\System32\win32u.dll
0x00007ff9f6c40000 - 0x00007ff9f6c6b000 	C:\WINDOWS\System32\GDI32.dll
0x00007ff9f4fc0000 - 0x00007ff9f50ea000 	C:\WINDOWS\System32\gdi32full.dll
0x00007ff9f50f0000 - 0x00007ff9f5193000 	C:\WINDOWS\System32\msvcp_win.dll
0x00007ff9ec170000 - 0x00007ff9ec17b000 	C:\WINDOWS\SYSTEM32\VERSION.dll
0x00007ff9f6010000 - 0x00007ff9f6042000 	C:\WINDOWS\System32\IMM32.DLL
0x00007ff9eb090000 - 0x00007ff9eb09c000 	C:\Program Files\Java\jdk-17\bin\vcruntime140_1.dll
0x00007ff9cd480000 - 0x00007ff9cd50e000 	C:\Program Files\Java\jdk-17\bin\msvcp140.dll
0x00007ff9a2ae0000 - 0x00007ff9a36c0000 	C:\Program Files\Java\jdk-17\bin\server\jvm.dll
0x00007ff9f7030000 - 0x00007ff9f7038000 	C:\WINDOWS\System32\PSAPI.DLL
0x00007ff9dcc10000 - 0x00007ff9dcc1a000 	C:\WINDOWS\SYSTEM32\WSOCK32.dll
0x00007ff9f5af0000 - 0x00007ff9f5b70000 	C:\WINDOWS\System32\WS2_32.dll
0x00007ff9e34a0000 - 0x00007ff9e34d6000 	C:\WINDOWS\SYSTEM32\WINMM.dll
0x00007ff9f39c0000 - 0x00007ff9f39db000 	C:\WINDOWS\SYSTEM32\kernel.appcore.dll
0x00007ff9eaf80000 - 0x00007ff9eaf8a000 	C:\Program Files\Java\jdk-17\bin\jimage.dll
0x00007ff9f2540000 - 0x00007ff9f2782000 	C:\WINDOWS\SYSTEM32\DBGHELP.DLL
0x00007ff9f68b0000 - 0x00007ff9f6c33000 	C:\WINDOWS\System32\combase.dll
0x00007ff9f66b0000 - 0x00007ff9f6789000 	C:\WINDOWS\System32\OLEAUT32.dll
0x00007ff9edf70000 - 0x00007ff9edfab000 	C:\WINDOWS\SYSTEM32\dbgcore.DLL
0x00007ff9f4e40000 - 0x00007ff9f4eec000 	C:\WINDOWS\System32\bcryptPrimitives.dll
0x00007ff9dcd30000 - 0x00007ff9dcd3e000 	C:\Program Files\Java\jdk-17\bin\instrument.dll
0x00007ff9db560000 - 0x00007ff9db585000 	C:\Program Files\Java\jdk-17\bin\java.dll
0x00007ff9be1a0000 - 0x00007ff9be277000 	C:\Program Files\Java\jdk-17\bin\jsvml.dll
0x00007ff9f72e0000 - 0x00007ff9f7a72000 	C:\WINDOWS\System32\SHELL32.dll
0x00007ff9f27c0000 - 0x00007ff9f3052000 	C:\WINDOWS\SYSTEM32\windows.storage.dll
0x00007ff9f71e0000 - 0x00007ff9f72d7000 	C:\WINDOWS\System32\SHCORE.dll
0x00007ff9f6f70000 - 0x00007ff9f6fd7000 	C:\WINDOWS\System32\shlwapi.dll
0x00007ff9f4c00000 - 0x00007ff9f4c29000 	C:\WINDOWS\SYSTEM32\profapi.dll
0x00007ff9d8f60000 - 0x00007ff9d8f78000 	C:\Program Files\Java\jdk-17\bin\zip.dll
0x00007ff9dbde0000 - 0x00007ff9dbdf9000 	C:\Program Files\Java\jdk-17\bin\net.dll
0x00007ff9e5890000 - 0x00007ff9e59b7000 	C:\WINDOWS\SYSTEM32\WINHTTP.dll
0x00007ff9f3f70000 - 0x00007ff9f3fdc000 	C:\WINDOWS\system32\mswsock.dll
0x00007ff9db5f0000 - 0x00007ff9db606000 	C:\Program Files\Java\jdk-17\bin\nio.dll
0x00007ff9eaf50000 - 0x00007ff9eaf60000 	C:\Program Files\Java\jdk-17\bin\verify.dll
0x00007ff9d13f0000 - 0x00007ff9d1417000 	C:\Users\USER\.gradle\native\1def1411415f61bf3af743bc5b6707747c0891f09f0c88961ee8f79bc544acac\windows-amd64\native-platform.dll
0x00007ff9c8ee0000 - 0x00007ff9c8f58000 	C:\Users\USER\.gradle\native\0.2.7\x86_64-windows-gnu\gradle-fileevents.dll
0x00007ff9ea3c0000 - 0x00007ff9ea3ca000 	C:\Program Files\Java\jdk-17\bin\management.dll
0x00007ff9e31f0000 - 0x00007ff9e31fb000 	C:\Program Files\Java\jdk-17\bin\management_ext.dll
0x00007ff9f3390000 - 0x00007ff9f33c3000 	C:\WINDOWS\SYSTEM32\IPHLPAPI.DLL
0x00007ff9f6f60000 - 0x00007ff9f6f6a000 	C:\WINDOWS\System32\NSI.dll
0x00007ff9e93c0000 - 0x00007ff9e93dd000 	C:\WINDOWS\SYSTEM32\dhcpcsvc6.DLL
0x00007ff9e5860000 - 0x00007ff9e5885000 	C:\WINDOWS\SYSTEM32\dhcpcsvc.DLL
0x00007ff9f3420000 - 0x00007ff9f3576000 	C:\WINDOWS\SYSTEM32\DNSAPI.dll
0x00007ff9f3d70000 - 0x00007ff9f3d7d000 	C:\WINDOWS\SYSTEM32\DSPARSE.dll
0x00007ff9f4270000 - 0x00007ff9f428b000 	C:\WINDOWS\SYSTEM32\CRYPTSP.dll
0x00007ff9f3920000 - 0x00007ff9f3959000 	C:\WINDOWS\system32\rsaenh.dll
0x00007ff9f4030000 - 0x00007ff9f4062000 	C:\WINDOWS\SYSTEM32\USERENV.dll
0x00007ff9f4bd0000 - 0x00007ff9f4bfa000 	C:\WINDOWS\SYSTEM32\bcrypt.dll
0x00007ff9f4290000 - 0x00007ff9f429c000 	C:\WINDOWS\SYSTEM32\CRYPTBASE.dll
0x00007ff9d8320000 - 0x00007ff9d832e000 	C:\Program Files\Java\jdk-17\bin\sunmscapi.dll
0x00007ff9f5670000 - 0x00007ff9f57e8000 	C:\WINDOWS\System32\CRYPT32.dll
0x00007ff9f44b0000 - 0x00007ff9f44e0000 	C:\WINDOWS\SYSTEM32\ncrypt.dll
0x00007ff9f4460000 - 0x00007ff9f449f000 	C:\WINDOWS\SYSTEM32\NTASN1.dll
0x00007ff9ce800000 - 0x00007ff9ce808000 	C:\WINDOWS\system32\wshunix.dll
0x00007ff9be480000 - 0x00007ff9be498000 	C:\WINDOWS\system32\napinsp.dll
0x00007ff9be6b0000 - 0x00007ff9be6c3000 	C:\WINDOWS\System32\winrnr.dll
0x00007ff9be6d0000 - 0x00007ff9be6f2000 	C:\WINDOWS\system32\nlansp_c.dll
0x00007ff9e5a80000 - 0x00007ff9e5a96000 	C:\WINDOWS\system32\wshbth.dll
0x00007ff9e2c60000 - 0x00007ff9e2c6b000 	C:\Windows\System32\rasadhlp.dll
0x00007ff9e4f20000 - 0x00007ff9e4fa6000 	C:\WINDOWS\System32\fwpuclnt.dll

dbghelp: loaded successfully - version: 4.0.5 - missing functions: none
symbol engine: initialized successfully - sym options: 0x614 - pdb path: .;C:\Program Files\Java\jdk-17\bin;C:\WINDOWS\SYSTEM32;C:\WINDOWS\WinSxS\amd64_microsoft.windows.common-controls_6595b64144ccf1df_6.0.26100.8894_none_3e0f749ee32e02ea;C:\Program Files\Java\jdk-17\bin\server;C:\Users\USER\.gradle\native\1def1411415f61bf3af743bc5b6707747c0891f09f0c88961ee8f79bc544acac\windows-amd64;C:\Users\USER\.gradle\native\0.2.7\x86_64-windows-gnu

VM Arguments:
jvm_args: --add-opens=java.base/java.lang=ALL-UNNAMED --add-opens=java.base/java.lang.invoke=ALL-UNNAMED --add-opens=java.base/java.util=ALL-UNNAMED --add-opens=java.prefs/java.util.prefs=ALL-UNNAMED --add-exports=jdk.compiler/com.sun.tools.javac.api=ALL-UNNAMED --add-exports=jdk.compiler/com.sun.tools.javac.util=ALL-UNNAMED --add-opens=java.base/java.util=ALL-UNNAMED --add-opens=java.prefs/java.util.prefs=ALL-UNNAMED --add-opens=java.base/java.nio.charset=ALL-UNNAMED --add-opens=java.base/java.net=ALL-UNNAMED --add-opens=java.base/java.util.concurrent.atomic=ALL-UNNAMED --add-opens=java.xml/javax.xml.namespace=ALL-UNNAMED -XX:+HeapDumpOnOutOfMemoryError -Xmx4096m -Dfile.encoding=windows-1252 -Duser.country=US -Duser.language=en -Duser.variant -javaagent:C:\Users\USER\.gradle\wrapper\dists\gradle-8.14.3-bin\cv11ve7ro1n3o1j4so8xd9n66\gradle-8.14.3\lib\agents\gradle-instrumentation-agent-8.14.3.jar 
java_command: org.gradle.launcher.daemon.bootstrap.GradleDaemon 8.14.3
java_class_path (initial): C:\Users\USER\.gradle\wrapper\dists\gradle-8.14.3-bin\cv11ve7ro1n3o1j4so8xd9n66\gradle-8.14.3\lib\gradle-daemon-main-8.14.3.jar
Launcher Type: SUN_STANDARD

[Global flags]
     intx CICompilerCount                          = 4                                         {product} {ergonomic}
     uint ConcGCThreads                            = 2                                         {product} {ergonomic}
     uint G1ConcRefinementThreads                  = 8                                         {product} {ergonomic}
   size_t G1HeapRegionSize                         = 2097152                                   {product} {ergonomic}
    uintx GCDrainStackTargetSize                   = 64                                        {product} {ergonomic}
     bool HeapDumpOnOutOfMemoryError               = true                                   {manageable} {command line}
   size_t InitialHeapSize                          = 134217728                                 {product} {ergonomic}
   size_t MarkStackSize                            = 4194304                                   {product} {ergonomic}
   size_t MaxHeapSize                              = 4294967296                                {product} {command line}
   size_t MaxNewSize                               = 2575302656                                {product} {ergonomic}
   size_t MinHeapDeltaBytes                        = 2097152                                   {product} {ergonomic}
   size_t MinHeapSize                              = 8388608                                   {product} {ergonomic}
    uintx NonNMethodCodeHeapSize                   = 5839372                                {pd product} {ergonomic}
    uintx NonProfiledCodeHeapSize                  = 122909434                              {pd product} {ergonomic}
    uintx ProfiledCodeHeapSize                     = 122909434                              {pd product} {ergonomic}
    uintx ReservedCodeCacheSize                    = 251658240                              {pd product} {ergonomic}
     bool SegmentedCodeCache                       = true                                      {product} {ergonomic}
   size_t SoftMaxHeapSize                          = 4294967296                             {manageable} {ergonomic}
     bool UseCompressedClassPointers               = true                           {product lp64_product} {ergonomic}
     bool UseCompressedOops                        = true                           {product lp64_product} {ergonomic}
     bool UseG1GC                                  = true                                      {product} {ergonomic}
     bool UseLargePagesIndividualAllocation        = false                                  {pd product} {ergonomic}

Logging:
Log output configuration:
 #0: stdout all=warning uptime,level,tags
 #1: stderr all=off uptime,level,tags

Environment Variables:
PATH=c:\Users\USER\AppData\Roaming\Code\User\globalStorage\github.copilot-chat\debugCommand;c:\Users\USER\AppData\Roaming\Code\User\globalStorage\github.copilot-chat\copilotCli;C:\Program Files\Common Files\Oracle\Java\javapath;C:\Python313\Scripts\;C:\Python313\;C:\WINDOWS\system32;C:\WINDOWS;C:\WINDOWS\System32\Wbem;C:\WINDOWS\System32\WindowsPowerShell\v1.0\;C:\WINDOWS\System32\OpenSSH\;C:\ProgramData\chocolatey\bin;C:\Program Files\Intel\WiFi\bin\;C:\Program Files\Common Files\Intel\WirelessCommon\;C:\Program Files\Git\cmd;adb devices;C:\Users\USER\AppData\Local\Android\Sdk\platform-tools;C:\Users\USER\AppData\Local\Android\Sdk\emulator;C:\Users\USER\AppData\Local\Android\Sdk\tools;C:\Users\USER\AppData\Local\Android\Sdk\tools\bin;C:\Program Files\Amazon\AWSCLIV2\;%NVM_HOME%;%NVM_SYMLINK%;C:\Users\USER\AppData\Local\Microsoft\WindowsApps;C:\Users\USER\AppData\Roaming\npm;C:\Users\USER\AppData\Local\Programs\Microsoft VS Code\bin;C:\Users\USER\AppData\Local\Android\Sdk\platform-tools;C:\Users\USER\AppData\Local\Microsoft\WinGet\Packages\chmln.sd_Microsoft.Winget.Source_8wekyb3d8bbwe\sd-v1.0.0-x86_64-pc-windows-msvc;C:\Users\USER\AppData\Local\nvm;C:\nvm4w\nodejs
USERNAME=USER
LANG=en_US.UTF-8
OS=Windows_NT
PROCESSOR_IDENTIFIER=Intel64 Family 6 Model 142 Stepping 10, GenuineIntel



---------------  S Y S T E M  ---------------

OS:
 Windows 11 , 64 bit Build 26100 (10.0.26100.8875)
OS uptime: 10 days 5:05 hours

CPU: total 8 (initial active 8) (4 cores per cpu, 2 threads per core) family 6 model 142 stepping 10 microcode 0xf6, cx8, cmov, fxsr, ht, mmx, 3dnowpref, sse, sse2, sse3, ssse3, sse4.1, sse4.2, popcnt, lzcnt, tsc, tscinvbit, avx, avx2, aes, erms, clmul, bmi1, bmi2, rtm, adx, fma, vzeroupper, clflush, clflushopt

Memory: 4k page, system-wide physical 8067M (311M free)
TotalPageFile size 23317M (AvailPageFile size 1M)
current process WorkingSet (physical memory assigned to process): 284M, peak: 1203M
current process commit charge ("private bytes"): 1498M, peak: 1506M

vm_info: Java HotSpot(TM) 64-Bit Server VM (17.0.12+8-LTS-286) for windows-amd64 JRE (17.0.12+8-LTS-286), built on Jun  5 2024 06:46:59 by "mach5one" with MS VC++ 17.6 (VS2022)

END.
